Face,M20015,8,20815,Eye of the Lion (White)
Face,M20025,8,20825,Edge of Emotion (White)
Face,M20027,8,20827,Pensive Look (White)
Face,M20029,8,20829,Shade of Cool (White)
Face,M20030,0,20030,Arrogant Face (Black)
Face,M20030,1,20130,Arrogant Face (Blue)
Face,M20030,2,20230,Arrogant Face (Red)
Face,M20030,3,20330,Arrogant Face (Green)
Face,M20030,4,20430,Arrogant Face (Hazel)
Face,M20030,5,20530,Arrogant Face (Sapphire)
Face,M20030,6,20630,Arrogant Face (Violet)
Face,M20030,7,20730,Arrogant Face (Amethyst)
Face,M20030,8,20830,Arrogant Face (White)
Face,M20031,8,20831,Fearful Glance (White)
Face,M20032,8,20832,Compassionate Face (White)
Face,M20033,0,20033,Innocent Gaze (Black)
Face,M20033,1,20133,Innocent Gaze (Blue)
Face,M20033,2,20233,Innocent Gaze (Red)
Face,M20033,3,20333,Innocent Gaze (Green)
Face,M20033,4,20433,Innocent Gaze (Brown)
Face,M20033,5,20533,Innocent Gaze (Sapphire)
Face,M20033,6,20633,Innocent Gaze (Purple)
Face,M20033,7,20733,Innocent Gaze (Violet)
Face,M20033,8,20833,Innocent Gaze (White)
Face,M20035,0,20035,Distant Gaze (Black)
Face,M20035,1,20135,Distant Gaze (Blue)
Face,M20035,2,20235,Distant Gaze (Red)
Face,M20035,3,20335,Distant Gaze (Green)
Face,M20035,4,20435,Distant Gaze (Hazel)
Face,M20035,5,20535,Distant Gaze (Sapphire)
Face,M20035,6,20635,Distant Gaze (Violet)
Face,M20035,7,20735,Distant Gaze (Amethyst)
Face,M20035,8,20835,Distant Gaze (White)
Face,M20036,0,20036,Male Aran Face (Black)
Face,M20036,1,20136,Male Aran Face (Blue)
Face,M20036,2,20236,Male Aran Face (Red)
Face,M20036,3,20336,Male Aran Face (Green)
Face,M20036,4,20436,Male Aran Face (Hazel)
Face,M20036,5,20536,Male Aran Face (Sapphire)
Face,M20036,6,20636,Male Aran Face (Violet)
Face,M20036,7,20736,Male Aran Face (Amehtyst)
Face,M20036,8,20836,Male Aran Face (White)
Face,M20037,0,20037,Male Evan Face (Black)
Face,M20037,1,20137,Male Evan Face (Blue)
Face,M20037,2,20237,Male Evan Face (Red)
Face,M20037,3,20337,Male Evan Face (Green)
Face,M20037,4,20437,Male Evan Face (Hazel)
Face,M20037,5,20537,Male Evan Face (Sapphire)
Face,M20037,6,20637,Male Evan Face (Violet)
Face,M20037,7,20737,Male Evan Face (Amethyst)
Face,M20037,8,20837,Male Evan Face (White)
Face,M20038,0,20038,Marble Eyes (Black)
Face,M20038,1,20138,Marble Eyes (Blue)
Face,M20038,2,20238,Marble Eyes (Red)
Face,M20038,3,20338,Marble Eyes (Green)
Face,M20038,4,20438,Marble Eyes (Hazel)
Face,M20038,5,20538,Marble Eyes (Sapphire)
Face,M20038,6,20638,Marble Eyes (Violet)
Face,M20038,7,20738,Marble Eyes (Amethyst)
Face,M20038,8,20838,Marble Eyes (White)
Face,M20039,0,20039,Face 20039
Face,M20039,1,20139,Face 20139
Face,M20039,2,20239,Face 20239
Face,M20039,3,20339,Face 20339
Face,M20039,4,20439,Face 20439
Face,M20039,5,20539,Face 20539
Face,M20039,6,20639,Face 20639
Face,M20039,7,20739,Face 20739
Face,M20039,8,20839,Face 20839
Face,M20040,0,20040,Piercing Gaze (Black)
Face,M20040,1,20140,Piercing Gaze (Blue)
Face,M20040,2,20240,Piercing Gaze (Red)
Face,M20040,3,20340,Piercing Gaze (Green)
Face,M20040,4,20440,Piercing Gaze (Hazel)
Face,M20040,5,20540,Piercing Gaze (Sapphire)
Face,M20040,6,20640,Piercing Gaze (Violet)
Face,M20040,7,20740,Piercing Gaze (Amethyst)
Face,M20040,8,20840,Piercing Gaze (White)
Face,M20041,1,20141,Face 20141
Face,M20041,2,20241,Face 20241
Face,M20041,3,20341,Face 20341
Face,M20042,1,20142,Android Face (Blue)
Face,M20042,2,20242,Android Face (Red)
Face,M20042,3,20342,Android Face (Green)
Face,M20043,0,20043,Mysterious Face (Black)
Face,M20043,1,20143,Mysterious Face (Blue)
Face,M20043,2,20243,Mysterious Face (Red)
Face,M20043,3,20343,Mysterious Face (Green)
Face,M20043,4,20443,Mysterious Face (Hazel)
Face,M20043,5,20543,Mysterious Face (Sapphire)
Face,M20043,6,20643,Mysterious Face (Violet)
Face,M20043,7,20743,Mysterious Face (Amethyst)
Face,M20043,8,20843,Mysterious Face (White)
Face,M20044,0,20044,Bright Eyes (Black)
Face,M20044,1,20144,Bright Eyes (Blue)
Face,M20044,2,20244,Bright Eyes (Red)
Face,M20044,3,20344,Bright Eyes (Green)
Face,M20044,4,20444,Bright Eyes (Hazel)
Face,M20044,5,20544,Bright Eyes (Sapphire)
Face,M20044,6,20644,Bright Eyes (Violet)
Face,M20044,7,20744,Bright Eyes (Amethyst)
Face,M20044,8,20844,Bright Eyes (White)
Face,M20045,0,20045,Bad Mood Look (Black)
Face,M20045,1,20145,Bad Mood Look (Blue)
Face,M20045,2,20245,Bad Mood Look (Red)
Face,M20045,3,20345,Bad Mood Look (Green)
Face,M20045,4,20445,Bad Mood Look (Hazel)
Face,M20045,5,20545,Bad Mood Look (Sapphire)
Face,M20045,6,20645,Bad Mood Look (Violet)
Face,M20045,7,20745,Bad Mood Look (Amethyst)
Face,M20045,8,20845,Bad Mood Look (White)
Face,M20046,0,20046,Puppy Eyes Face (Black)
Face,M20046,1,20146,Puppy Eyes Face (Blue)
Face,M20046,2,20246,Puppy Eyes Face (Red)
Face,M20046,3,20346,Puppy Eyes Face (Green)
Face,M20046,4,20446,Puppy Eyes Face (Hazel)
Face,M20046,5,20546,Puppy Eyes Face (Sapphire)
Face,M20046,6,20646,Puppy Eyes Face (Violet)
Face,M20046,7,20746,Puppy Eyes Face (Amethyst)
Face,M20046,8,20846,Puppy Eyes Face (White)
Face,M20047,0,20047,Cartoon Face (Black)
Face,M20047,1,20147,Cartoon Face (Blue)
Face,M20047,2,20247,Cartoon Face (Red)
Face,M20047,3,20347,Cartoon Face (Green)
Face,M20047,4,20447,Cartoon Face (Hazel)
Face,M20047,5,20547,Cartoon Face (Sapphire)
Face,M20047,6,20647,Cartoon Face (Violet)
Face,M20047,7,20747,Cartoon Face (Amethyst)
Face,M20047,8,20847,Cartoon Face(White)
Face,M20048,0,20048,Dark Charisma (Black)
Face,M20048,1,20148,Dark Charisma (Blue)
Face,M20048,2,20248,Dark Charisma (Red)
Face,M20048,3,20348,Dark Charisma (Green)
Face,M20048,4,20448,Dark Charisma (Hazel)
Face,M20048,5,20548,Dark Charisma\r\n(Sapphire)
Face,M20048,6,20648,Dark Charisma\r\n(Violet)
Face,M20048,7,20748,Dark Charisma\r\n(Amethyst)
Face,M20048,8,20848,Dark Charisma(White)
Face,M20049,0,20049,Cool Elf Face (Black)
Face,M20049,1,20149,Cool Elf Face(Blue)
Face,M20049,2,20249,Cool Elf Face(Red)
Face,M20049,3,20349,Cool Elf Face (Green)
Face,M20049,4,20449,Cool Elf Face(Hazel)
Face,M20049,5,20549,Cool Elf Face(Sapphire)
Face,M20049,6,20649,Cool Elf Face(Violet)
Face,M20049,7,20749,Cool Elf Face(Amethyst)
Face,M20049,8,20849,Cool Elf Face(White)
Face,M20050,0,20050,Confused Look (Black)
Face,M20050,1,20150,Confused Look (Blue)
Face,M20050,2,20250,Confused Look (Red)
Face,M20050,3,20350,Confused Look (Green)
Face,M20050,4,20450,Confused Look (Hazel)
Face,M20050,5,20550,Confused Look (Sapphire)
Face,M20050,6,20650,Confused Look (Violet)
Face,M20050,7,20750,Confused Look (Amethyst)
Face,M20050,8,20850,Confused Look (White)
Face,M20051,0,20051,Nine-Tailed Fox Face
Face,M20051,1,20151,Nine-Tailed Fox Face (Blue)
Face,M20051,2,20251,Nine-Tailed Fox Face (Red)
Face,M20051,3,20351,Nine-Tailed Fox Face (Green)
Face,M20051,4,20451,Nine-Tailed Fox Face (Hazel)
Face,M20051,5,20551,Nine-Tailed Fox Face (Sapphire)
Face,M20051,6,20651,Nine-Tailed Fox Face (Violet)
Face,M20051,7,20751,Nine-Tailed Fox Face (Amethyst)
Face,M20051,8,20851,Cat-eyed face (White)
Face,M20052,0,20052,Look of Evil (Black)
Face,M20052,1,20152,Look of Evil (Blue)
Face,M20052,2,20252,Look of Evil (Red)
Face,M20052,3,20352,Look of Evil (Green)
Face,M20052,4,20452,Look of Evil (Hazel)
Face,M20052,5,20552,Look of Evil (Sapphire)
Face,M20052,6,20652,Look of Evil (Violet)
Face,M20052,7,20752,Look of Evil (Amethyst)
Face,M20052,8,20852,Look of Evil (White)
Face,M20053,0,20053,Crow Face (Black)
Face,M20053,1,20153,Crow Face (Blue)
Face,M20053,2,20253,Crow Face (Red)
Face,M20053,3,20353,Crow Face (Green)
Face,M20053,4,20453,Crow Face (Hazel)
Face,M20053,5,20553,Crow Face (Sapphire)
Face,M20053,6,20653,Crow Face (Violet)
Face,M20053,7,20753,Crow Face (Amethyst)
Face,M20053,8,20853,Crow Face (White)
Face,M20054,0,20054,Starling Face (Black)
Face,M20054,1,20154,Starling Face (Blue)
Face,M20054,2,20254,Starling Face (Red)
Face,M20054,3,20354,Starling Face (Green)
Face,M20054,4,20454,Starling Face (Hazel)
Face,M20054,5,20554,Starling Face (Sapphire)
Face,M20054,6,20654,Starling Face (Violet)
Face,M20054,7,20754,Starling Face (Amethyst)
Face,M20054,8,20854,Starling Face (White)
Face,M20055,0,20055,Round-Eyed Face (Black)
Face,M20055,1,20155,Round-Eyed Face (Blue)
Face,M20055,2,20255,Round-Eyed Face (Red)
Face,M20055,3,20355,Round-Eyed Face (Green)
Face,M20055,4,20455,Round-Eyed Face (Hazel)
Face,M20055,5,20555,Round-Eyed Face (Sapphire)
Face,M20055,6,20655,Round-Eyed Face (Violet)
Face,M20055,7,20755,Round-Eyed Face (Amethyst)
Face,M20055,8,20855,Round-Eyed Face (White)
Face,M20056,0,20056,Odd-Eyed Face (Black)
Face,M20056,1,20156,Odd-Eyed Face(Blue)
Face,M20056,2,20256,Odd-Eyed Face (Red)
Face,M20056,3,20356,Odd-Eyed Face (Green)
Face,M20056,4,20456,Odd-Eyed Face (Hazel)
Face,M20056,5,20556,Odd-Eyed Face(Sapphire)
Face,M20056,6,20656,Odd-Eyed Face(Violet)
Face,M20056,7,20756,Odd-Eyed Face(Amethyst)
Face,M20056,8,20856,Odd-Eyed Face(White)
Face,M20057,0,20057,Gentle Elf Face(Black)
Face,M20057,1,20157,Gentle Elf Face(Blue)
Face,M20057,2,20257,Gentle Elf Face (Red)
Face,M20057,3,20357,Gentle Elf Face (Green)
Face,M20057,4,20457,Gentle Elf Face (Hazel)
Face,M20057,5,20557,Gentle Elf Face(Sapphire)
Face,M20057,6,20657,Gentle Elf Face(Violet)
Face,M20057,7,20757,Gentle Elf Face(Amethyst)
Face,M20057,8,20857,Gentle Elf Face(White)
Face,M20058,0,20058,Glamor Look(Black)
Face,M20058,1,20158,Glamor Look(Blue)
Face,M20058,2,20258,Glamor Look (Red)
Face,M20058,3,20358,Glamor Look (Green)
Face,M20058,4,20458,Glamor Look (Hazel)
Face,M20058,5,20558,Glamor Look(Sapphire)
Face,M20058,6,20658,Glamor Look(Violet)
Face,M20058,7,20758,Glamor Look(Amethyst)
Face,M20058,8,20858,Glamor Look(White)
Face,M20059,0,20059,Posh Look(Black)
Face,M20059,1,20159,Posh Look(Blue)
Face,M20059,2,20259,Posh Look (Red)
Face,M20059,3,20359,Posh Look (Green)
Face,M20059,4,20459,Posh Look (Hazel)
Face,M20059,5,20559,Posh Look(Sapphire)
Face,M20059,6,20659,Posh Look(Violet)
Face,M20059,7,20759,Posh Look(Amethyst)
Face,M20059,8,20859,Posh Look(White)
Face,M20060,0,20060,Teacher's Pet Look (Black)
Face,M20060,1,20160,Teacher's Pet Look (Blue)
Face,M20060,2,20260,Teacher's Pet Look (Red)
Face,M20060,3,20360,Teacher's Pet Look (Green)
Face,M20060,4,20460,Teacher's Pet Look (Hazel)
Face,M20060,5,20560,Teacher's Pet Look (Sapphire)
Face,M20060,6,20660,Teacher's Pet Look (Violet)
Face,M20060,7,20760,Teacher's Pet Look (Amethyst)
Face,M20060,8,20860,Teacher's Pet Look (White)
Face,M20061,0,20061,Cattertons Face(Black)
Face,M20061,1,20161,Cattertons Face (Blue)
Face,M20061,2,20261,Cattertons Face (Red)
Face,M20061,3,20361,Cattertons Face (Green)
Face,M20061,4,20461,Cattertons Face (Hazel)
Face,M20061,5,20561,Cattertons Face(Sapphire)
Face,M20061,6,20661,Cattertons Face(Violet)
Face,M20061,7,20761,Cattertons Face(Amethyst)
Face,M20061,8,20861,Cattertons Face
Face,M20062,0,20062,Sharp Eyes (Black)
Face,M20062,1,20162,Sharp Eyes (Blue)
Face,M20062,2,20262,Sharp Eyes (Red)
Face,M20062,3,20362,Sharp Eyes (Green)
Face,M20062,4,20462,Sharp Eyes (Hazel)
Face,M20062,5,20562,Sharp Eyes (Sapphire)
Face,M20062,6,20662,Sharp Eyes (Violet)
Face,M20062,7,20762,Sharp Eyes (Amethyst)
Face,M20062,8,20862,Sharp Eyes (White)
Face,M20063,0,20063,Refreshing Face (Black)
Face,M20063,1,20163,Refreshing Face (Blue)
Face,M20063,2,20263,Refreshing Face (Red)
Face,M20063,3,20363,Refreshing Face (Green)
Face,M20063,4,20463,Refreshing Face (Hazel)
Face,M20063,5,20563,Refreshing Face (Sapphire)
Face,M20063,6,20663,Refreshing Face (Violet)
Face,M20063,7,20763,Refreshing Face (Amethyst)
Face,M20063,8,20863,Refreshing Face (White)
Face,M20064,0,20064,Intelligent Eyes (Black)
Face,M20064,1,20164,Intelligent Eyes (Blue)
Face,M20064,2,20264,Intelligent Eyes (Red)
Face,M20064,3,20364,Intelligent Eyes (Green)
Face,M20064,4,20464,Intelligent Eyes (Hazel)
Face,M20064,5,20564,Intelligent Eyes (Sapphire)
Face,M20064,6,20664,Intelligent Eyes (Violet)
Face,M20064,7,20764,Intelligent Eyes (Amethyst)
Face,M20064,8,20864,Intelligent Eyes (White)
Face,M20065,0,20065,Charismatic Dual Blade(Black)
Face,M20065,1,20165,Charismatic Dual Blade (Blue)
Face,M20065,2,20265,Charismatic Dual Blade (Red)
Face,M20065,3,20365,Charismatic Dual Blade (Green)
Face,M20065,4,20465,Charismatic Dual Blade (Hazel)
Face,M20065,5,20565,Charismatic Dual Blade(Sapphire)
Face,M20065,6,20665,Charismatic Dual Blade(Violet)
Face,M20065,7,20765,Charismatic Dual Blade(Amethyst)
Face,M20065,8,20865,Charismatic Dual Blade(White)
Face,M20066,0,20066,Sulky Look (Male) (Black)
Face,M20066,1,20166,Sulky Look (Male) (Blue)
Face,M20066,2,20266,Sulky Look (Male) (Red)
Face,M20066,3,20366,Sulky Look (Male) (Green)
Face,M20066,4,20466,Sulky Look (Male) (Brown)
Face,M20066,5,20566,Sulky Look (Male) (Sapphire)
Face,M20066,6,20666,Sulky Look (Male) (Violet)
Face,M20066,7,20766,Sulky Look (Male) (Amethyst)
Face,M20066,8,20866,Sulky Look (Male) (White)
Face,M20067,0,20067,Innocent Face (Black)
Face,M20067,1,20167,Innocent Face (Blue)
Face,M20067,2,20267,Innocent Face (Red)
Face,M20067,3,20367,Innocent Face (Green)
Face,M20067,4,20467,Innocent Face (Hazel)
Face,M20067,5,20567,Innocent Face (Sapphire)
Face,M20067,6,20667,Innocent Face (Violet)
Face,M20067,7,20767,Innocent Face (Amethyst)
Face,M20067,8,20867,Innocent Face (White)
Face,M20068,0,20068,Teary-Eyed Face(Black)
Face,M20068,1,20168,Teary-Eyed Face (Blue)
Face,M20068,2,20268,Teary-Eyed Face (Red)
Face,M20068,3,20368,Teary-Eyed Face (Green)
Face,M20068,4,20468,Teary-Eyed Face (Hazel)
Face,M20068,5,20568,Teary-Eyed Face(Sapphire)
Face,M20068,6,20668,Teary-Eyed Face(Violet)
Face,M20068,7,20768,Teary-Eyed Face(Amethyst)
Face,M20068,8,20868,Teary Eyes (Male) (White)
Face,M20069,0,20069,Mihile Face(Black)
Face,M20069,1,20169,Mihile Face (Blue)
Face,M20069,2,20269,Mihile Face (Red)
Face,M20069,3,20369,Mihile Face (Green)
Face,M20069,4,20469,Mihile Face (Hazel)
Face,M20069,5,20569,Mihile Face (Sapphire)
Face,M20069,6,20669,Mihile Face (Violet)
Face,M20069,7,20769,Mihile Face (Amethyst)
Face,M20069,8,20869,Mihile Face (White)
Face,M20070,0,20070,Neinheart Face (Black)
Face,M20070,1,20170,Neinheart Face (Blue)
Face,M20070,2,20270,Neinheart Face (Red)
Face,M20070,3,20370,Neinheart Face (Green)
Face,M20070,4,20470,Neinheart Face (Hazel)
Face,M20070,5,20570,Neinheart Face (Sapphire)
Face,M20070,6,20670,Neinheart Face (Violet)
Face,M20070,7,20770,Neinheart Face (Amethyst)
Face,M20070,8,20870,Neinheart Face(White)
Face,M20071,0,20071,Face 20071
Face,M20071,8,20871,Face 20871
Face,M20072,0,20072,Face 20072
Face,M20073,0,20073,Hayato Face (Black)
Face,M20073,1,20173,Hayato Face (Blue)
Face,M20073,2,20273,Hayato Face (Red)
Face,M20073,3,20373,Hayato Face (Green)
Face,M20073,4,20473,Hayato Face (Hazel)
Face,M20073,5,20573,Hayato Face (Sapphire)
Face,M20073,6,20673,Hayato Face (Violet)
Face,M20073,7,20773,Hayato Face (Amethyst)
Face,M20073,8,20873,Hayato Face (White)
Face,M20074,0,20074,Strong Odd Eye(Black)
Face,M20074,1,20174,Strong Odd Eye (Blue)
Face,M20074,2,20274,Strong Odd Eye (Red)
Face,M20074,3,20374,Strong Odd Eye (Green)
Face,M20074,4,20474,Strong Odd Eye (Hazel)
Face,M20074,5,20574,Strong Odd Eye(Sapphire)
Face,M20074,6,20674,Strong Odd Eye(Violet)
Face,M20074,7,20774,Strong Odd Eye(Amethyst)
Face,M20074,8,20874,Strong Odd Eye(White)
Face,M20075,0,20075,Calm Odd Eye(Black)
Face,M20075,1,20175,Calm Odd Eye (Blue)
Face,M20075,2,20275,Calm Odd Eye (Red)
Face,M20075,3,20375,Calm Odd Eye (Green)
Face,M20075,4,20475,Calm Odd Eye (Hazel)
Face,M20075,5,20575,Calm Odd Eye(Sapphire)
Face,M20075,6,20675,Calm Odd Eye(Violet)
Face,M20075,7,20775,Calm Odd Eye(Amethyst)
Face,M20075,8,20875,Calm Odd Eye(White)
Face,M20076,0,20076,Kaiser Face(Black)
Face,M20076,1,20176,Kaiser Face (Blue)
Face,M20076,2,20276,Kaiser Face (Red)
Face,M20076,3,20376,Kaiser Face (Green)
Face,M20076,4,20476,Kaiser Face (Hazel)
Face,M20076,5,20576,Kaiser Face(Sapphire)
Face,M20076,6,20676,Kaiser Face(Violet)
Face,M20076,7,20776,Kaiser Face(Amethyst)
Face,M20076,8,20876,Kaiser Face(White)
Face,M20077,0,20077,Bulbous-Eyed Face (Black)
Face,M20077,1,20177,Bulbous-Eyed Face (Blue)
Face,M20077,2,20277,Bulbous-Eyed Face (Red)
Face,M20077,3,20377,Bulbous-Eyed Face (Green)
Face,M20077,4,20477,Bulbous-Eyed Face (Hazel)
Face,M20077,5,20577,Bulbous-Eyed Face (Sapphire)
Face,M20077,6,20677,Bulbous-Eyed Face (Violet)
Face,M20077,7,20777,Bulbous-Eyed Face (Amethyst)
Face,M20077,8,20877,Bulbous-Eyed Face (White)
Face,M20078,0,20078,Kenji Face (Black)
Face,M20078,1,20178,Kenji Face (Blue)
Face,M20078,2,20278,Kenji Face (Red)
Face,M20078,3,20378,Kenji Face (Green)
Face,M20078,4,20478,Kenji Face (Hazel)
Face,M20078,5,20578,Kenji Face (Sapphire)
Face,M20078,6,20678,Kenji Face (Violet)
Face,M20078,7,20778,Kenji Face (Amethyst)
Face,M20078,8,20878,Kenji Face (White)
Face,M20079,0,20079,Face 20079
Face,M20080,0,20080,Starlight Eyes (Black)
Face,M20080,1,20180,Starlight Eyes (Blue)
Face,M20080,2,20280,Starlight Eyes (Red)
Face,M20080,3,20380,Starlight Eyes (Green)
Face,M20080,4,20480,Starlight Eyes (Hazel)
Face,M20080,5,20580,Starlight Eyes (Sapphire)
Face,M20080,6,20680,Starlight Eyes (Violet)
Face,M20080,7,20780,Starlight Eyes (Amethyst)
Face,M20080,8,20880,Starlight Eyes (White)
Face,M20081,0,20081,Guileless Face (Black)
Face,M20081,1,20181,Guileless Face (Blue)
Face,M20081,2,20281,Guileless Face (Red)
Face,M20081,3,20381,Guileless Face (Green)
Face,M20081,4,20481,Guileless Face (Hazel)
Face,M20081,5,20581,Guileless Face (Sapphire)
Face,M20081,6,20681,Guileless Face (Violet)
Face,M20081,7,20781,Guileless Face (Amethyst)
Face,M20081,8,20881,Guileless Face (White)
Face,M20082,0,20082,Eyes-On-You Face (Black)
Face,M20082,1,20182,Eyes-On-You Face (Blue)
Face,M20082,2,20282,Eyes-On-You Face (Red)
Face,M20082,3,20382,Eyes-On-You Face (Green)
Face,M20082,4,20482,Eyes-On-You Face (Hazel)
Face,M20082,5,20582,Eyes-On-You Face (Sapphire)
Face,M20082,6,20682,Eyes-On-You Face (Violet)
Face,M20082,7,20782,Eyes-On-You Face (Amethyst)
Face,M20082,8,20882,Eyes-On-You Face (White)
Face,M20083,0,20083,Foxy Eyes Face (Black)
Face,M20083,1,20183,Foxy Eyes Face (Blue)
Face,M20083,2,20283,Foxy Eyes Face (Red)
Face,M20083,3,20383,Foxy Eyes Face (Green)
Face,M20083,4,20483,Foxy Eyes Face (Hazel)
Face,M20083,5,20583,Foxy Eyes Face (Sapphire)
Face,M20083,6,20683,Foxy Eyes Face (Violet)
Face,M20083,7,20783,Foxy Eyes Face (Amethyst)
Face,M20083,8,20883,Foxy Eyes Face (White)
Face,M20084,0,20084,Lonesome Face (Black)
Face,M20084,1,20184,Lonesome Face (Blue)
Face,M20084,2,20284,Lonesome Face (Red)
Face,M20084,3,20384,Lonesome Face (Green)
Face,M20084,4,20484,Lonesome Face (Hazel)
Face,M20084,5,20584,Lonesome Face(Sapphire)
Face,M20084,6,20684,Lonesome Face(Violet)
Face,M20084,7,20784,Lonesome Face(Amethyst)
Face,M20084,8,20884,Lonesome Face(White)
Face,M20085,0,20085,Composed Face (Black)
Face,M20085,1,20185,Composed Face (Blue)
Face,M20085,2,20285,Composed Face (Red)
Face,M20085,3,20385,Composed Face (Green)
Face,M20085,4,20485,Composed Face (Hazel)
Face,M20085,5,20585,Composed Face(Sapphire)
Face,M20085,6,20685,Composed Face(Violet)
Face,M20085,7,20785,Composed Face(Amethyst)
Face,M20085,8,20885,Composed Face(White)
Face,M20086,0,20086,Lotus Face (Black)
Face,M20086,1,20186,Lotus Face (Blue)
Face,M20086,2,20286,Lotus Face (Red)
Face,M20086,3,20386,Lotus Face (Green)
Face,M20086,4,20486,Lotus Face(Hazel)
Face,M20086,5,20586,Lotus Face(Sapphire)
Face,M20086,6,20686,Lotus Face(Violet)
Face,M20086,7,20786,Lotus Face(Amethyst)
Face,M20086,8,20886,Lotus Face(White)
Face,M20087,0,20087,Neatly Kempt Face (Black)
Face,M20087,1,20187,Neatly Kempt Face (Blue)
Face,M20087,2,20287,Neatly Kempt Face (Red)
Face,M20087,3,20387,Neatly Kempt Face (Green)
Face,M20087,4,20487,Neatly Kempt Face (Hazel)
Face,M20087,5,20587,Neatly Kempt Face (Sapphire)
Face,M20087,6,20687,Neatly Kempt Face (Violet)
Face,M20087,7,20787,Neatly Kempt Face (Amethyst)
Face,M20087,8,20887,Neatly Kempt Face (White)
Face,M20088,0,20088,Scholarly Face (Black)
Face,M20088,1,20188,Scholarly Face (Blue)
Face,M20088,2,20288,Scholarly Face (Red)
Face,M20088,3,20388,Scholarly Face (Green)
Face,M20088,4,20488,Scholarly Face(Hazel)
Face,M20088,5,20588,Scholarly Face(Sapphire)
Face,M20088,6,20688,Scholarly Face(Violet)
Face,M20088,7,20788,Scholarly Face(Amethyst)
Face,M20088,8,20888,Scholar Face (White)
Face,M20089,0,20089,Noblesse Face(Black)
Face,M20089,1,20189,Noblesse Face(Blue)
Face,M20089,2,20289,Noblesse Face(Red)
Face,M20089,3,20389,Noblesse Face(Green)
Face,M20089,4,20489,Noblesse Face(Hazel)
Face,M20089,5,20589,Noblesse Face(Sapphire)
Face,M20089,6,20689,Noblesse Face(Violet)
Face,M20089,7,20789,Noblesse Face(Amethyst)
Face,M20089,8,20889,Noblesse Face(White)
Face,M20090,0,20090,Glancing Face (Black)
Face,M20090,1,20190,Glancing Face (Blue)
Face,M20090,2,20290,Glancing Face (Red)
Face,M20090,3,20390,Glancing Face (Green)
Face,M20090,4,20490,Glancing Face (Brown)(Hazel)
Face,M20090,5,20590,Glancing Face (Sapphire)
Face,M20090,6,20690,Glancing Face (Purple)(Violet)
Face,M20090,7,20790,Glancing Face (Plum)(Amethyst)
Face,M20090,8,20890,Glancing Face (White)
Face,M20091,0,20091,Kanna (Black)
Face,M20091,1,20191,Kanna (Blue)
Face,M20091,2,20291,Kanna (Red)
Face,M20091,3,20391,Kanna (Green)
Face,M20091,4,20491,Kanna (Hazel)
Face,M20091,5,20591,Kanna (Sapphire)
Face,M20091,6,20691,Kanna (Violet)
Face,M20091,7,20791,Kanna (Amethyst)
Face,M20091,8,20891,Kanna (White)
Face,M20092,0,20092,Onmyouji (Black)
Face,M20092,1,20192,Onmyouji (Blue)
Face,M20092,2,20292,Onmyouji (Red)
Face,M20092,3,20392,Onmyouji (Green)
Face,M20092,4,20492,Onmyouji (Hazel)
Face,M20092,5,20592,Onmyouji (Sapphire)
Face,M20092,6,20692,Onmyouji (Violet)
Face,M20092,7,20792,Onmyouji (Amethyst)
Face,M20092,8,20892,Onmyouji (White)
Face,M20093,0,20093,MC Face (Black)
Face,M20093,1,20193,MC Face (Blue)
Face,M20093,2,20293,MC Face (Red)
Face,M20093,3,20393,MC Face (Green)
Face,M20093,4,20493,MC Face (Hazel)
Face,M20093,5,20593,MC Face (Sapphire)
Face,M20093,6,20693,MC Face (Violet)
Face,M20093,7,20793,MC Face (Amethyst)
Face,M20093,8,20893,MC Face (White)
Face,M20094,0,20094,Ambitious Face(Black)
Face,M20094,1,20194,Ambitious Face(Blue)
Face,M20094,2,20294,Ambitious Face(Red)
Face,M20094,3,20394,Ambitious Face(Green)
Face,M20094,4,20494,Ambitious Face(Hazel)
Face,M20094,5,20594,Ambitious Face(Sapphire)
Face,M20094,6,20694,Ambitious Face(Violet)
Face,M20094,7,20794,Ambitious Face(Amethyst)
Face,M20094,8,20894,Ambitious Face(White)
Face,M20095,0,20095,Come On Over Face(Black)
Face,M20095,1,20195,Come On Over Face(Blue)
Face,M20095,2,20295,Come On Over Face(Red)
Face,M20095,3,20395,Come On Over Face(Green)
Face,M20095,4,20495,Come On Over Face(Hazel)
Face,M20095,5,20595,Come On Over Face(Sapphire)
Face,M20095,6,20695,Come On Over Face(Violet)
Face,M20095,7,20795,Come On Over Face(Amethyst)
Face,M20095,8,20895,Come on Over Face (White)
Face,M20096,0,20096,Face 20096
Face,M20096,1,20196,Face 20196
Face,M20096,2,20296,Face 20296
Face,M20096,3,20396,Face 20396
Face,M20096,4,20496,Face 20496
Face,M20096,5,20596,Face 20596
Face,M20096,6,20696,Face 20696
Face,M20096,7,20796,Face 20796
Face,M20096,8,20896,Face 20896
Face,M20097,0,20097,Caterpillar Brow Face (Black)
Face,M20097,1,20197,Caterpillar Brow Face (Blue)
Face,M20097,2,20297,Caterpillar Brow Face (Red)
Face,M20097,3,20397,Caterpillar Brow Face (Green)
Face,M20097,4,20497,Caterpillar Brow Face (Hazel)
Face,M20097,5,20597,Caterpillar Brow Face (Sapphire)
Face,M20097,6,20697,Caterpillar Brow Face (Violet)
Face,M20097,7,20797,Caterpillar Brow Face (Amethyst)
Face,M20097,8,20897,Caterpillar Brow Face (White)
Face,M20098,0,20098,Hoi Poi Face (Black)
Face,M20098,1,20198,Hoi Poi Face (Blue)
Face,M20098,2,20298,Hoi Poi Face (Red)
Face,M20098,3,20398,Hoi Poi Face (Green)
Face,M20098,4,20498,Hoi Poi Face (Hazel)
Face,M20098,5,20598,Hoi Poi Face (Sapphire)
Face,M20098,6,20698,Hoi Poi Face (Violet)
Face,M20098,7,20798,Hoi Poi Face (Amethyst)
Face,M20098,8,20898,Hoi Poi Face (White)
Face,M20099,0,20099,Tess Face (Black)
Face,M20099,1,20199,Tess Face (Blue)
Face,M20099,2,20299,Tess Face (Red)
Face,M20099,3,20399,Tess Face (Green)
Face,M20099,4,20499,Tess Face (Hazel)
Face,M20099,5,20599,Tess Face (Sapphire)
Face,M20099,6,20699,Tess Face (Violet)
Face,M20099,7,20799,Tess Face (Amethyst)
Face,M20099,8,20899,Tess Face (White)
Face,M21015,0,21015,Smokey Eyes(Black)
Face,M21015,1,21115,Smokey Eyes(Blue)
Face,M21015,2,21215,Smokey Eyes(Red)
Face,M21015,3,21315,Smokey Eyes (Green)
Face,M21015,4,21415,Smokey Eyes (Hazel)
Face,M21015,5,21515,Smokey Eyes (Sapphire)
Face,M21015,6,21615,Smokey Eyes (Violet)
Face,M21015,7,21715,Smokey Eyes (Amethyst)
Face,M21015,8,21815,Smokey Eyes (White)
Face,M21027,8,21827,Glamorous Edge (White)
Face,M21028,0,21028,Pure Gaze (Black)
Face,M21028,1,21128,Pure Gaze (Blue)
Face,M21028,2,21228,Pure Gaze (Red)
Face,M21028,3,21328,Pure Gaze (Green)
Face,M21028,4,21428,Pure Gaze (Hazel)
Face,M21028,5,21528,Pure Gaze (Sapphire)
Face,M21028,6,21628,Pure Gaze (Violet)
Face,M21028,7,21728,Pure Gaze (Amethyst)
Face,M21028,8,21828,Pure Gaze (White)
Face,M21029,8,21829,Kitty Cat (White)
Face,M21030,8,21830,Poker Face (White)
Face,M21031,0,21031,Timid Face (Black)
Face,M21031,1,21131,Timid Face (Blue)
Face,M21031,2,21231,Timid Face (Red)
Face,M21031,3,21331,Timid Face (Green)
Face,M21031,4,21431,Timid Face (Hazel)
Face,M21031,5,21531,Timid Face (Sapphire)
Face,M21031,6,21631,Timid Face (Violet)
Face,M21031,7,21731,Timid Face (Amethyst)
Face,M21031,8,21831,Timid Face (White)
Face,M21033,0,21033,Insolent Face (Black)
Face,M21033,1,21133,Insolent Face (Blue)
Face,M21033,2,21233,Insolent Face (Red)
Face,M21033,3,21333,Insolent Face (Green)
Face,M21033,4,21433,Insolent Face (Hazel)
Face,M21033,5,21533,Insolent Face (Sapphire)
Face,M21033,6,21633,Insolent Face (Violet)
Face,M21033,7,21733,Insolent Face (Amethyst)
Face,M21033,8,21833,Insolent Face (White)
Face,M21034,0,21034,Female Aran Face (Black)
Face,M21034,1,21134,Female Aran Face (Blue)
Face,M21034,2,21234,Female Aran Face (Red)
Face,M21034,3,21334,Female Aran Face (Green)
Face,M21034,4,21434,Female Aran Face (Hazel)
Face,M21034,5,21534,Female Aran Face (Sapphire)
Face,M21034,6,21634,Female Aran Face (Violet)
Face,M21034,7,21734,Female Aran Face (Amethyst)
Face,M21034,8,21834,Female Aran Face (White)
Face,M21035,0,21035,Female Evan Face (Black)
Face,M21035,1,21135,Female Evan Face (Blue)
Face,M21035,2,21235,Female Evan Face (Red)
Face,M21035,3,21335,Female Evan Face (Green)
Face,M21035,4,21435,Female Evan Face (Hazel)
Face,M21035,5,21535,Female Evan Face (Sapphire)
Face,M21035,6,21635,Female Evan Face (Violet)
Face,M21035,7,21735,Female Evan Face (Amethyst)
Face,M21035,8,21835,Female Evan Face (White)
Face,M21036,0,21036,Marble Eyes (Black)
Face,M21036,1,21136,Marble Eyes (Blue)
Face,M21036,2,21236,Marble Eyes (Red)
Face,M21036,3,21336,Marble Eyes (Green)
Face,M21036,4,21436,Marble Eyes (Hazel)
Face,M21036,5,21536,Marble Eyes (Sapphire)
Face,M21036,6,21636,Marble Eyes (Violet)
Face,M21036,7,21736,Marble Eyes (Amethyst)
Face,M21036,8,21836,Marble Eyes (White)
Face,M21037,0,21037,PPL Face (Black)
Face,M21037,1,21137,PPL Face (Blue)
Face,M21037,2,21237,PPL Face (Red)
Face,M21037,3,21337,PPL Face (Green)
Face,M21037,4,21437,PPL Face (Hazel)
Face,M21037,5,21537,PPL Face (Sapphire)
Face,M21037,6,21637,PPL Face (Violet)
Face,M21037,7,21737,PPL Face (Amethyst)
Face,M21037,8,21837,PPL Face (White)
Face,M21038,0,21038,Piercing Gaze (Black)
Face,M21038,1,21138,Piercing Gaze (Blue)
Face,M21038,2,21238,Piercing Gaze (Red)
Face,M21038,3,21338,Piercing Gaze (Green)
Face,M21038,4,21438,Piercing Gaze (Hazel)
Face,M21038,5,21538,Piercing Gaze (Sapphire)
Face,M21038,6,21638,Piercing Gaze (Violet)
Face,M21038,7,21738,Piercing Gaze (Amethyst)
Face,M21038,8,21838,Piercing Gaze (White)
Face,M21039,1,21139,Face 21139
Face,M21039,2,21239,Face 21239
Face,M21039,3,21339,Face 21339
Face,M21040,1,21140,Face 21140
Face,M21040,2,21240,Face 21240
Face,M21040,3,21340,Face 21340
Face,M21041,0,21041,Odd Eye (Black)
Face,M21041,1,21141,Odd Eye (Blue)
Face,M21041,2,21241,Odd Eye (Red)
Face,M21041,3,21341,Odd Eye (Green)
Face,M21041,4,21441,Odd Eye (Hazel)
Face,M21041,5,21541,Odd Eye (Sapphire)
Face,M21041,6,21641,Odd Eye (Violet)
Face,M21041,7,21741,Odd Eye (Amethyst)
Face,M21041,8,21841,Odd Eye (White)
Face,M21042,0,21042,Bright Eyes (Black)
Face,M21042,1,21142,Bright Eyes (Blue)
Face,M21042,2,21242,Bright Eyes (Red)
Face,M21042,3,21342,Bright Eyes (Green)
Face,M21042,4,21442,Bright Eyes (Hazel)
Face,M21042,5,21542,Bright Eyes (Sapphire)
Face,M21042,6,21642,Bright Eyes (Violet)
Face,M21042,7,21742,Bright Eyes (Amethyst)
Face,M21042,8,21842,Bright Eyes (White)
Face,M21043,0,21043,Pouty Face (Black)
Face,M21043,1,21143,Pouty Face (Blue)
Face,M21043,2,21243,Pouty Face (Red)
Face,M21043,3,21343,Pouty Face (Green)
Face,M21043,4,21443,Pouty Face (Hazel)
Face,M21043,5,21543,Pouty Face (Sapphire)
Face,M21043,6,21643,Pouty Face (Violet)
Face,M21043,7,21743,Pouty Face (Amethyst)
Face,M21043,8,21843,Pouty Face (White)
Face,M21044,0,21044,Wounded Look (Black)
Face,M21044,1,21144,Wounded Look (Blue)
Face,M21044,2,21244,Wounded Look (Red)
Face,M21044,3,21344,Wounded Look (Green)
Face,M21044,4,21444,Wounded Look (Hazel)
Face,M21044,5,21544,Wounded Look (Sapphire)
Face,M21044,6,21644,Wounded Look (Violet)
Face,M21044,7,21744,Wounded Look (Amethyst)
Face,M21044,8,21844,Wounded Look (White)
Face,M21045,0,21045,Existentially Tired Face
Face,M21045,1,21145,Existentially Tired Face
Face,M21045,2,21245,Existentially Tired Face
Face,M21045,3,21345,Existentially Tired Face
Face,M21045,4,21445,Existentially Tired Face
Face,M21045,5,21545,Existentially Tired Face
Face,M21045,6,21645,Existentially Tired Face
Face,M21045,7,21745,Existentially Tired Face
Face,M21045,8,21845,Existentially Tired Face
Face,M21046,0,21046,Dark Charisma(Black)
Face,M21046,1,21146,Dark Charisma\r\n(Blue)
Face,M21046,2,21246,Dark Charisma\r\n(Red)
Face,M21046,3,21346,Dark Charisma\r\n (Green)
Face,M21046,4,21446,Dark Charisma (Hazel)
Face,M21046,5,21546,Dark Charisma (Sapphire)
Face,M21046,6,21646,Dark Charisma (Violet)
Face,M21046,7,21746,Dark Charisma (Amethyst)
Face,M21046,8,21846,Dark Charisma (White)
Face,M21047,0,21047,Cool Elf Face(Black)
Face,M21047,1,21147,Cool Elf Face(Blue)
Face,M21047,2,21247,Cool Elf Face(Red)
Face,M21047,3,21347,Cool Elf Face (Green)
Face,M21047,4,21447,Cool Elf Face (Hazel)
Face,M21047,5,21547,Cool Elf Face (Sapphire)
Face,M21047,6,21647,Cool Elf Face (Violet)
Face,M21047,7,21747,Cool Elf Face (Amethyst)
Face,M21047,8,21847,Cool Elf Face (White)
Face,M21048,0,21048,Confused Look (Black)
Face,M21048,1,21148,Confused Look (Blue)
Face,M21048,2,21248,Confused Look (Red)
Face,M21048,3,21348,Confused Look (Green)
Face,M21048,4,21448,Confused Look (Hazel)
Face,M21048,5,21548,Confused Look (Sapphire)
Face,M21048,6,21648,Confused Look (Violet)
Face,M21048,7,21748,Confused Look (Amethyst)
Face,M21048,8,21848,Confused Look (White)
Face,M21049,0,21049,Nine-Tailed Fox Face
Face,M21049,1,21149,Nine-Tailed Fox Face
Face,M21049,2,21249,Nine-Tailed Fox Face (Red)
Face,M21049,3,21349,Nine-Tailed Fox Face
Face,M21049,4,21449,Nine-Tailed Fox Face (Hazel)
Face,M21049,5,21549,Nine-Tailed Fox Face (Sapphire)
Face,M21049,6,21649,Nine-Tailed Fox Face (Violet)
Face,M21049,7,21749,Nine-Tailed Fox Face (Amethyst)
Face,M21049,8,21849,Crazed Look (White)
Face,M21050,0,21050,Beautiful Otherworld Face
Face,M21050,1,21150,Beautiful Otherworld Face
Face,M21050,2,21250,Beautiful Otherworld Face
Face,M21050,3,21350,Beautiful Otherworld Face
Face,M21050,4,21450,Beautiful Otherworld Face (Hazel)
Face,M21050,5,21550,Beautiful Otherworld Face (Sapphire)
Face,M21050,6,21650,Beautiful Otherworld Face (Violet)
Face,M21050,7,21750,Beautiful Otherworld Face
Face,M21050,8,21850,Look of Evil (White)
Face,M21051,0,21051,Crow Face (Black)
Face,M21051,1,21151,Crow Face (Blue)
Face,M21051,2,21251,Crow Face (Red)
Face,M21051,3,21351,Crow Face (Green)
Face,M21051,4,21451,Crow Face (Hazel)
Face,M21051,5,21551,Crow Face (Sapphire)
Face,M21051,6,21651,Crow Face (Violet)
Face,M21051,7,21751,Crow Face (Amethyst)
Face,M21051,8,21851,Crow Face (White)
Face,M21052,0,21052,Starling Face (Black)
Face,M21052,1,21152,Starling Face (Blue)
Face,M21052,2,21252,Starling Face (Red)
Face,M21052,3,21352,Starling Face (Green)
Face,M21052,4,21452,Starling Face (Hazel)
Face,M21052,5,21552,Starling Face (Sapphire)
Face,M21052,6,21652,Starling Face (Violet)
Face,M21052,7,21752,Starling Face (Amethyst)
Face,M21052,8,21852,Starling Face (White)
Face,M21053,0,21053,Prim Face (Black)
Face,M21053,1,21153,Prim Face (Blue)
Face,M21053,2,21253,Prim Face (Red)
Face,M21053,3,21353,Prim Face (Green)
Face,M21053,4,21453,Prim Face (Hazel)
Face,M21053,5,21553,Prim Face (Sapphire)
Face,M21053,6,21653,Prim Face (Violet)
Face,M21053,7,21753,Prim Face (Amethyst)
Face,M21053,8,21853,Prim Face (White)
Face,M21054,0,21054,Odd-Eyed Face (Black)
Face,M21054,1,21154,Odd-Eye Face(Blue)
Face,M21054,2,21254,Odd-Eye Face (Red)
Face,M21054,3,21354,Odd-Eye Face (Green)
Face,M21054,4,21454,Odd-Eye Face (Brown) (Hazel)
Face,M21054,5,21554,Odd-Eye Face (Sapphire)
Face,M21054,6,21654,Odd-Eye Face (Purple) (Violet)
Face,M21054,7,21754,Odd-Eye Face (Amethyst)
Face,M21054,8,21854,Odd-Eye Face (White)
Face,M21055,0,21055,Gentle Elf Face(Black)
Face,M21055,1,21155,Gentle Elf Face(Blue)
Face,M21055,2,21255,Gentle Elf Face(Red)
Face,M21055,3,21355,Gentle Elf Face (Green)
Face,M21055,4,21455,Gentle Elf Face (Hazel)
Face,M21055,5,21555,Gentle Elf Face (Sapphire)
Face,M21055,6,21655,Gentle Elf Face (Violet)
Face,M21055,7,21755,Gentle Elf Face (Amethyst)
Face,M21055,8,21855,Gentle Elf Face (White)
Face,M21056,0,21056,Epicene Face(Black)
Face,M21056,1,21156,Epicene Face(Blue)
Face,M21056,2,21256,Epicene Face(Red)
Face,M21056,3,21356,Epicene Face (Green)
Face,M21056,4,21456,Epicene Face (Hazel)
Face,M21056,5,21556,Epicene Face (Sapphire)
Face,M21056,6,21656,Epicene Face (Violet)
Face,M21056,7,21756,Epicene Face (Amethyst)
Face,M21056,8,21856,Epicene Face(White)
Face,M21057,0,21057,Posh Look(Black)
Face,M21057,1,21157,Posh Look(Blue)
Face,M21057,2,21257,Posh Look(Red)
Face,M21057,3,21357,Posh Look (Green)
Face,M21057,4,21457,Posh Look (Hazel)
Face,M21057,5,21557,Posh Look (Sapphire)
Face,M21057,6,21657,Posh Look (Violet)
Face,M21057,7,21757,Posh Look (Amethyst)
Face,M21057,8,21857,Posh Look(White)
Face,M21058,0,21058,Elegant Lady Face (Black)
Face,M21058,1,21158,Elegant Lady Face (Blue)
Face,M21058,2,21258,Elegant Lady Face (Red)
Face,M21058,3,21358,Elegant Lady Face (Green)
Face,M21058,4,21458,Elegant Lady Face (Hazel)
Face,M21058,5,21558,Elegant Lady Face (Sapphire)
Face,M21058,6,21658,Elegant Lady Face (Violet)
Face,M21058,7,21758,Elegant Lady Face (Amethyst)
Face,M21058,8,21858,Elegant Lady Face (White)
Face,M21059,0,21059,Perfectly Pure Face(Black)
Face,M21059,1,21159,Perfectly Pure Face(Blue)
Face,M21059,2,21259,Perfectly Pure Face(Red)
Face,M21059,3,21359,Perfectly Pure Face (Green)
Face,M21059,4,21459,Perfectly Pure Face (Hazel)
Face,M21059,5,21559,Perfectly Pure Face (Sapphire)
Face,M21059,6,21659,Perfectly Pure Face (Violet)
Face,M21059,7,21759,Perfectly Pure Face (Amethyst)
Face,M21059,8,21859,Perfectly Pure Face (White)
Face,M21060,0,21060,Intelligent Eyes (Black)
Face,M21060,1,21160,Intelligent Eyes (Blue)
Face,M21060,2,21260,Intelligent Eyes (Red)
Face,M21060,3,21360,Intelligent Eyes (Green)
Face,M21060,4,21460,Intelligent Eyes (Hazel)
Face,M21060,5,21560,Intelligent Eyes (Sapphire)
Face,M21060,6,21660,Intelligent Eyes (Violet)
Face,M21060,7,21760,Intelligent Eyes (Amethyst)
Face,M21060,8,21860,Intelligent Eyes (White)
Face,M21061,0,21061,Captivating Dual Blade(Black)
Face,M21061,1,21161,Captivating Dual Blade(Blue)
Face,M21061,2,21261,Captivating Dual Blade(Red)
Face,M21061,3,21361,Captivating Dual Blade (Green)
Face,M21061,4,21461,Captivating Dual Blade (Hazel)
Face,M21061,5,21561,Captivating Dual Blade (Sapphire)
Face,M21061,6,21661,Captivating Dual Blade (Violet)
Face,M21061,7,21761,Captivating Dual Blade (Amethyst)
Face,M21061,8,21861,Captivating Dual Blade (White)
Face,M21062,0,21062,Sulky Face (Female) (Black)
Face,M21062,1,21162,Sulky Face (Female) (Blue)
Face,M21062,2,21262,Sulky Face (Female) (Red)
Face,M21062,3,21362,Sulky Face (Female) (Green)
Face,M21062,4,21462,Sulky Face (Female) (Hazel)
Face,M21062,5,21562,Sulky Face (Female) (Sapphire)
Face,M21062,6,21662,Sulky Face (Female) (Violet)
Face,M21062,7,21762,Sulky Face (Female) (Amethyst)
Face,M21062,8,21862,Sulky Face (Female) (White)
Face,M21063,0,21063,Cutie Pie Face (Black)
Face,M21063,1,21163,Cutie Pie Face (Blue)
Face,M21063,2,21263,Cutie Pie Face (Red)
Face,M21063,3,21363,Cutie Pie Face (Green)
Face,M21063,4,21463,Cutie Pie Face (Hazel)
Face,M21063,5,21563,Cutie Pie Face (Sapphire)
Face,M21063,6,21663,Cutie Pie Face (Violet)
Face,M21063,7,21763,Cutie Pie Face (Amethyst)
Face,M21063,8,21863,Cutie Pie Face (White)
Face,M21064,0,21064,Teary-Eyed Face(Black)
Face,M21064,1,21164,Teary-Eyed Face(Blue)
Face,M21064,2,21264,Teary-Eyed Face(Red)
Face,M21064,3,21364,Teary-Eyed Face (Green)
Face,M21064,4,21464,Teary-Eyed Face (Hazel)
Face,M21064,5,21564,Teary-Eyed Face (Sapphire)
Face,M21064,6,21664,Teary-Eyed Face (Violet)
Face,M21064,7,21764,Teary-Eyed Face (Amethyst)
Face,M21064,8,21864,Teary-Eyed Face (White)
Face,M21065,0,21065,Cygnus Face (Black)
Face,M21065,1,21165,Cygnus Face (Blue)
Face,M21065,2,21265,Cygnus Face (Red)
Face,M21065,3,21365,Cygnus Face (Green)
Face,M21065,4,21465,Cygnus Face (Hazel)
Face,M21065,5,21565,Cygnus Face (Sapphire)
Face,M21065,6,21665,Cygnus Face (Violet)
Face,M21065,7,21765,Cygnus Face (Amethyst)
Face,M21065,8,21865,Cygnus Face(White)
Face,M21066,0,21066,Face 21066
Face,M21067,0,21067,Face 21067
Face,M21068,0,21068,Kanna (Black)
Face,M21068,1,21168,Kanna (Blue)
Face,M21068,2,21268,Kanna (Red)
Face,M21068,3,21368,Kanna (Green)
Face,M21068,4,21468,Kanna (Hazel)
Face,M21068,5,21568,Kanna (Sapphire)
Face,M21068,6,21668,Kanna (Violet)
Face,M21068,7,21768,Kanna (Amethyst)
Face,M21068,8,21868,Kanna (White)
Face,M21069,0,21069,Strong Odd Eye(Black)
Face,M21069,1,21169,Strong Odd Eye(Blue)
Face,M21069,2,21269,Strong Odd Eye(Red)
Face,M21069,3,21369,Strong Odd Eye (Green)
Face,M21069,4,21469,Strong Odd Eye (Hazel)
Face,M21069,5,21569,Strong Odd Eye (Sapphire)
Face,M21069,6,21669,Strong Odd Eye (Violet)
Face,M21069,7,21769,Strong Odd Eye (Amethyst)
Face,M21069,8,21869,Strong Odd Eye (White)
Face,M21070,0,21070,Calm Odd Eye(Black)
Face,M21070,1,21170,Calm Odd Eye(Blue)
Face,M21070,2,21270,Calm Odd Eye(Red)
Face,M21070,3,21370,Calm Odd Eye (Green)
Face,M21070,4,21470,Calm Odd Eye (Hazel)
Face,M21070,5,21570,Calm Odd Eye (Sapphire)
Face,M21070,6,21670,Calm Odd Eye (Violet)
Face,M21070,7,21770,Calm Odd Eye (Amethyst)
Face,M21070,8,21870,Calm Odd Eye (White)
Face,M21071,0,21071,Kaiser Face(Black)
Face,M21071,1,21171,Kaiser Face(Blue)
Face,M21071,2,21271,Kaiser Face(Red)
Face,M21071,3,21371,Kaiser Face (Green)
Face,M21071,4,21471,Kaiser Face (Hazel)
Face,M21071,5,21571,Kaiser Face (Sapphire)
Face,M21071,6,21671,Kaiser Face (Violet)
Face,M21071,7,21771,Kaiser Face (Amethyst)
Face,M21071,8,21871,Kaiser Face (White)
Face,M21072,0,21072,Bulbous-Eyed Face (Black)
Face,M21072,1,21172,Bulbous-Eyed Face (Blue)
Face,M21072,2,21272,Bulbous-Eyed Face (Red)
Face,M21072,3,21372,Bulbous-Eyed Face (Green)
Face,M21072,4,21472,Bulbous-Eyed Face (Hazel)
Face,M21072,5,21572,Bulbous-Eyed Face (Sapphire)
Face,M21072,6,21672,Bulbous-Eyed Face (Violet)
Face,M21072,7,21772,Bulbous-Eyed Face (Amethyst)
Face,M21072,8,21872,Bulbous-Eyed Face (White)
Face,M21073,0,21073,Angelic Buster Face(Black)
Face,M21073,1,21173,Angelic Buster Face(Blue)
Face,M21073,2,21273,Angelic Buster Face(Red)
Face,M21073,3,21373,Angelic Buster Face (Green)
Face,M21073,4,21473,Angelic Buster Face (Hazel)
Face,M21073,5,21573,Angelic Buster Face (Sapphire)
Face,M21073,6,21673,Angelic Buster Face (Violet)
Face,M21073,7,21773,Angelic Buster Face (Amethyst)
Face,M21073,8,21873,Angelic Buster Face (White)
Face,M21074,0,21074,Intelligent Nova Face(Black)
Face,M21074,1,21174,Intelligent Nova Face(Blue)
Face,M21074,2,21274,Intelligent Nova Face(Red)
Face,M21074,3,21374,Intelligent Nova Face (Green)
Face,M21074,4,21474,Intelligent Nova Face (Hazel)
Face,M21074,5,21574,Intelligent Nova Face (Sapphire)
Face,M21074,6,21674,Intelligent Nova Face (Violet)
Face,M21074,7,21774,Intelligent Nova Face (Amethyst)
Face,M21074,8,21874,Intelligent Nova Face (White)
Face,M21075,0,21075,Adorable Nova Face(Black)
Face,M21075,1,21175,Adorable Nova Face(Blue)
Face,M21075,2,21275,Adorable Nova Face(Red)
Face,M21075,3,21375,Adorable Nova Face (Green)
Face,M21075,4,21475,Adorable Nova Face (Hazel)
Face,M21075,5,21575,Adorable Nova Face (Sapphire)
Face,M21075,6,21675,Adorable Nova Face (Violet)
Face,M21075,7,21775,Adorable Nova Face (Amethyst)
Face,M21075,8,21875,Adorable Nova Face (White)
Face,M21076,0,21076,Onmyouji (Black)
Face,M21076,1,21176,Onmyouji (Blue)
Face,M21076,2,21276,Onmyouji (Red)
Face,M21076,3,21376,Onmyouji (Green)
Face,M21076,4,21476,Onmyouji (Hazel)
Face,M21076,5,21576,Onmyouji (Sapphire)
Face,M21076,6,21676,Onmyouji (Violet)
Face,M21076,7,21776,Onmyouji (Amethyst)
Face,M21076,8,21876,Onmyouji (White)
Face,M21077,0,21077,Round Eyed Face (Black)
Face,M21077,1,21177,Round Eyed Face (Blue)
Face,M21077,2,21277,Round Eyed Face (Red)
Face,M21077,3,21377,Round Eyed Face (Green)
Face,M21077,4,21477,Round Eyed Face (Hazel)
Face,M21077,5,21577,Round Eyed Face (Sapphire)
Face,M21077,6,21677,Round Eyed Face (Violet)
Face,M21077,7,21777,Round Eyed Face (Amethyst)
Face,M21077,8,21877,Round Eyed Face (White)
Face,M21078,0,21078,Still Eyed Face (Black)
Face,M21078,1,21178,Still Eyed Face (Blue)
Face,M21078,2,21278,Still Eyed Face (Red)
Face,M21078,3,21378,Still Eyed Face (Green)
Face,M21078,4,21478,Still Eyed Face (Hazel)
Face,M21078,5,21578,Still Eyed Face (Sapphire)
Face,M21078,6,21678,Still Eyed Face (Violet)
Face,M21078,7,21778,Still Eyed Face (Amethyst)
Face,M21078,8,21878,Still Eyed Face (White)
Face,M21079,0,21079,Aria Face (Black)
Face,M21079,1,21179,Aria Face (Blue)
Face,M21079,2,21279,Aria Face (Red)
Face,M21079,3,21379,Aria Face (Green)
Face,M21079,4,21479,Aria Face (Hazel)
Face,M21079,5,21579,Aria Face (Sapphire)
Face,M21079,6,21679,Aria Face (Violet)
Face,M21079,7,21779,Aria Face (Amethyst)
Face,M21079,8,21879,Aria Face (White)
Face,M21080,0,21080,Worried Face(Black)
Face,M21080,1,21180,Worried Face(Blue)
Face,M21080,2,21280,Worried Face(Red)
Face,M21080,3,21380,Worried Face (Green)
Face,M21080,4,21480,Worried Face (Hazel)
Face,M21080,5,21580,Worried Face (Sapphire)
Face,M21080,6,21680,Worried Face (Violet)
Face,M21080,7,21780,Worried Face (Amethyst)
Face,M21080,8,21880,Worried Face (White)
Face,M21081,0,21081,Orchid Face(Black)
Face,M21081,1,21181,Orchid Face(Blue)
Face,M21081,2,21281,Orchid Face(Red)
Face,M21081,3,21381,Orchid Face (Green)
Face,M21081,4,21481,Orchid Face (Hazel)
Face,M21081,5,21581,Orchid Face (Sapphire)
Face,M21081,6,21681,Orchid Face (Violet)
Face,M21081,7,21781,Orchid Face (Amethyst)
Face,M21081,8,21881,Orchid Face (White)
Face,M21082,0,21082,Naive Face(Black)
Face,M21082,1,21182,Naive Face(Blue)
Face,M21082,2,21282,Naive Face(Red)
Face,M21082,3,21382,Naive Face (Green)
Face,M21082,4,21482,Naive Face (Hazel)
Face,M21082,5,21582,Naive Face (Sapphire)
Face,M21082,6,21682,Naive Face (Violet)
Face,M21082,7,21782,Naive Face (Amethyst)
Face,M21082,8,21882,Naive Face (White)
Face,M21083,0,21083,Elegant Face(Black)
Face,M21083,1,21183,Elegant Face(Blue)
Face,M21083,2,21283,Elegant Face(Red)
Face,M21083,3,21383,Elegant Face (Green)
Face,M21083,4,21483,Elegant Face (Hazel)
Face,M21083,5,21583,Elegant Face (Sapphire)
Face,M21083,6,21683,Elegant Face (Violet)
Face,M21083,7,21783,Elegant Face (Amethyst)
Face,M21083,8,21883,Elegant Face (White)
Face,M21084,0,21084,Saucy Face (Black)
Face,M21084,1,21184,Saucy Face (Blue)
Face,M21084,2,21284,Saucy Face (Red)
Face,M21084,3,21384,Saucy Face (Green)
Face,M21084,4,21484,Saucy Face (Hazel)
Face,M21084,5,21584,Saucy Face (Sapphire)
Face,M21084,6,21684,Saucy Face (Violet)
Face,M21084,7,21784,Saucy Face (Amethyst)
Face,M21084,8,21884,Saucy Face (White)
Face,M21085,0,21085,Beryl Face (Black)
Face,M21085,1,21185,Beryl Face (Blue)
Face,M21085,2,21285,Beryl Face (Red)
Face,M21085,3,21385,Beryl Face (Green)
Face,M21085,4,21485,Beryl Face (Hazel)
Face,M21085,5,21585,Beryl Face (Sapphire)
Face,M21085,6,21685,Beryl Face (Violet)
Face,M21085,7,21785,Beryl Face (Amethyst)
Face,M21085,8,21885,Beryl Face (White)
Face,M21086,0,21086,Noblesse Face(Black)
Face,M21086,1,21186,Noblesse Face(Blue)
Face,M21086,2,21286,Noblesse Face(Red)
Face,M21086,3,21386,Noblesse Face (Green)
Face,M21086,4,21486,Noblesse Face (Hazel)
Face,M21086,5,21586,Noblesse Face (Sapphire)
Face,M21086,6,21686,Noblesse Face (Violet)
Face,M21086,7,21786,Noblesse Face (Amethyst)
Face,M21086,8,21886,Noblesse Face (White)
Face,M21087,0,21087,Female Hayato Face (Black)
Face,M21087,1,21187,Female Hayato Face (Blue)
Face,M21087,2,21287,Female Hayato Face (Red)
Face,M21087,3,21387,Female Hayato Face (Green)
Face,M21087,4,21487,Female Hayato Face (Hazel)
Face,M21087,5,21587,Female Hayato Face (Sapphire)
Face,M21087,6,21687,Female Hayato Face (Violet)
Face,M21087,7,21787,Female Hayato Face (Amethyst)
Face,M21087,8,21887,Female Hayato Face (White)
Face,M21088,0,21088,Female Kenji Face (Black)
Face,M21088,1,21188,Female Kenji Face (Blue)
Face,M21088,2,21288,Female Kenji Face (Red)
Face,M21088,3,21388,Female Kenji Face (Green)
Face,M21088,4,21488,Female Kenji Face (Hazel)
Face,M21088,5,21588,Female Kenji Face (Sapphire)
Face,M21088,6,21688,Female Kenji Face (Violet)
Face,M21088,7,21788,Female Kenji Face (Amethyst)
Face,M21088,8,21888,Female Kenji Face (White)
Face,M21089,0,21089,Blushed Face (Black)
Face,M21089,1,21189,Blushed Face (Blue)
Face,M21089,2,21289,Blushed Face (Red)
Face,M21089,3,21389,Blushed Face (Green)
Face,M21089,4,21489,Blushed Face (Brown)
Face,M21089,5,21589,Blushed Face (Sapphire)
Face,M21089,6,21689,Blushed Face (Violet)
Face,M21089,7,21789,Blushed Face (Amethyst)
Face,M21089,8,21889,Blushed Face (White)
Face,M21090,0,21090,Placid Face(Black)
Face,M21090,1,21190,Placid Face(Blue)
Face,M21090,2,21290,Placid Face(Red)
Face,M21090,3,21390,Placid Face (Green)
Face,M21090,4,21490,Placid Face (Hazel)
Face,M21090,5,21590,Placid Face (Sapphire)
Face,M21090,6,21690,Placid Face (Violet)
Face,M21090,7,21790,Placid Face (Amethyst)
Face,M21091,0,21091,Glassy-Eyed Face (Black)
Face,M21091,1,21191,Glassy-Eyed Face (Blue)
Face,M21091,2,21291,Glassy-Eyed Face (Red)
Face,M21091,3,21391,Glassy-Eyed Face (Green)
Face,M21091,4,21491,Glassy-Eyed Face (Hazel)
Face,M21091,5,21591,Glassy-Eyed Face (Sapphire)
Face,M21091,6,21691,Glassy-Eyed Face (Violet)
Face,M21091,7,21791,Glassy-Eyed Face (Amethyst)
Face,M21091,8,21891,Glassy-Eyed Face (White)
Face,M21092,0,21092,Puppy-Eyed Face (Black)
Face,M21092,1,21192,Puppy-Eyed Face (Blue)
Face,M21092,2,21292,Puppy-Eyed Face (Red)
Face,M21092,3,21392,Puppy-Eyed Face (Green)
Face,M21092,4,21492,Puppy-Eyed Face (Hazel)
Face,M21092,5,21592,Puppy-Eyed Face (Sapphire)
Face,M21092,6,21692,Puppy-Eyed Face (Violet)
Face,M21092,7,21792,Puppy-Eyed Face (Amethyst)
Face,M21092,8,21892,Puppy-Eyed Face (White)
Face,M21093,0,21093,Bling Bling Face(Black)
Face,M21093,1,21193,Bling Bling Face(Blue)
Face,M21093,2,21293,Bling Bling Face(Red)
Face,M21093,3,21393,Bling Bling Face (Green)
Face,M21093,4,21493,Bling Bling Face (Hazel)
Face,M21093,5,21593,Bling Bling Face (Sapphire)
Face,M21093,6,21693,Bling Bling Face (Violet)
Face,M21093,7,21793,Bling Bling Face (Amethyst)
Face,M21093,8,21893,Bling Bling Face (White)
Face,M21094,0,21094,Gentle Explorer Face(Black)
Face,M21094,1,21194,Gentle Explorer Face(Blue)
Face,M21094,2,21294,Gentle Explorer Face(Red)
Face,M21094,3,21394,Gentle Explorer Face (Green)
Face,M21094,4,21494,Gentle Explorer Face (Hazel)
Face,M21094,5,21594,Gentle Explorer Face (Sapphire)
Face,M21094,6,21694,Gentle Explorer Face (Violet)
Face,M21094,7,21794,Gentle Explorer Face (Amethyst)
Face,M21094,8,21894,Gentle Explorer Face (White)
Face,M21095,0,21095,Exceptional Explorer Face(Black)
Face,M21095,1,21195,Exceptional Explorer Face(Blue)
Face,M21095,2,21295,Exceptional Explorer Face(Red)
Face,M21095,3,21395,Exceptional Explorer Face (Green)
Face,M21095,4,21495,Exceptional Explorer Face (Hazel)
Face,M21095,5,21595,Exceptional Explorer Face (Sapphire)
Face,M21095,6,21695,Exceptional Explorer Face (Violet)
Face,M21095,7,21795,Exceptional Explorer Face (Amethyst)
Face,M21095,8,21895,Exceptional Explorer Face (White)
Face,M21096,0,21096,Enlightened Face (Black)
Face,M21096,1,21196,Enlightened Face (Blue)
Face,M21096,2,21296,Enlightened Face (Red)
Face,M21096,3,21396,Enlightened Face (Green)
Face,M21096,4,21496,Enlightened Face (Hazel)
Face,M21096,5,21596,Enlightened Face (Sapphire)
Face,M21096,6,21696,Enlightened Face (Violet)
Face,M21096,7,21796,Enlightened Face (Amethyst)
Face,M21096,8,21896,Enlightened Face (White)
Face,M21097,0,21097,Sugar Face (Black)
Face,M21097,1,21197,Sugar Face (Blue)
Face,M21097,2,21297,Sugar Face (Red)
Face,M21097,3,21397,Sugar Face (Green)
Face,M21097,4,21497,Sugar Face (Hazel)
Face,M21097,5,21597,Sugar Face (Sapphire)
Face,M21097,6,21697,Sugar Face (Violet)
Face,M21097,7,21797,Sugar Face (Amethyst)
Face,M21097,8,21897,Sugar Face (White)
Face,M21098,0,21098,Olivia Face (Black)
Face,M21098,1,21198,Olivia Face (Blue)
Face,M21098,2,21298,Olivia Face (Red)
Face,M21098,3,21398,Olivia Face (Green)
Face,M21098,4,21498,Olivia Face (Hazel)
Face,M21098,5,21598,Olivia Face (Sapphire)
Face,M21098,6,21698,Olivia Face (Violet)
Face,M21098,7,21798,Olivia Face (Amethyst)
Face,M21098,8,21898,Olivia Face (White)
Face,M21099,0,21099,Black-eyed Futuroid (F)(Black)
Face,M21099,1,21199,Red-eyed Futuroid (F)(Blue)
Face,M21099,2,21299,Orange-eyed Futuroid (F)(Red)
Face,M21099,3,21399,Yellow-eyed Futuroid (F) (Green)
Face,M21099,4,21499,Green-eyed Futuroid (F) (Hazel)
Face,M21099,5,21599,Blue-eyed Futuroid (F) (Sapphire)
Face,M21099,6,21699,Purple-eyed Futuroid (F) (Violet)
Face,M21099,7,21799,Brown-eyed Futuroid (F) (Amethyst)
Face,M21099,8,21899,White-eyed Futuroid (F) (White)
Face,M23000,0,23000,Vibrant Explorer Face (Black)
Face,M23000,1,23100,Vibrant Explorer Face (Blue)
Face,M23000,2,23200,Vibrant Explorer Face (Red)
Face,M23000,3,23300,Vibrant Explorer Face (Green)
Face,M23000,4,23400,Vibrant Explorer Face (Hazel)
Face,M23000,5,23500,Vibrant Explorer Face (Sapphire)
Face,M23000,6,23600,Vibrant Explorer Face (Violet)
Face,M23000,7,23700,Vibrant Explorer Face (Amethyst)
Face,M23000,8,23800,Vibrant Explorer Face (White)
Face,M23001,0,23001,Brave Explorer Face (Black)
Face,M23001,1,23101,Brave Explorer Face (Blue)
Face,M23001,2,23201,Brave Explorer Face (Red)
Face,M23001,3,23301,Brave Explorer Face (Green)
Face,M23001,4,23401,Brave Explorer Face (Hazel)
Face,M23001,5,23501,Brave Explorer Face (Sapphire)
Face,M23001,6,23601,Brave Explorer Face (Violet)
Face,M23001,7,23701,Brave Explorer Face (Amethyst)
Face,M23001,8,23801,Brave Explorer Face (White)
Face,M23002,0,23002,Clear Face (Black)
Face,M23002,1,23102,Clear Face (Blue)
Face,M23002,2,23202,Clear Face (Red)
Face,M23002,3,23302,Clear Face (Green)
Face,M23002,4,23402,Clear Face (Hazel)
Face,M23002,5,23502,Clear Face (Sapphire)
Face,M23002,6,23602,Clear Face (Violet)
Face,M23002,7,23702,Clear Face (Amethyst)
Face,M23002,8,23802,Clear Face (White)
Face,M23003,0,23003,Rondo Face (Black)
Face,M23003,1,23103,Rondo Face (Blue)
Face,M23003,2,23203,Rondo Face (Red)
Face,M23003,3,23303,Rondo Face (Green)
Face,M23003,4,23403,Rondo Face (Hazel)
Face,M23003,5,23503,Rondo Face (Sapphire)
Face,M23003,6,23603,Rondo Face (Violet)
Face,M23003,7,23703,Rondo Face (Amethyst)
Face,M23003,8,23803,Rondo Face (White)
Face,M23004,0,23004,Black-eyed Futuroid (M)
Face,M23004,1,23104,Red-eyed Futuroid (M) (Blue)
Face,M23004,2,23204,Orange-eyed Futuroid (M) (Red)
Face,M23004,3,23304,Yellow-eyed Futuroid (M) (Green)
Face,M23004,4,23404,Green-eyed Futuroid (M) (Hazel)
Face,M23004,5,23504,Blue-eyed Futuroid (M) (Sapphire)
Face,M23004,6,23604,Purple-eyed Futuroid (M) (Violet)
Face,M23004,7,23704,Brown-eyed Futuroid (M) (Amethyst)
Face,M23004,8,23804,White-eyed Futuroid (M) (White)
Face,M23005,0,23005,Oliver Face (Black)
Face,M23005,1,23105,Oliver Face (Blue)
Face,M23005,2,23205,Oliver Face (Red)
Face,M23005,3,23305,Oliver Face (Green)
Face,M23005,4,23405,Oliver Face (Hazel)
Face,M23005,5,23505,Oliver Face (Sapphire)
Face,M23005,6,23605,Oliver Face (Violet)
Face,M23005,7,23705,Oliver Face (Amethyst)
Face,M23005,8,23805,Oliver Face (White)
Face,M23006,0,23006,Sparkling Face (Black)
Face,M23006,1,23106,Sparkling Face (Blue)
Face,M23006,2,23206,Sparkling Face (Red)
Face,M23006,3,23306,Sparkling Face (Green)
Face,M23006,4,23406,Sparkling Face (Hazel)
Face,M23006,5,23506,Sparkling Face (Sapphire)
Face,M23006,6,23606,Sparkling Face (Violet)
Face,M23006,7,23706,Sparkling Face (Amethyst)
Face,M23006,8,23806,Sparkling Face (White)
Face,M23007,0,23007,Sexy Sharp Eyes (Black)
Face,M23007,1,23107,Sexy Sharp Eyes (Blue)
Face,M23007,2,23207,Sexy Sharp Eyes (Red)
Face,M23007,3,23307,Sexy Sharp Eyes (Green)
Face,M23007,4,23407,Sexy Sharp Eyes (Hazel)
Face,M23007,5,23507,Sexy Sharp Eyes (Saphire)
Face,M23007,6,23607,Sexy Sharp Eyes (Purple)
Face,M23007,7,23707,Sexy Sharp Eyes (Violet)
Face,M23007,8,23807,Sexy Sharp Eyes (White)
Face,M23008,0,23008,Almond Face (Black)
Face,M23008,1,23108,Almond Face (Blue)
Face,M23008,2,23208,Almond Face (Red)
Face,M23008,3,23308,Almond Face (Green)
Face,M23008,4,23408,Almond Face (Hazel)
Face,M23008,5,23508,Almond Face (Sapphire)
Face,M23008,6,23608,Almond Face (Violet)
Face,M23008,7,23708,Almond Face (Amethyst)
Face,M23008,8,23808,Almond Face (White)
Face,M23009,0,23009,Kirito's Face (Black)
Face,M23009,1,23109,Kirito's Face (Blue)
Face,M23009,2,23209,Kirito's Face (Red)
Face,M23009,3,23309,Kirito's Face (Green)
Face,M23009,4,23409,Kirito's Face (Hazel)
Face,M23009,5,23509,Kirito's Face (Sapphire)
Face,M23009,6,23609,Kirito's Face (Violet)
Face,M23009,7,23709,Kirito's Face (Amethyst)
Face,M23009,8,23809,Kirito's Face (White)
Face,M23010,0,23010,Moonlight Eyes (Black)
Face,M23010,1,23110,Moonlight Eyes (Blue)
Face,M23010,2,23210,Moonlight Eyes (Red)
Face,M23010,3,23310,Moonlight Eyes (Green)
Face,M23010,4,23410,Moonlight Eyes (Hazel)
Face,M23010,5,23510,Moonlight Eyes (Sapphire)
Face,M23010,6,23610,Moonlight Eyes (Violet)
Face,M23010,7,23710,Moonlight Eyes (Amethyst)
Face,M23010,8,23810,Moonlight Eyes (White)
Face,M23011,0,23011,Smartie Face (Black)
Face,M23011,1,23111,Smartie Face (Blue)
Face,M23011,2,23211,Smartie Face (Red)
Face,M23011,3,23311,Smartie Face (Green)
Face,M23011,4,23411,Smartie Face (Hazel)
Face,M23011,5,23511,Smartie Face (Sapphire)
Face,M23011,6,23611,Smartie Face (Violet)
Face,M23011,7,23711,Smartie Face (Amethyst)
Face,M23011,8,23811,Smartie Face (White)
Face,M23012,0,23012,Calm Face
Face,M23012,1,23112,Calm Face (Blue)
Face,M23012,2,23212,Calm Face (Red)
Face,M23012,3,23312,Calm Face (Green)
Face,M23012,4,23412,Calm Face (Hazel)
Face,M23012,5,23512,Calm Face (Sapphire)
Face,M23012,6,23612,Calm Face (Violet)
Face,M23012,7,23712,Calm Face (Amethyst)
Face,M23012,8,23812,Calm Face (White)
Face,M23013,0,23013,Beast Tamer Male Face 1 (Black)
Face,M23013,1,23113,Beast Tamer Male Face 1 (Blue)
Face,M23013,2,23213,Bad Attitude Face (Red)
Face,M23013,3,23313,Beast Tamer Male Face 1 (Green)
Face,M23013,4,23413,Beast Tamer Male Face 1 (Hazel)
Face,M23013,5,23513,Beast Tamer Male Face 1 (Sapphire)
Face,M23013,6,23613,Beast Tamer Male Face 1 (Violet)
Face,M23013,7,23713,Beast Tamer Male Face 1 (Amethyst)
Face,M23013,8,23813,Beast Tamer Male Face 1 (White)
Face,M23014,0,23014,Beast Tamer Male Face 2 (Black)
Face,M23014,1,23114,Beast Tamer Male Face 2 (Blue)
Face,M23014,2,23214,Innocent Face (Red)
Face,M23014,3,23314,Beast Tamer Male Face 2 (Green)
Face,M23014,4,23414,Beast Tamer Male Face 2 (Hazel)
Face,M23014,5,23514,Beast Tamer Male Face 2 (Sapphire)
Face,M23014,6,23614,Beast Tamer Male Face 2 (Violet)
Face,M23014,7,23714,Beast Tamer Male Face 2 (Amethyst)
Face,M23014,8,23814,Beast Tamer Male Face 2 (White)
Face,M23015,0,23015,Oscar Face (Black)
Face,M23015,1,23115,Oscar Face (Blue)
Face,M23015,2,23215,Oscar Face (Red)
Face,M23015,3,23315,Oscar Face (Green)
Face,M23015,4,23415,Oscar Face (Hazel)
Face,M23015,5,23515,Oscar Face (Sapphire)
Face,M23015,6,23615,Oscar Face (Violet)
Face,M23015,7,23715,Oscar Face (Amethyst)
Face,M23015,8,23815,Face 23815
Face,M23016,0,23016,Grudge Face (Black)
Face,M23016,1,23116,Grudge Face (Blue)
Face,M23016,2,23216,Grudge Face (Red)
Face,M23016,3,23316,Grudge Face (Green)
Face,M23016,4,23416,Grudge Face (Hazel)
Face,M23016,5,23516,Grudge Face (Sapphire)
Face,M23016,6,23616,Grudge Face (Violet)
Face,M23016,7,23716,Grudge Face (Amethyst)
Face,M23016,8,23816,Grudge Face (White)
Face,M23017,0,23017,Crescent Eye Face (Black)
Face,M23017,1,23117,Crescent Eye Face (Blue)
Face,M23017,2,23217,Crescent Eye Face (Red)
Face,M23017,3,23317,Crescent Eye Face (Green)
Face,M23017,4,23417,Crescent Eye Face (Hazel)
Face,M23017,5,23517,Crescent Eye Face (Sapphire)
Face,M23017,6,23617,Crescent Eye Face (Violet)
Face,M23017,7,23717,Crescent Eye Face (Amethyst)
Face,M23017,8,23817,Crescent Eye Face (White)
Face,M23018,0,23018,Peculiar Face (M) (Black)
Face,M23018,1,23118,Peculiar Face (M) (Blue)
Face,M23018,2,23218,Peculiar Face (M) (Red)
Face,M23018,3,23318,Peculiar Face (M) (Green)
Face,M23018,4,23418,Peculiar Face (M) (Hazel)
Face,M23018,5,23518,Peculiar Face (M) (Sapphire)
Face,M23018,6,23618,Peculiar Face (M) (Violet)
Face,M23018,7,23718,Peculiar Face (M) (Amethyst)
Face,M23018,8,23818,Face 23818
Face,M23019,0,23019,Big Man Face (Black)
Face,M23019,1,23119,Big Man Face (Blue)
Face,M23019,2,23219,Big Man Face (Red)
Face,M23019,3,23319,Big Man Face (Green)
Face,M23019,4,23419,Big Man Face (Hazel)
Face,M23019,5,23519,Big Man Face (Sapphire)
Face,M23019,6,23619,Big Man Face (Violet)
Face,M23019,7,23719,Big Man Face (Amethyst)
Face,M23019,8,23819,Big Man Face (White)
Face,M23020,0,23020,Dewy-Eyed Face (Black)
Face,M23020,1,23120,Blue Dewy-Eyed Face (Blue)
Face,M23020,2,23220,Red Dewy-Eyed Face (Red)
Face,M23020,3,23320,Green Dewy-Eyed Face (Green)
Face,M23020,4,23420,Hazel Dewy-Eyed Face (Hazel)
Face,M23020,5,23520,Sapphire Dewy-Eyed Face (Sapphire)
Face,M23020,6,23620,Violet Dewy-Eyed Face (Violet)
Face,M23020,7,23720,Amethyst Dewy-Eyed Face (Amethyst)
Face,M23020,8,23820,White Dewy-Eyed Face (White)
Face,M23021,0,23021,Adorkable Giggle (Black)
Face,M23021,1,23121,Adorkable Giggle (Blue)
Face,M23021,2,23221,Adorkable Giggle (Red)
Face,M23021,3,23321,Adorkable Giggle (Green)
Face,M23021,4,23421,Adorkable Giggle (Yellow)
Face,M23021,5,23521,Adorkable Giggle (Cyan)
Face,M23021,6,23621,Adorkable Giggle (Purple)
Face,M23021,7,23721,Adorkable Giggle (Pink)
Face,M23021,8,23821,Adorkable Giggle (White)
Face,M23022,0,23022,Face 23022
Face,M23022,1,23122,Face 23122
Face,M23022,2,23222,Face 23222
Face,M23022,3,23322,Face 23322
Face,M23022,4,23422,Face 23422
Face,M23022,5,23522,Face 23522
Face,M23022,6,23622,Face 23622
Face,M23022,7,23722,Face 23722
Face,M23022,8,23822,Face 23822
Face,M23023,0,23023,Marron Face (Black)
Face,M23023,1,23123,Marron Face (Blue)
Face,M23023,2,23223,Marron Face (Red)
Face,M23023,3,23323,Marron Face (Green)
Face,M23023,4,23423,Marron Face (Hazel)
Face,M23023,5,23523,Marron Face (Sapphire)
Face,M23023,6,23623,Marron Face (Violet)
Face,M23023,7,23723,Marron Face (Amethyst)
Face,M23023,8,23823,Marron Face (White)
Face,M23024,0,23024,Dreamy Face (Black)
Face,M23024,1,23124,Dreamy Face (Blue)
Face,M23024,2,23224,Dreamy Face (Red)
Face,M23024,3,23324,Dreamy Face (Green)
Face,M23024,4,23424,Dreamy Face (Hazel)
Face,M23024,5,23524,Dreamy Face (Sapphire)
Face,M23024,6,23624,Dreamy Face (Violet)
Face,M23024,7,23724,Dreamy Face (Amethyst)
Face,M23024,8,23824,Dreamy Face (White)
Face,M23025,0,23025,Big Beady Face
Face,M23025,1,23125,Big Beady Face
Face,M23025,2,23225,Big Beady Face
Face,M23025,3,23325,Big Beady Face
Face,M23025,4,23425,Big Beady Face
Face,M23025,5,23525,Big Beady Face
Face,M23025,6,23625,Big Beady Face
Face,M23025,7,23725,Big Beady Face
Face,M23025,8,23825,Big Beady Face
Face,M23026,0,23026,크리스토프 성형1
Face,M23026,1,23126,크리스토프 성형1
Face,M23026,2,23226,크리스토프 성형1
Face,M23026,3,23326,크리스토프 성형1
Face,M23026,4,23426,크리스토프 성형1
Face,M23026,5,23526,크리스토프 성형1
Face,M23026,6,23626,크리스토프 성형1
Face,M23026,7,23726,크리스토프 성형1
Face,M23026,8,23826,Face 23826
Face,M23027,0,23027,크리스토프 성형2
Face,M23027,1,23127,크리스토프 성형2
Face,M23027,2,23227,크리스토프 성형2
Face,M23027,3,23327,크리스토프 성형2
Face,M23027,4,23427,크리스토프 성형2
Face,M23027,5,23527,크리스토프 성형2
Face,M23027,6,23627,크리스토프 성형2
Face,M23027,7,23727,크리스토프 성형2
Face,M23027,8,23827,Face 23827
Face,M23028,0,23028,Serene Face (Black)
Face,M23028,1,23128,Serene Face (Blue)
Face,M23028,2,23228,Serene Face (Red)
Face,M23028,3,23328,Serene Face (Green)
Face,M23028,4,23428,Serene Face (Hazel)
Face,M23028,5,23528,Serene Face (Sapphire)
Face,M23028,6,23628,Serene Face (Violet)
Face,M23028,7,23728,Serene Face (Amethyst)
Face,M23028,8,23828,Serene Face (White)
Face,M23029,0,23029,Legendary Face (Black)
Face,M23029,1,23129,Legendary Face (Blue)
Face,M23029,2,23229,Legendary Face (Red)
Face,M23029,3,23329,Legendary Face (Green)
Face,M23029,4,23429,Legendary Face (Hazel)
Face,M23029,5,23529,Legendary Face (Sapphire)
Face,M23029,6,23629,Legendary Face (Violet)
Face,M23029,7,23729,Legendary Face (Amethyst)
Face,M23029,8,23829,Neville  the Legend (White)
Face,M23030,0,23030,Clobber (Black)
Face,M23030,1,23130,Clobber (Blue)
Face,M23030,2,23230,Clobber (Red)
Face,M23030,3,23330,Clobber (Green)
Face,M23030,4,23430,Clobber (Hazel)
Face,M23030,5,23530,Clobber (Sapphire)
Face,M23030,6,23630,Clobber (Violet)
Face,M23030,7,23730,Clobber (Amethyst)
Face,M23030,8,23830,Clobber (White)
Face,M23031,0,23031,Sweet Face (Black)
Face,M23031,1,23131,Sweet Face (Blue)
Face,M23031,2,23231,Sweet Face (Red)
Face,M23031,3,23331,Sweet Face (Green)
Face,M23031,4,23431,Sweet Face (Hazel)
Face,M23031,5,23531,Sweet Face (Sapphire)
Face,M23031,6,23631,Sweet Face (Violet)
Face,M23031,7,23731,Sweet Face (Amethyst)
Face,M23031,8,23831,Sweet Face (White)
Face,M23032,0,23032,Round Face (Black)
Face,M23032,1,23132,Round Face (Blue)
Face,M23032,2,23232,Round Face (Red)
Face,M23032,3,23332,Round Face (Green)
Face,M23032,4,23432,Round Face (Hazel)
Face,M23032,5,23532,Round Face (Sapphire)
Face,M23032,6,23632,Round Face (Violet)
Face,M23032,7,23732,Round Face (Amethyst)
Face,M23032,8,23832,Round Face (White)
Face,M23033,0,23033,Kiddo Face (Black)
Face,M23033,1,23133,Kiddo Face (Blue)
Face,M23033,2,23233,Kiddo Face (Red)
Face,M23033,3,23333,Kiddo Face (Green)
Face,M23033,4,23433,Kiddo Face (Hazel)
Face,M23033,5,23533,Kiddo Face (Sapphire)
Face,M23033,6,23633,Kiddo Face (Violet)
Face,M23033,7,23733,Kiddo Face (Amethyst)
Face,M23033,8,23833,Kiddo Face (White)
Face,M23034,0,23034,Baby Face (Black)
Face,M23034,1,23134,Baby Face (Blue)
Face,M23034,2,23234,Baby Face (Red)
Face,M23034,3,23334,Baby Face (Green)
Face,M23034,4,23434,Baby Face (Hazel)
Face,M23034,5,23534,Baby Face (Sapphire)
Face,M23034,6,23634,Baby Face (Violet)
Face,M23034,7,23734,Baby Face (Amethyst)
Face,M23034,8,23834,Baby Face (White)
Face,M23035,0,23035,Stern Face (Black)
Face,M23035,1,23135,Stern Face (Blue)
Face,M23035,2,23235,Stern Face (Red)
Face,M23035,3,23335,Stern Face (Green)
Face,M23035,4,23435,Stern Face (Hazel)
Face,M23035,5,23535,Stern Face (Sapphire)
Face,M23035,6,23635,Stern Face (Violet)
Face,M23035,7,23735,Stern Face (Amethyst)
Face,M23035,8,23835,Stern Face (White)
Face,M23036,0,23036,Face 23036
Face,M23036,1,23136,Face 23136
Face,M23036,2,23236,Face 23236
Face,M23036,3,23336,Face 23336
Face,M23036,4,23436,Face 23436
Face,M23036,5,23536,Face 23536
Face,M23036,6,23636,Face 23636
Face,M23036,7,23736,Face 23736
Face,M23036,8,23836,Face 23836
Face,M23037,0,23037,Face 23037
Face,M23037,1,23137,Face 23137
Face,M23037,2,23237,Face 23237
Face,M23037,3,23337,Face 23337
Face,M23037,4,23437,Face 23437
Face,M23037,5,23537,Face 23537
Face,M23037,6,23637,Face 23637
Face,M23037,7,23737,Face 23737
Face,M23037,8,23837,Face 23837
Face,M23038,0,23038,Dylan Face (Black)
Face,M23038,1,23138,Dylan Face (Blue)
Face,M23038,2,23238,Dylan Face (Red)
Face,M23038,3,23338,Dylan Face (Green)
Face,M23038,4,23438,Dylan Face (Hazel)
Face,M23038,5,23538,Dylan Face (Sapphire)
Face,M23038,6,23638,Dylan Face (Violet)
Face,M23038,7,23738,Dylan Face (Amethyst)
Face,M23038,8,23838,Dylan Face (White)
Face,M23039,0,23039,Cartoon Face (Black)
Face,M23039,1,23139,Cartoon Face (Blue)
Face,M23039,2,23239,Cartoon Face (Red)
Face,M23039,3,23339,Cartoon Face (Green)
Face,M23039,4,23439,Cartoon Face (Hazel)
Face,M23039,5,23539,Cartoon Face (Sapphire)
Face,M23039,6,23639,Cartoon Face (Violet)
Face,M23039,7,23739,Cartoon Face (Amethyst)
Face,M23039,8,23839,Cartoon Face (White)
Face,M23040,0,23040,Creepy Face (Black)
Face,M23040,1,23140,Creepy Face (Blue)
Face,M23040,2,23240,Creepy Face (Red)
Face,M23040,3,23340,Creepy Face (Green)
Face,M23040,4,23440,Creepy Face (Hazel)
Face,M23040,5,23540,Creepy Face (Sapphire)
Face,M23040,6,23640,Creepy Face (Violet)
Face,M23040,7,23740,Creepy Face (Amethyst)
Face,M23040,8,23840,Creepy Face (White)
Face,M23041,0,23041,Strong Face (Black)
Face,M23041,1,23141,Strong Face (Blue)
Face,M23041,2,23241,Strong Face (Red)
Face,M23041,3,23341,Strong Face (Green)
Face,M23041,4,23441,Strong Face (Hazel)
Face,M23041,5,23541,Strong Face (Sapphire)
Face,M23041,6,23641,Strong Face (Violet)
Face,M23041,7,23741,Strong Face (Amethyst)
Face,M23041,8,23841,Strong Face (White)
Face,M23042,0,23042,Face of Longing
Face,M23042,1,23142,Face of Longing
Face,M23042,2,23242,Face of Longing
Face,M23042,3,23342,Face of Longing
Face,M23042,4,23442,Face of Longing
Face,M23042,5,23542,Face of Longing
Face,M23042,6,23642,Face of Longing
Face,M23042,7,23742,Face of Longing
Face,M23042,8,23842,Longing Face
Face,M23043,0,23043,Determined Face (Black)
Face,M23043,1,23143,Determined Face (Blue)
Face,M23043,2,23243,Determined Face (Red)
Face,M23043,3,23343,Determined Face (Green)
Face,M23043,4,23443,Determined Face (Hazel)
Face,M23043,5,23543,Determined Face (Sapphire)
Face,M23043,6,23643,Determined Face (Violet)
Face,M23043,7,23743,Determined Face (Amethyst)
Face,M23043,8,23843,Determined Face (White)
Face,M23044,0,23044,Patissier Face (Black)
Face,M23044,1,23144,Patissier Face (Blue)
Face,M23044,2,23244,Patissier Face (Red)
Face,M23044,3,23344,Patissier Face (Green)
Face,M23044,4,23444,Patissier Face (Hazel)
Face,M23044,5,23544,Patissier Face (Sapphire)
Face,M23044,6,23644,Patissier Face (Violet)
Face,M23044,7,23744,Patissier Face (Amethyst)
Face,M23044,8,23844,Face 23844
Face,M23045,0,23045,Face 23045
Face,M23045,1,23145,Face 23145
Face,M23045,2,23245,Face 23245
Face,M23045,3,23345,Face 23345
Face,M23045,4,23445,Face 23445
Face,M23045,5,23545,Face 23545
Face,M23045,6,23645,Face 23645
Face,M23045,7,23745,Face 23745
Face,M23045,8,23845,Face 23845
Face,M23046,0,23046,Face 23046
Face,M23046,1,23146,Face 23146
Face,M23046,2,23246,Face 23246
Face,M23046,3,23346,Face 23346
Face,M23046,4,23446,Face 23446
Face,M23046,5,23546,Face 23546
Face,M23046,6,23646,Face 23646
Face,M23046,7,23746,Face 23746
Face,M23046,8,23846,Face 23846
Face,M23047,0,23047,Face 23047
Face,M23047,1,23147,Face 23147
Face,M23047,2,23247,Face 23247
Face,M23047,3,23347,Face 23347
Face,M23047,4,23447,Face 23447
Face,M23047,5,23547,Face 23547
Face,M23047,6,23647,Face 23647
Face,M23047,7,23747,Face 23747
Face,M23047,8,23847,Face 23847
Face,M23048,0,23048,Face 23048
Face,M23048,1,23148,Face 23148
Face,M23048,2,23248,Face 23248
Face,M23048,3,23348,Face 23348
Face,M23048,4,23448,Face 23448
Face,M23048,5,23548,Face 23548
Face,M23048,6,23648,Face 23648
Face,M23048,7,23748,Face 23748
Face,M23048,8,23848,Face 23848
Face,M23051,0,23051,Face 23051
Face,M23051,1,23151,Face 23151
Face,M23051,2,23251,Face 23251
Face,M23051,3,23351,Face 23351
Face,M23051,4,23451,Face 23451
Face,M23051,5,23551,Face 23551
Face,M23051,6,23651,Face 23651
Face,M23051,7,23751,Face 23751
Face,M23051,8,23851,Face 23851
Face,M23052,0,23052,Face 23052
Face,M23052,1,23152,Face 23152
Face,M23052,2,23252,Face 23252
Face,M23052,3,23352,Face 23352
Face,M23052,4,23452,Face 23452
Face,M23052,5,23552,Face 23552
Face,M23052,6,23652,Face 23652
Face,M23052,7,23752,Face 23752
Face,M23053,0,23053,Displeased Face (Black)
Face,M23053,1,23153,Displeased Face (Blue)
Face,M23053,2,23253,Displeased Face (Red)
Face,M23053,3,23353,Displeased Face (Green)
Face,M23053,4,23453,Displeased Face (Hazel)
Face,M23053,5,23553,Displeased Face (Sapphire)
Face,M23053,6,23653,Displeased Face (Violet)
Face,M23053,7,23753,Displeased Face (Amethyst)
Face,M23053,8,23853,Displeased Face (White)
Face,M23054,0,23054,Baby Face (Black)
Face,M23054,1,23154,Baby Face (Blue)
Face,M23054,2,23254,Baby Face (Red)
Face,M23054,3,23354,Baby Face (Green)
Face,M23054,4,23454,Baby Face (Hazel)
Face,M23054,5,23554,Baby Face (Sapphire)
Face,M23054,6,23654,Baby Face (Violet)
Face,M23054,7,23754,Baby Face (Amethyst)
Face,M23055,0,23055,Futuroid Face (Black)
Face,M23055,1,23155,Futuroid Face (Blue)
Face,M23055,2,23255,Futuroid Face (Red)
Face,M23055,3,23355,Futuroid Face (Green)
Face,M23055,4,23455,Futuroid Face (Hazel)
Face,M23055,5,23555,Futuroid Face (Sapphire)
Face,M23055,6,23655,Futuroid Face (Violet)
Face,M23055,7,23755,Futuroid Face (Amethyst)
Face,M23055,8,23855,Futuroid Face (White)
Face,M23056,0,23056,Bright Face (Black)
Face,M23056,1,23156,Bright Face (Blue)
Face,M23056,2,23256,Bright Face (Red)
Face,M23056,3,23356,Bright Face (Green)
Face,M23056,4,23456,Bright Face (Hazel)
Face,M23056,5,23556,Bright Face (Sapphire)
Face,M23056,6,23656,Bright Face (Violet)
Face,M23056,7,23756,Bright Face (Amethyst)
Face,M23056,8,23856,Bright Face (White)
Face,M23057,0,23057,Sesame Face (Black)
Face,M23057,1,23157,Sesame Face (Blue)
Face,M23057,2,23257,Sesame Face (Red)
Face,M23057,3,23357,Sesame Face (Green)
Face,M23057,4,23457,Sesame Face (Hazel)
Face,M23057,5,23557,Sesame Face (Sapphire)
Face,M23057,6,23657,Sesame Face (Violet)
Face,M23057,7,23757,Sesame Face (Amethyst)
Face,M23057,8,23857,Sesame Face (White)
Face,M23059,0,23059,Surprised Face (Black)
Face,M23059,1,23159,Surprised Face (Blue)
Face,M23059,2,23259,Surprised Face (Red)
Face,M23059,3,23359,Surprised Face (Green)
Face,M23059,4,23459,Surprised Face (Hazel)
Face,M23059,5,23559,Surprised Face (Sapphire)
Face,M23059,6,23659,Surprised Face (Violet)
Face,M23059,7,23759,Surprised Face (Amethyst)
Face,M23059,8,23859,Surprised Face (White)
Face,M23060,0,23060,Elwin Face (Black)
Face,M23060,1,23160,Elwin Face (Blue)
Face,M23060,2,23260,Elwin Face (Red)
Face,M23060,3,23360,Elwin Face (Green)
Face,M23060,4,23460,Elwin Face (Hazel)
Face,M23060,5,23560,Elwin Face (Sapphire)
Face,M23060,6,23660,Elwin Face (Violet)
Face,M23060,7,23760,Elwin Face (Amethyst)
Face,M23060,8,23860,Elwin Face (White)
Face,M23061,0,23061,Friendly Friend Face (Black)
Face,M23061,1,23161,Friendly Friend Face (Blue)
Face,M23061,2,23261,Friendly Friend Face (Red)
Face,M23061,3,23361,Friendly Friend Face (Green)
Face,M23061,4,23461,Friendly Friend Face (Hazel)
Face,M23061,5,23561,Friendly Friend Face (Sapphire)
Face,M23061,6,23661,Friendly Friend Face (Violet)
Face,M23061,7,23761,Friendly Friend Face (Amethyst)
Face,M23062,0,23062,Furtive Smile Face (Black)
Face,M23062,1,23162,Furtive Smile Face (Blue)
Face,M23062,2,23262,Furtive Smile Face (Red)
Face,M23062,3,23362,Furtive Smile Face (Green)
Face,M23062,4,23462,Furtive Smile Face (Hazel)
Face,M23062,5,23562,Furtive Smile Face (Sapphire)
Face,M23062,6,23662,Furtive Smile Face (Violet)
Face,M23062,7,23762,Furtive Smile Face (Amethyst)
Face,M23063,0,23063,Cold Face (Black)
Face,M23063,1,23163,Cold Face (Blue)
Face,M23063,2,23263,Cold Face (Red)
Face,M23063,3,23363,Cold Face (Green)
Face,M23063,4,23463,Cold Face (Hazel)
Face,M23063,5,23563,Cold Face (Sapphire)
Face,M23063,6,23663,Cold Face (Violet)
Face,M23063,7,23763,Cold Face (Amethyst)
Face,M23063,8,23863,Face 23863
Face,M23064,0,23064,Face 23064
Face,M23064,1,23164,Face 23164
Face,M23064,2,23264,Face 23264
Face,M23064,3,23364,Face 23364
Face,M23064,4,23464,Face 23464
Face,M23064,5,23564,Face 23564
Face,M23064,6,23664,Face 23664
Face,M23064,7,23764,Face 23764
Face,M23064,8,23864,Face 23864
Face,M23065,0,23065,Game Face (Black)
Face,M23065,1,23165,Game Face (Blue)
Face,M23065,2,23265,Game Face (Red)
Face,M23065,3,23365,Game Face (Green)
Face,M23065,4,23465,Game Face (Hazel)
Face,M23065,5,23565,Game Face (Sapphire)
Face,M23065,6,23665,Game Face (Violet)
Face,M23065,7,23765,Game Face (Amethyst)
Face,M23065,8,23865,Game Face (White)
Face,M23066,0,23066,Heartless Face (Black)
Face,M23066,1,23166,Heartless Face (Blue)
Face,M23066,2,23266,Heartless Face (Red)
Face,M23066,3,23366,Heartless Face (Green)
Face,M23066,4,23466,Heartless Face (Hazel)
Face,M23066,5,23566,Heartless Face (Sapphire)
Face,M23066,6,23666,Heartless Face (Violet)
Face,M23066,7,23766,Heartless Face (Amethyst)
Face,M23066,8,23866,Heartless Face (White)
Face,M23067,0,23067,Real Face (Black)
Face,M23067,1,23167,Real Face (Blue)
Face,M23067,2,23267,Real Face (Red)
Face,M23067,3,23367,Real Face (Green)
Face,M23067,4,23467,Real Face (Hazel)
Face,M23067,5,23567,Real Face (Sapphire)
Face,M23067,6,23667,Real Face (Violet)
Face,M23067,7,23767,Real Face (Amethyst)
Face,M23068,0,23068,Alluring Face (Black)
Face,M23068,1,23168,Alluring Face (Blue)
Face,M23068,2,23268,Alluring Face (Red)
Face,M23068,3,23368,Alluring Face (Green)
Face,M23068,4,23468,Alluring Face (Hazel)
Face,M23068,5,23568,Alluring Face (Sapphire)
Face,M23068,6,23668,Alluring Face (Violet)
Face,M23068,7,23768,Alluring Face (Amethyst)
Face,M23068,8,23868,Alluring Face (White)
Face,M23069,0,23069,Persevering Face(Black)
Face,M23069,1,23169,Persevering Face (Blue)
Face,M23069,2,23269,Persevering Face (Red)
Face,M23069,3,23369,Persevering Face (Green)
Face,M23069,4,23469,Persevering Face (Hazel)
Face,M23069,5,23569,Persevering Face (Sapphire)
Face,M23069,6,23669,Persevering Face (Violet)
Face,M23069,7,23769,Persevering Face (Amethyst)
Face,M23069,8,23869,Persevering Face (White)
Face,M23070,0,23070,Black Heartbreaker Face
Face,M23070,1,23170,Blue Heartbreaker Face
Face,M23070,2,23270,Red Heartbreaker Face
Face,M23070,3,23370,Green Heartbreaker Face
Face,M23070,4,23470,Brown Heartbreaker Face
Face,M23070,5,23570,Sapphire Heartbreaker Face
Face,M23070,6,23670,Violet Heartbreaker Face
Face,M23070,7,23770,Amethyst Heartbreaker Face
Face,M23070,8,23870,White Heartbreaker Face
Face,M23071,0,23071,Face 23071
Face,M23071,1,23171,Face 23171
Face,M23071,2,23271,Face 23271
Face,M23071,3,23371,Face 23371
Face,M23071,4,23471,Face 23471
Face,M23071,5,23571,Face 23571
Face,M23071,6,23671,Face 23671
Face,M23071,7,23771,Face 23771
Face,M23071,8,23871,Face 23871
Face,M23072,0,23072,Pure Beauty Face (Black)
Face,M23072,1,23172,Pure Beauty Face (Blue)
Face,M23072,2,23272,Pure Beauty Face (Red)
Face,M23072,3,23372,Pure Beauty Face (Green)
Face,M23072,4,23472,Pure Beauty Face (Hazel)
Face,M23072,5,23572,Pure Beauty Face (Sapphire)
Face,M23072,6,23672,Pure Beauty Face (Violet)
Face,M23072,7,23772,Pure Beauty Face (Amethyst)
Face,M23072,8,23872,Pure Beauty Face (White)
Face,M23073,0,23073,Magnus Face
Face,M23073,1,23173,Magnus Face
Face,M23073,2,23273,Magnus Face
Face,M23073,3,23373,Magnus Face
Face,M23073,4,23473,Magnus Face
Face,M23073,5,23573,Magnus Face
Face,M23073,6,23673,Magnus Face
Face,M23073,7,23773,Magnus Face
Face,M23073,8,23873,Magnus Android Face (White)
Face,M23074,0,23074,Beautiful Face (Black)
Face,M23074,1,23174,Beautiful Face (Blue)
Face,M23074,2,23274,Beautiful Face (Red)
Face,M23074,3,23374,Beautiful Face (Green)
Face,M23074,4,23474,Beautiful Face (Hazel)
Face,M23074,5,23574,Beautiful Face (Sapphire)
Face,M23074,6,23674,Beautiful Face (Violet)
Face,M23074,7,23774,Beautiful Face (Amethyst)
Face,M23075,0,23075,Devilish Face (Black)
Face,M23075,1,23175,Devilish Face (Blue)
Face,M23075,2,23275,Devilish Face (Red)
Face,M23075,3,23375,Devilish Face (Green)
Face,M23075,4,23475,Devilish Face (Hazel)
Face,M23075,5,23575,Devilish Face (Sapphire)
Face,M23075,6,23675,Devilish Face (Violet)
Face,M23075,7,23775,Devilish Face (Amethyst)
Face,M23075,8,23875,Devilish Face (White)
Face,M23076,0,23076,Heartbroken Face (Black)
Face,M23076,1,23176,Heartbroken Face (Blue)
Face,M23076,2,23276,Heartbroken Face (Red)
Face,M23076,3,23376,Heartbroken Face (Green)
Face,M23076,4,23476,Heartbroken Face (Hazel)
Face,M23076,5,23576,Heartbroken Face (Sapphire)
Face,M23076,6,23676,Heartbroken Face (Violet)
Face,M23076,7,23776,Heartbroken Face (Amethyst)
Face,M23076,8,23876,Heartbroken Face (White)
Face,M23077,0,23077,Face 23077
Face,M23077,1,23177,Face 23177
Face,M23077,2,23277,Face 23277
Face,M23077,3,23377,Face 23377
Face,M23077,4,23477,Face 23477
Face,M23077,5,23577,Face 23577
Face,M23077,6,23677,Face 23677
Face,M23077,7,23777,Face 23777
Face,M23077,8,23877,Face 23877
Face,M23078,0,23078,Face 23078
Face,M23078,1,23178,Face 23178
Face,M23078,2,23278,Face 23278
Face,M23078,3,23378,Face 23378
Face,M23078,4,23478,Face 23478
Face,M23078,5,23578,Face 23578
Face,M23078,6,23678,Face 23678
Face,M23078,7,23778,Face 23778
Face,M23078,8,23878,Face 23878
Face,M23079,0,23079,Jay Face (Black)
Face,M23079,1,23179,Jay Face (Blue)
Face,M23079,2,23279,Jay Face (Red)
Face,M23079,3,23379,Jay Face (Green)
Face,M23079,4,23479,Jay Face (Hazel)
Face,M23079,5,23579,Jay Face (Sapphire)
Face,M23079,6,23679,Jay Face (Violet)
Face,M23079,7,23779,Jay Face (Amethyst)
Face,M23079,8,23879,Jay Face (White)
Face,M23080,0,23080,Power Dude Face
Face,M23080,1,23180,Power Dude Face
Face,M23080,2,23280,Power Dude Face
Face,M23080,3,23380,Power Dude Face
Face,M23080,4,23480,Power Dude Face
Face,M23080,5,23580,Power Dude Face
Face,M23080,6,23680,Power Dude Face
Face,M23080,7,23780,Power Dude Face
Face,M23081,0,23081,Futuristic Face (Black)
Face,M23081,1,23181,Futuristic Face (Blue)
Face,M23081,2,23281,Futuristic Face (Red)
Face,M23081,3,23381,Futuristic Face (Green)
Face,M23081,4,23481,Futuristic Face (Brown)
Face,M23081,5,23581,Futuristic Face (Sapphire)
Face,M23081,6,23681,Futuristic Face (Violet)
Face,M23081,7,23781,Futuristic Face (Amethyst)
Face,M23081,8,23881,Futuristic Face (White)
Face,M23082,0,23082,Round Eye Face
Face,M23082,1,23182,Round Eye Face
Face,M23082,2,23282,Round Eye Face
Face,M23082,3,23382,Round Eye Face
Face,M23082,4,23482,Round Eye Face
Face,M23082,5,23582,Round Eye Face
Face,M23082,6,23682,Round Eye Face
Face,M23082,7,23782,Round Eye Face
Face,M23083,0,23083,Insomnia Face (Black)
Face,M23083,1,23183,Insomnia Face (Blue)
Face,M23083,2,23283,Insomnia Face (Red)
Face,M23083,3,23383,Insomnia Face (Green)
Face,M23083,4,23483,Insomnia Face (Hazel)
Face,M23083,5,23583,Insomnia Face (Sapphire)
Face,M23083,6,23683,Insomnia Face (Violet)
Face,M23083,7,23783,Insomnia Face (Amethyst)
Face,M23083,8,23883,Face 23883
Face,M23084,0,23084,Doll Face (Black)
Face,M23084,1,23184,Doll Face (Blue)
Face,M23084,2,23284,Doll Face (Red)
Face,M23084,3,23384,Doll Face (Green)
Face,M23084,4,23484,Doll Face (Hazel)
Face,M23084,5,23584,Doll Face (Sapphire)
Face,M23084,6,23684,Doll Face (Violet)
Face,M23084,7,23784,Doll Face (Amethyst)
Face,M23084,8,23884,Doll Face (White)
Face,M23085,0,23085,Vacant Face (Black)
Face,M23085,1,23185,Vacant Face (Blue)
Face,M23085,2,23285,Vacant Face (Red)
Face,M23085,3,23385,Vacant Face (Green)
Face,M23085,4,23485,Vacant Face (Hazel)
Face,M23085,5,23585,Vacant Face (Sapphire)
Face,M23085,6,23685,Vacant Face (Violet)
Face,M23085,7,23785,Vacant Face (Amethyst)
Face,M23086,0,23086,Sparkling Face (Black)
Face,M23086,1,23186,Sparkling Face (Blue)
Face,M23086,2,23286,Sparkling Face (Red)
Face,M23086,3,23386,Sparkling Face (Green)
Face,M23086,4,23486,Sparkling Face (Hazel)
Face,M23086,5,23586,Sparkling Face (Sapphire)
Face,M23086,6,23686,Sparkling Face (Violet)
Face,M23086,7,23786,Sparkling Face (Amethyst)
Face,M23086,8,23886,Sparkling Face (White)
Face,M23087,0,23087,Phantom Face (Black)
Face,M23087,1,23187,Phantom Face (Blue)
Face,M23087,2,23287,Phantom Face (Red)
Face,M23087,3,23387,Phantom Face (Green)
Face,M23087,4,23487,Phantom Face (Hazel)
Face,M23087,5,23587,Phantom Face (Sapphire)
Face,M23087,6,23687,Phantom Face (Violet)
Face,M23087,7,23787,Phantom Face (Amethyst)
Face,M23087,8,23887,Phantom Face (White)
Face,M23088,0,23088,Heterochromia Face (Black)
Face,M23088,1,23188,Heterochromia Face (Blue)
Face,M23088,2,23288,Heterochromia Face (Red)
Face,M23088,3,23388,Heterochromia Face (Green)
Face,M23088,4,23488,Heterochromia Face (Hazel)
Face,M23088,5,23588,Heterochromia Face (Sapphire)
Face,M23088,6,23688,Heterochromia Face (Violet)
Face,M23088,7,23788,Heterochromia Face (Amethyst)
Face,M23088,8,23888,Heterochromia Face (White)
Face,M23089,0,23089,Dragon Master Face (Black)
Face,M23089,1,23189,Dragon Master Face (Blue)
Face,M23089,2,23289,Dragon Master Face (Red)
Face,M23089,3,23389,Dragon Master Face (Green)
Face,M23089,4,23489,Dragon Master Face (Hazel)
Face,M23089,5,23589,Dragon Master Face (Sapphire)
Face,M23089,6,23689,Dragon Master Face (Violet)
Face,M23089,7,23789,Dragon Master Face (Amethyst)
Face,M23089,8,23889,Dragon Master Face (White)
Face,M23090,0,23090,Forgotten Hero Face (Black)
Face,M23090,1,23190,Forgotten Hero Face (Blue)
Face,M23090,2,23290,Forgotten Hero Face (Red)
Face,M23090,3,23390,Forgotten Hero Face (Green)
Face,M23090,4,23490,Forgotten Hero Face (Hazel)
Face,M23090,5,23590,Forgotten Hero Face (Sapphire)
Face,M23090,6,23690,Forgotten Hero Face (Violet)
Face,M23090,7,23790,Forgotten Hero Face (Amethyst)
Face,M23090,8,23890,Forgotten Hero Face (White)
Face,M23091,0,23091,Heartless Face (Black)
Face,M23091,1,23191,Heartless Face (Blue)
Face,M23091,2,23291,Heartless Face (Red)
Face,M23091,3,23391,Heartless Face (Green)
Face,M23091,4,23491,Heartless Face (Hazel)
Face,M23091,5,23591,Heartless Face (Sapphire)
Face,M23091,6,23691,Heartless Face (Violet)
Face,M23091,7,23791,Heartless Face (Amethyst)
Face,M23091,8,23891,Heartless Face (Amethyst)
Face,M23092,0,23092,Disinterested Heterochromia Face (Black)
Face,M23092,1,23192,Disinterested Heterochromia Face (Blue)
Face,M23092,2,23292,Disinterested Heterochromia Face (Red)
Face,M23092,3,23392,Disinterested Heterochromia Face (Green)
Face,M23092,4,23492,Disinterested Heterochromia Face (Hazel)
Face,M23092,5,23592,Disinterested Heterochromia Face (Sapphire)
Face,M23092,6,23692,Disinterested Heterochromia Face (Violet)
Face,M23092,7,23792,Disinterested Heterochromia Face (Amethyst)
Face,M23092,8,23892,Disinterested Heterochromia Face (White)
Face,M23093,0,23093,Face 23093
Face,M23093,1,23193,Face 23193
Face,M23093,2,23293,Face 23293
Face,M23093,3,23393,Face 23393
Face,M23093,4,23493,Face 23493
Face,M23093,5,23593,Face 23593
Face,M23093,6,23693,Face 23693
Face,M23093,7,23793,Face 23793
Face,M23094,0,23094,Louie Face (Black)
Face,M23094,1,23194,Louie Face (Blue)
Face,M23094,2,23294,Louie Face (Red)
Face,M23094,3,23394,Louie Face (Green)
Face,M23094,4,23494,Louie Face (Hazel)
Face,M23094,5,23594,Louie Face (Sapphire)
Face,M23094,6,23694,Louie Face (Violet)
Face,M23094,7,23794,Louie Face (Amethyst)
Face,M23094,8,23894,Louie Face (White)
Face,M23095,0,23095,Bellicose Face (Black)
Face,M23095,1,23195,Bellicose Face (Blue)
Face,M23095,2,23295,Bellicose Face (Red)
Face,M23095,3,23395,Bellicose Face (Green)
Face,M23095,4,23495,Bellicose Face (Hazel)
Face,M23095,5,23595,Bellicose Face (Sapphire)
Face,M23095,6,23695,Bellicose Face (Violet)
Face,M23095,7,23795,Bellicose Face (Amethyst)
Face,M23095,8,23895,Bellicose Face (White)
Face,M23096,0,23096,Polearm Warrior Face (Black)
Face,M23096,1,23196,Polearm Warrior Face (Blue)
Face,M23096,2,23296,Polearm Warrior Face (Red)
Face,M23096,3,23396,Polearm Warrior Face (Green)
Face,M23096,4,23496,Polearm Warrior Face (Hazel)
Face,M23096,5,23596,Polearm Warrior Face (Sapphire)
Face,M23096,6,23696,Polearm Warrior Face (Violet)
Face,M23096,7,23796,Polearm Warrior Face (Amethyst)
Face,M23096,8,23896,Polearm Warrior Face (White)
Face,M23097,0,23097,Elf King Face (Black)
Face,M23097,1,23197,Elf King Face (Blue)
Face,M23097,2,23297,Elf King Face (Red)
Face,M23097,3,23397,Elf King Face (Green)
Face,M23097,4,23497,Elf King Face (Hazel)
Face,M23097,5,23597,Elf King Face (Sapphire)
Face,M23097,6,23697,Elf King Face (Violet)
Face,M23097,7,23797,Elf King Face (Amethyst)
Face,M23097,8,23897,Elf King Face (White)
Face,M23098,0,23098,Face 23098
Face,M23098,1,23198,Face 23198
Face,M23098,2,23298,Face 23298
Face,M23098,3,23398,Face 23398
Face,M23098,4,23498,Face 23498
Face,M23098,5,23598,Face 23598
Face,M23098,6,23698,Face 23698
Face,M23098,7,23798,Face 23798
Face,M23098,8,23898,Face 23898
Face,M23099,0,23099,He Who Awakened Face
Face,M23099,1,23199,He Who Awakened Face
Face,M23099,2,23299,He Who Awakened Face
Face,M23099,3,23399,He Who Awakened Face
Face,M23099,4,23499,He Who Awakened Face
Face,M23099,5,23599,He Who Awakened Face
Face,M23099,6,23699,He Who Awakened Face
Face,M23099,7,23799,He Who Awakened Face
Face,M23099,8,23899,He Who Awakened Face
Face,M24001,0,24001,Sugar Face (Black)
Face,M24001,1,24101,Sugar Face (Blue)
Face,M24001,2,24201,Sugar Face (Red)
Face,M24001,3,24301,Sugar Face (Green)
Face,M24001,4,24401,Sugar Face (Hazel)
Face,M24001,5,24501,Sugar Face (Hazel)
Face,M24001,6,24601,Sugar Face (Violet)
Face,M24001,7,24701,Sugar Face (Amethyst)
Face,M24001,8,24801,Sugar Face (White)
Face,M24002,0,24002,Jewel Eyes (Black)
Face,M24002,1,24102,Jewel Eyes (Blue)
Face,M24002,2,24202,Jewel Eyes (Red)
Face,M24002,3,24302,Jewel Eyes (Green)
Face,M24002,4,24402,Jewel Eyes (Hazel)
Face,M24002,5,24502,Jewel Eyes (Sapphire)
Face,M24002,6,24602,Jewel Eyes (Violet)
Face,M24002,7,24702,Jewel Eyes (Amethyst)
Face,M24002,8,24802,Jewel Eyes (White)
Face,M24003,0,24003,Spica Face (Black)
Face,M24003,1,24103,Spica Face (Blue)
Face,M24003,2,24203,Spica Face (Red)
Face,M24003,3,24303,Spica Face (Green)
Face,M24003,4,24403,Spica Face (Hazel)
Face,M24003,5,24503,Spica Face (Sapphire)
Face,M24003,6,24603,Spica Face (Violet)
Face,M24003,7,24703,Spica Face (Amethyst)
Face,M24003,8,24803,Spica Face (White)
Face,M24004,0,24004,Eyeline Face (Black)
Face,M24004,1,24104,Eyeline Face (Blue)
Face,M24004,2,24204,Eyeline Face (Red)
Face,M24004,3,24304,Eyeline Face (Green)
Face,M24004,4,24404,Eyeline Face (Hazel)
Face,M24004,5,24504,Eyeline Face (Sapphire) 
Face,M24004,6,24604,Eyeline Face (Violet)
Face,M24004,7,24704,Eyeline Face (Amethyst)
Face,M24004,8,24804,Eyeline Face (White)
Face,M24005,0,24005,Asuna's Face (Black)
Face,M24005,1,24105,Asuna's Face (Blue)
Face,M24005,2,24205,Asuna's Face (Red)
Face,M24005,3,24305,Asuna's Face (Green)
Face,M24005,4,24405,Asuna's Face (Hazel)
Face,M24005,5,24505,Asuna's Face (Sapphire) 
Face,M24005,6,24605,Asuna's Face (Violet)
Face,M24005,7,24705,Asuna's Face (Amethyst)
Face,M24005,8,24805,Asuna's Face (White)
Face,M24006,0,24006,Leafa's Face (Black)
Face,M24006,1,24106,Leafa's Face (Blue)
Face,M24006,2,24206,Leafa's Face (Red)
Face,M24006,3,24306,Leafa's Face (Green)
Face,M24006,4,24406,Leafa's Face (Hazel)
Face,M24006,5,24506,Leafa's Face (Sapphire) 
Face,M24006,6,24606,Leafa's Face (Violet)
Face,M24006,7,24706,Leafa's Face (Amethyst)
Face,M24006,8,24806,Leafa's Face (White)
Face,M24007,0,24007,Mr. Moon Face (Black)
Face,M24007,1,24107,Mr. Moon Face (Blue)
Face,M24007,2,24207,Mr. Moon Face (Red)
Face,M24007,3,24307,Mr. Moon Face (Green)
Face,M24007,4,24407,Mr. Moon Face (Hazel)
Face,M24007,5,24507,Mr. Moon Face (Sapphire)
Face,M24007,6,24607,Mr. Moon Face (Violet)
Face,M24007,7,24707,Mr. Moon Face (Amethyst)
Face,M24007,8,24807,Mr. Moon Face (White)
Face,M24008,0,24008,Tranquil Face (Black)
Face,M24008,1,24108,Tranquil Face (Blue)
Face,M24008,2,24208,Tranquil Face (Red)
Face,M24008,3,24308,Tranquil Face (Green)
Face,M24008,4,24408,Tranquil Face (Hazel)
Face,M24008,5,24508,Tranquil Face (Sapphire) 
Face,M24008,6,24608,Tranquil Face (Violet)
Face,M24008,7,24708,Tranquil Face (Amethyst)
Face,M24008,8,24808,Tranquil Face (White)
Face,M24009,0,24009,Beast Tamer Female Face 1 (Black)
Face,M24009,1,24109,Beast Tamer Female Face 1 (Blue)
Face,M24009,2,24209,Bad Attitude Face (Red)
Face,M24009,3,24309,Beast Tamer Female Face 1 (Green)
Face,M24009,4,24409,Beast Tamer Female Face 1 (Hazel)
Face,M24009,5,24509,Beast Tamer Female Face 1 (Sapphire)
Face,M24009,6,24609,Beast Tamer Female Face 1 (Violet)
Face,M24009,7,24709,Beast Tamer Female Face 1 (Amethyst)
Face,M24009,8,24809,Beast Tamer Female Face 1 (White)
Face,M24010,0,24010,Beast Tamer Female Face 2 (Black)
Face,M24010,1,24110,Beast Tamer Female Face 2 (Blue)
Face,M24010,2,24210,Innocent Face (Red)
Face,M24010,3,24310,Beast Tamer Female Face 2 (Green)
Face,M24010,4,24410,Beast Tamer Female Face 2 (Hazel)
Face,M24010,5,24510,Beast Tamer Female Face 2 (Sapphire)
Face,M24010,6,24610,Beast Tamer Female Face 2 (Violet)
Face,M24010,7,24710,Beast Tamer Female Face 2 (Amethyst)
Face,M24010,8,24810,Beast Tamer Female Face 2 (White)
Face,M24011,0,24011,Sugar-sweet Face (Black)
Face,M24011,1,24111,Sugar-sweet Face (Blue)
Face,M24011,2,24211,Sugar-sweet Face (Red)
Face,M24011,3,24311,Sugar-sweet Face (Green)
Face,M24011,4,24411,Sugar-sweet Face (Hazel)
Face,M24011,5,24511,Sugar-sweet Face (Sapphire) 
Face,M24011,6,24611,Sugar-sweet Face (Violet)
Face,M24011,7,24711,Sugar-sweet Face (Amethyst)
Face,M24011,8,24811,Sugar-sweet Face (White)
Face,M24012,0,24012,Eventful Face (Black)
Face,M24012,1,24112,Eventful Face (Blue)
Face,M24012,2,24212,Eventful Face (Red)
Face,M24012,3,24312,Eventful Face (Green)
Face,M24012,4,24412,Eventful Face (Hazel)
Face,M24012,5,24512,Eventful Face (Sapphire) 
Face,M24012,6,24612,Eventful Face (Violet)
Face,M24012,7,24712,Eventful Face (Amethyst)
Face,M24012,8,24812,Eventful Face (White)
Face,M24013,0,24013,Crescent Eye Face (Black)
Face,M24013,1,24113,Crescent Eye Face (Blue)
Face,M24013,2,24213,Crescent Eye Face
Face,M24013,3,24313,Crescent Eye Face (Green)
Face,M24013,4,24413,Crescent Eye Face
Face,M24013,5,24513,Crescent Eye Face (Sapphire) 
Face,M24013,6,24613,Crescent Eye Face (Violet)
Face,M24013,7,24713,Crescent Eye Face (Amethyst)
Face,M24013,8,24813,Crescent Eye Face (White)
Face,M24014,0,24014,Peculiar Face (F) (Black)
Face,M24014,1,24114,Peculiar Face (F) (Blue)
Face,M24014,2,24214,Peculiar Face (F) (Red)
Face,M24014,3,24314,Peculiar Face (F) (Green)
Face,M24014,4,24414,Peculiar Face (F) (Hazel)
Face,M24014,5,24514,Peculiar Face (F) (Sapphire) 
Face,M24014,6,24614,Peculiar Face (F) (Violet)
Face,M24014,7,24714,Peculiar Face (F) (Amethyst)
Face,M24014,8,24814,Face 24814
Face,M24015,0,24015,Big Lady Face (Black)
Face,M24015,1,24115,Big Lady Face (Blue)
Face,M24015,2,24215,Big Lady Face
Face,M24015,3,24315,Big Lady Face (Green)
Face,M24015,4,24415,Big Lady Face (Hazel)
Face,M24015,5,24515,Big Lady Face (Sapphire) 
Face,M24015,6,24615,Big Lady Face (Violet)
Face,M24015,7,24715,Big Lady Face (Amethyst)
Face,M24015,8,24815,Big Lady Face (White)
Face,M24016,0,24016,Black Dewy-Eyed Face (Black)
Face,M24016,1,24116,Blue Dewy-Eyed Face (Blue)
Face,M24016,2,24216,Red Dewy-Eyed Face (Red)
Face,M24016,3,24316,Green Dewy-Eyed Face (Green)
Face,M24016,4,24416,Hazel Dewy-Eyed Face (Hazel)
Face,M24016,5,24516,Sapphire Dewy-Eyed Face (Sapphire) 
Face,M24016,6,24616,Violet Dewy-Eyed Face (Violet)
Face,M24016,7,24716,Amethyst Dewy-Eyed Face (Amethyst)
Face,M24016,8,24816,White Dewy-Eyed Face (White)
Face,M24017,0,24017,Adorkable Giggle (Black)
Face,M24017,1,24117,Adorkable Giggle (Blue)
Face,M24017,2,24217,Adorkable Giggle (Red)
Face,M24017,3,24317,Adorkable Giggle (Green)
Face,M24017,4,24417,Adorkable Giggle (Yellow)
Face,M24017,5,24517,Adorkable Giggle (Cyan)
Face,M24017,6,24617,Adorkable Giggle (Purple)
Face,M24017,7,24717,Adorkable Giggle (Pink)
Face,M24017,8,24817,Adorkable Giggle (White)
Face,M24018,0,24018,Made-up Face (Black)
Face,M24018,1,24118,Made-up Face (Blue)
Face,M24018,2,24218,Made-up Face (Red)
Face,M24018,3,24318,Made-up Face (Green)
Face,M24018,4,24418,Made-up Face (Hazel)
Face,M24018,5,24518,Made-up Face (Sapphire) 
Face,M24018,6,24618,Made-up Face (Violet)
Face,M24018,7,24718,Made-up Face (Amethyst)
Face,M24018,8,24818,Made-up Face (White)
Face,M24019,0,24019,Marron Face (Black)
Face,M24019,1,24119,Marron Face (Blue)
Face,M24019,2,24219,Marron Face (Red)
Face,M24019,3,24319,Marron Face (Green)
Face,M24019,4,24419,Marron Face (Hazel)
Face,M24019,5,24519,Marron Face (Sapphire)
Face,M24019,6,24619,Marron Face (Violet)
Face,M24019,7,24719,Marron Face (Amethyst)
Face,M24019,8,24819,Marron Face (White)
Face,M24020,0,24020,Dreamy Face (Black)
Face,M24020,1,24120,Dreamy Face (Blue)
Face,M24020,2,24220,Dreamy Face (Red)
Face,M24020,3,24320,Dreamy Face (Green)
Face,M24020,4,24420,Dreamy Face (Hazel)
Face,M24020,5,24520,Dreamy Face (Sapphire)
Face,M24020,6,24620,Dreamy Face (Violet)
Face,M24020,7,24720,Dreamy Face (Amethyst)
Face,M24020,8,24820,Dreamy Face (White)
Face,M24021,0,24021,엘사성형1
Face,M24021,1,24121,엘사성형1
Face,M24021,2,24221,엘사성형1
Face,M24021,3,24321,엘사성형1
Face,M24021,4,24421,엘사성형1
Face,M24021,5,24521,엘사성형1
Face,M24021,6,24621,엘사성형1
Face,M24021,7,24721,엘사성형1
Face,M24021,8,24821,Face 24821
Face,M24022,0,24022,Big Beady Face
Face,M24022,1,24122,Big Beady Face
Face,M24022,2,24222,Big Beady Face
Face,M24022,3,24322,Big Beady Face
Face,M24022,4,24422,Big Beady Face
Face,M24022,5,24522,Big Beady Face
Face,M24022,6,24622,Big Beady Face
Face,M24022,7,24722,Big Beady Face
Face,M24022,8,24822,Big Beady Face
Face,M24023,0,24023,엘사성형2
Face,M24023,1,24123,엘사성형2
Face,M24023,2,24223,엘사성형2
Face,M24023,3,24323,엘사성형2
Face,M24023,4,24423,엘사성형2
Face,M24023,5,24523,엘사성형2
Face,M24023,6,24623,엘사성형2
Face,M24023,7,24723,엘사성형2
Face,M24023,8,24823,Face 24823
Face,M24024,0,24024,Serene Face (Black)
Face,M24024,1,24124,Serene Face (Blue)
Face,M24024,2,24224,Serene Face (Red)
Face,M24024,3,24324,Serene Face (Green)
Face,M24024,4,24424,Serene Face (Hazel)
Face,M24024,5,24524,Serene Face (Sapphire)
Face,M24024,6,24624,Serene Face (Violet)
Face,M24024,7,24724,Serene Face (Amethyst)
Face,M24024,8,24824,Serene Face (White)
Face,M24025,0,24025,Disease Control STAR (Black)
Face,M24025,1,24125,Disease Control STAR (Blue)
Face,M24025,2,24225,Disease Control STAR (Red)
Face,M24025,3,24325,Disease Control STAR (Green)
Face,M24025,4,24425,Disease Control STAR (Hazel)
Face,M24025,5,24525,Disease Control STAR (Sapphire) 
Face,M24025,6,24625,Disease Control STAR (Violet)
Face,M24025,7,24725,Disease Control STAR (Amethyst)
Face,M24025,8,24825,Disease Control STAR (White)
Face,M24026,0,24026,Sweet Face (Black)
Face,M24026,1,24126,Sweet Face (Blue)
Face,M24026,2,24226,Sweet Face (Red)
Face,M24026,3,24326,Sweet Face (Green)
Face,M24026,4,24426,Sweet Face (Hazel)
Face,M24026,5,24526,Sweet Face (Sapphire) 
Face,M24026,6,24626,Sweet Face (Violet)
Face,M24026,7,24726,Sweet Face (Amethyst)
Face,M24026,8,24826,Sweet Face (White)
Face,M24027,0,24027,Moonbeam Face (Black)
Face,M24027,1,24127,Moonbeam Face (Blue)
Face,M24027,2,24227,Moonbeam Face (Red)
Face,M24027,3,24327,Moonbeam Face (Green)
Face,M24027,4,24427,Moonbeam Face (Hazel)
Face,M24027,5,24527,Moonbeam Face (Sapphire)
Face,M24027,6,24627,Moonbeam Face (Violet)
Face,M24027,7,24727,Moonbeam Face (Amethyst)
Face,M24027,8,24827,Moonbeam Face (White)
Face,M24028,0,24028,Kiddo Face (Black)
Face,M24028,1,24128,Kiddo Face (Blue)
Face,M24028,2,24228,Kiddo Face (Red)
Face,M24028,3,24328,Kiddo Face (Green)
Face,M24028,4,24428,Kiddo Face (Hazel)
Face,M24028,5,24528,Kiddo Face (Sapphire)
Face,M24028,6,24628,Kiddo Face (Violet)
Face,M24028,7,24728,Kiddo Face (Amethyst)
Face,M24028,8,24828,Kiddo Face (White)
Face,M24029,0,24029,Baby Face (Black)
Face,M24029,1,24129,Baby Face (Blue)
Face,M24029,2,24229,Baby Face (Red)
Face,M24029,3,24329,Baby Face (Green)
Face,M24029,4,24429,Baby Face (Hazel)
Face,M24029,5,24529,Baby Face (Sapphire)
Face,M24029,6,24629,Baby Face (Violet)
Face,M24029,7,24729,Baby Face (Amethyst)
Face,M24029,8,24829,Baby Face (White)
Face,M24030,0,24030,Face 24030
Face,M24030,1,24130,Face 24130
Face,M24030,2,24230,Face 24230
Face,M24030,3,24330,Face 24330
Face,M24030,4,24430,Face 24430
Face,M24030,5,24530,Face 24530
Face,M24030,6,24630,Face 24630
Face,M24030,7,24730,Face 24730
Face,M24030,8,24830,Face 24830
Face,M24031,0,24031,Pretty Lashes Face (Black)
Face,M24031,1,24131,Pretty Lashes Face (Blue)
Face,M24031,2,24231,Pretty Lashes Face (Red)
Face,M24031,3,24331,Pretty Lashes Face (Green)
Face,M24031,4,24431,Pretty Lashes Face (Hazel)
Face,M24031,5,24531,Pretty Lashes Face (Sapphire) 
Face,M24031,6,24631,Pretty Lashes Face (Violet)
Face,M24031,7,24731,Pretty Lashes Face (Amethyst)
Face,M24031,8,24831,Pretty Lashes Face (White)
Face,M24032,0,24032,Pearl Shadow Face (Black)
Face,M24032,1,24132,Pearl Shadow Face (Blue)
Face,M24032,2,24232,Pearl Shadow Face (Red)
Face,M24032,3,24332,Pearl Shadow Face (Green)
Face,M24032,4,24432,Pearl Shadow Face (Hazel)
Face,M24032,5,24532,Pearl Shadow Face (Sapphire)
Face,M24032,6,24632,Pearl Shadow Face (Violet)
Face,M24032,7,24732,Pearl Shadow Face (Amethyst)
Face,M24032,8,24832,Pearl Shadow Face (White)
Face,M24033,0,24033,Face 24033
Face,M24033,1,24133,Face 24133
Face,M24033,2,24233,Face 24233
Face,M24033,3,24333,Face 24333
Face,M24033,4,24433,Face 24433
Face,M24033,5,24533,Face 24533
Face,M24033,6,24633,Face 24633
Face,M24033,7,24733,Face 24733
Face,M24033,8,24833,Face 24833
Face,M24034,0,24034,Face 24034
Face,M24034,1,24134,Face 24134
Face,M24034,2,24234,Face 24234
Face,M24034,3,24334,Face 24334
Face,M24034,4,24434,Face 24434
Face,M24034,5,24534,Face 24534
Face,M24034,6,24634,Face 24634
Face,M24034,7,24734,Face 24734
Face,M24034,8,24834,Face 24834
Face,M24035,0,24035,Rosalia Face (Black)
Face,M24035,1,24135,Rosalia Face (Blue)
Face,M24035,2,24235,Rosalia Face (Red)
Face,M24035,3,24335,Rosalia Face (Green)
Face,M24035,4,24435,Rosalia Face (Hazel)
Face,M24035,5,24535,Rosalia Face (Sapphire) 
Face,M24035,6,24635,Rosalia Face (Violet)
Face,M24035,7,24735,Rosalia Face (Amethyst)
Face,M24035,8,24835,Rosalia Face (White)
Face,M24036,0,24036,Cartoon Face (Black)
Face,M24036,1,24136,Cartoon Face (Blue)
Face,M24036,2,24236,Cartoon Face (Red)
Face,M24036,3,24336,Cartoon Face (Green)
Face,M24036,4,24436,Cartoon Face (Hazel)
Face,M24036,5,24536,Cartoon Face (Sapphire) 
Face,M24036,6,24636,Cartoon Face (Violet)
Face,M24036,7,24736,Cartoon Face (Amethyst)
Face,M24036,8,24836,Cartoon Face (White)
Face,M24037,0,24037,Creepy Face (Black)
Face,M24037,1,24137,Creepy Face (Blue)
Face,M24037,2,24237,Creepy Face (Red)
Face,M24037,3,24337,Creepy Face (Green)
Face,M24037,4,24437,Creepy Face (Hazel)
Face,M24037,5,24537,Creepy Face (Sapphire) 
Face,M24037,6,24637,Creepy Face (Violet)
Face,M24037,7,24737,Creepy Face (Amethyst)
Face,M24037,8,24837,Creepy Face (White)
Face,M24038,0,24038,Cool Face (Black)
Face,M24038,1,24138,Cool Face (Blue)
Face,M24038,2,24238,Cool Face (Red)
Face,M24038,3,24338,Cool Face (Green)
Face,M24038,4,24438,Cool Face (Hazel)
Face,M24038,5,24538,Cool Face (Sapphire) 
Face,M24038,6,24638,Cool Face (Violet)
Face,M24038,7,24738,Cool Face (Amethyst)
Face,M24038,8,24838,Cool Face (White)
Face,M24039,0,24039,Honest Face (Black)
Face,M24039,1,24139,Honest Face (Blue)
Face,M24039,2,24239,Honest Face (Red)
Face,M24039,3,24339,Honest Face (Green)
Face,M24039,4,24439,Honest Face (Hazel)
Face,M24039,5,24539,Honest Face (Sapphire) 
Face,M24039,6,24639,Honest Face (Violet)
Face,M24039,7,24739,Honest Face (Amethyst)
Face,M24039,8,24839,Honest Face (White) 
Face,M24040,0,24040,Determined Face (Black)
Face,M24040,1,24140,Determined Face (Blue)
Face,M24040,2,24240,Determined Face (Red)
Face,M24040,3,24340,Determined Face (Green)
Face,M24040,4,24440,Determined Face (Hazel)
Face,M24040,5,24540,Determined Face (Sapphire) 
Face,M24040,6,24640,Determined Face (Violet)
Face,M24040,7,24740,Determined Face (Amethyst)
Face,M24040,8,24840,Determined Face (White)
Face,M24041,0,24041,Patissiere Face (Black)
Face,M24041,1,24141,Patissiere Face (Blue)
Face,M24041,2,24241,Patissiere Face (Red)
Face,M24041,3,24341,Patissiere Face (Green)
Face,M24041,4,24441,Patissiere Face (Hazel)
Face,M24041,5,24541,Patissiere Face (Sapphire) 
Face,M24041,6,24641,Patissiere Face (Violet)
Face,M24041,7,24741,Patissiere Face (Amethyst)
Face,M24042,0,24042,Face 24042
Face,M24042,1,24142,Face 24142
Face,M24042,2,24242,Face 24242
Face,M24042,3,24342,Face 24342
Face,M24042,4,24442,Face 24442
Face,M24042,5,24542,Face 24542
Face,M24042,6,24642,Face 24642
Face,M24042,7,24742,Face 24742
Face,M24042,8,24842,Face 24842
Face,M24043,0,24043,Face 24043
Face,M24043,1,24143,Face 24143
Face,M24043,2,24243,Face 24243
Face,M24043,3,24343,Face 24343
Face,M24043,4,24443,Face 24443
Face,M24043,5,24543,Face 24543
Face,M24043,6,24643,Face 24643
Face,M24043,7,24743,Face 24743
Face,M24043,8,24843,Face 24843
Face,M24044,0,24044,Face 24044
Face,M24044,1,24144,Face 24144
Face,M24044,2,24244,Face 24244
Face,M24044,3,24344,Face 24344
Face,M24044,4,24444,Face 24444
Face,M24044,5,24544,Face 24544
Face,M24044,6,24644,Face 24644
Face,M24044,7,24744,Face 24744
Face,M24044,8,24844,Face 24844
Face,M24045,0,24045,Face 24045
Face,M24045,1,24145,Face 24145
Face,M24045,2,24245,Face 24245
Face,M24045,3,24345,Face 24345
Face,M24045,4,24445,Face 24445
Face,M24045,5,24545,Face 24545
Face,M24045,6,24645,Face 24645
Face,M24045,7,24745,Face 24745
Face,M24045,8,24845,Face 24845
Face,M24048,0,24048,Face 24048
Face,M24048,1,24148,Face 24148
Face,M24048,2,24248,Face 24248
Face,M24048,3,24348,Face 24348
Face,M24048,4,24448,Face 24448
Face,M24048,5,24548,Face 24548
Face,M24048,6,24648,Face 24648
Face,M24048,7,24748,Face 24748
Face,M24048,8,24848,Face 24848
Face,M24049,0,24049,Face 24049
Face,M24049,1,24149,Face 24149
Face,M24049,2,24249,Face 24249
Face,M24049,3,24349,Face 24349
Face,M24049,4,24449,Face 24449
Face,M24049,5,24549,Face 24549
Face,M24049,6,24649,Face 24649
Face,M24049,7,24749,Face 24749
Face,M24050,0,24050,Colorful Face (Black)
Face,M24050,1,24150,Colorful Face (Blue)
Face,M24050,2,24250,Colorful Face (Red)
Face,M24050,3,24350,Colorful Face (Green)
Face,M24050,4,24450,Colorful Face (Hazel)
Face,M24050,5,24550,Colorful Face (Sapphire) 
Face,M24050,6,24650,Colorful Face (Violet)
Face,M24050,7,24750,Colorful Face (Amethyst)
Face,M24050,8,24850,Colorful Face (White)
Face,M24051,0,24051,Baby Face (Black)
Face,M24051,1,24151,Baby Face (Blue)
Face,M24051,2,24251,Baby Face (Red)
Face,M24051,3,24351,Baby Face (Green)
Face,M24051,4,24451,Baby Face (Hazel)
Face,M24051,5,24551,Baby Face (Sapphire) 
Face,M24051,6,24651,Baby Face (Violet)
Face,M24051,7,24751,Baby Face (Amethyst)
Face,M24052,0,24052,Futuroid Face (Black)
Face,M24052,1,24152,Futuroid Face (Blue)
Face,M24052,2,24252,Futuroid Face (Red)
Face,M24052,3,24352,Futuroid Face (Green)
Face,M24052,4,24452,Futuroid Face (Hazel)
Face,M24052,5,24552,Futuroid Face (Sapphire)
Face,M24052,6,24652,Futuroid Face (Violet)
Face,M24052,7,24752,Futuroid Face (Amethyst)
Face,M24052,8,24852,Futuroid Face (White)
Face,M24053,0,24053,Darkhound Face (Black)
Face,M24053,1,24153,Darkhound Face (Blue)
Face,M24053,2,24253,Darkhound Face (Red)
Face,M24053,3,24353,Darkhound Face (Green)
Face,M24053,4,24453,Darkhound Face (Hazel)
Face,M24053,5,24553,Darkhound Face (Sapphire)
Face,M24053,6,24653,Darkhound Face (Violet)
Face,M24053,7,24753,Darkhound Face (Amethyst)
Face,M24053,8,24853,Darkhound Face (White)
Face,M24054,0,24054,Bright Face (Black)
Face,M24054,1,24154,Bright Face (Blue)
Face,M24054,2,24254,Bright Face (Red)
Face,M24054,3,24354,Bright Face (Green)
Face,M24054,4,24454,Bright Face (Hazel)
Face,M24054,5,24554,Bright Face (Sapphire) 
Face,M24054,6,24654,Bright Face (Violet)
Face,M24054,7,24754,Bright Face (Amethyst)
Face,M24054,8,24854,Bright Face (White)
Face,M24055,0,24055,Sesame Face (Black)
Face,M24055,1,24155,Sesame Face (Blue)
Face,M24055,2,24255,Sesame Face (Red)
Face,M24055,3,24355,Sesame Face (Green)
Face,M24055,4,24455,Sesame Face (Hazel)
Face,M24055,5,24555,Sesame Face (Sapphire) 
Face,M24055,6,24655,Sesame Face (Violet)
Face,M24055,7,24755,Sesame Face (Amethyst)
Face,M24055,8,24855,Sesame Face (White)
Face,M24057,0,24057,Surprised Face (Black)
Face,M24057,1,24157,Surprised Face (Blue)
Face,M24057,2,24257,Surprised Face (Red)
Face,M24057,3,24357,Surprised Face (Green)
Face,M24057,4,24457,Surprised Face (Hazel)
Face,M24057,5,24557,Surprised Face (Sapphire)
Face,M24057,6,24657,Surprised Face (Violet)
Face,M24057,7,24757,Surprised Face (Amethyst)
Face,M24057,8,24857,Surprised Face (White)
Face,M24058,0,24058,Lily Face (Black)
Face,M24058,1,24158,Lily Face (Blue)
Face,M24058,2,24258,Lily Face (Red)
Face,M24058,3,24358,Lily Face (Green)
Face,M24058,4,24458,Lily Face (Hazel)
Face,M24058,5,24558,Lily Face (Sapphire) 
Face,M24058,6,24658,Lily Face (Violet)
Face,M24058,7,24758,Lily Face (Amethyst)
Face,M24058,8,24858,Lily Face (White)
Face,M24059,0,24059,Friendly Friend Face (Black)
Face,M24059,1,24159,Friendly Friend Face (Blue)
Face,M24059,2,24259,Friendly Friend Face (Red)
Face,M24059,3,24359,Friendly Friend Face (Green)
Face,M24059,4,24459,Friendly Friend Face (Hazel)
Face,M24059,5,24559,Friendly Friend Face (Sapphire)
Face,M24059,6,24659,Friendly Friend Face (Violet)
Face,M24059,7,24759,Friendly Friend Face (Amethyst)
Face,M24059,8,24859,Friendly Friend Face (White)
Face,M24060,0,24060,Soulful Face (Black)
Face,M24060,1,24160,Soulful Face (Blue)
Face,M24060,2,24260,Soulful Face (Red)
Face,M24060,3,24360,Soulful Face (Green)
Face,M24060,4,24460,Soulful Face (Hazel)
Face,M24060,5,24560,Soulful Face (Sapphire)
Face,M24060,6,24660,Soulful Face (Violet)
Face,M24060,7,24760,Soulful Face (Amethyst)
Face,M24060,8,24860,Soulful Face (White)
Face,M24061,0,24061,Soft Smirk Face
Face,M24061,1,24161,Soft Smirk Face
Face,M24061,2,24261,Soft Smirk Face
Face,M24061,3,24361,Soft Smirk Face
Face,M24061,4,24461,Soft Smirk Face
Face,M24061,5,24561,Soft Smirk Face
Face,M24061,6,24661,Soft Smirk Face
Face,M24061,7,24761,Soft Smirk Face
Face,M24061,8,24861,Face 24861
Face,M24062,0,24062,Cygnus Face (Black)
Face,M24062,1,24162,Cygnus Face (Blue)
Face,M24062,2,24262,Cygnus Face (Red)
Face,M24062,3,24362,Cygnus Face (Green)
Face,M24062,4,24462,Cygnus Face (Hazel)
Face,M24062,5,24562,Cygnus Face (Sapphire)
Face,M24062,6,24662,Cygnus Face (Violet)
Face,M24062,7,24762,Cygnus Face (Amethyst)
Face,M24063,0,24063,Boss Face (Black)
Face,M24063,1,24163,Boss Face (Blue)
Face,M24063,2,24263,Boss Face (Red)
Face,M24063,3,24363,Boss Face (Green)
Face,M24063,4,24463,Boss Face (Hazel)
Face,M24063,5,24563,Boss Face (Sapphire)
Face,M24063,6,24663,Boss Face (Violet)
Face,M24063,7,24763,Boss Face (Amethyst)
Face,M24063,8,24863,Boss Face (White)
Face,M24064,0,24064,Smooth Face (Black)
Face,M24064,1,24164,Smooth Face (Blue)
Face,M24064,2,24264,Smooth Face (Red)
Face,M24064,3,24364,Smooth Face (Green)
Face,M24064,4,24464,Smooth Face (Hazel)
Face,M24064,5,24564,Smooth Face (Sapphire)
Face,M24064,6,24664,Smooth Face (Violet)
Face,M24064,7,24764,Smooth Face (Amethyst)
Face,M24064,8,24864,Smooth Face (White)
Face,M24065,0,24065,Haku Face (Black)
Face,M24066,0,24066,Real Face (Black)
Face,M24066,1,24166,Real Face (Blue)
Face,M24066,2,24266,Real Face (Red)
Face,M24066,3,24366,Real Face (Green)
Face,M24066,4,24466,Real Face (Hazel)
Face,M24066,5,24566,Real Face (Sapphire)
Face,M24066,6,24666,Real Face (Violet)
Face,M24066,7,24766,Real Face (Amethyst)
Face,M24067,0,24067,Alluring Face (Black)
Face,M24067,1,24167,Alluring Face (Blue)
Face,M24067,2,24267,Alluring Face (Red)
Face,M24067,3,24367,Alluring Face (Green)
Face,M24067,4,24467,Alluring Face (Hazel)
Face,M24067,5,24567,Alluring Face (Sapphire)
Face,M24067,6,24667,Alluring Face (Violet)
Face,M24067,7,24767,Alluring Face (Amethyst)
Face,M24067,8,24867,Alluring Face (White)
Face,M24068,0,24068,Raised Eyebrows Face (Black)
Face,M24068,1,24168,Raised Eyebrows Face (Blue)
Face,M24068,2,24268,Raised Eyebrows Face (Red)
Face,M24068,3,24368,Raised Eyebrows Face (Green)
Face,M24068,4,24468,Raised Eyebrows Face (Hazel)
Face,M24068,5,24568,Raised Eyebrows Face (Sapphire)
Face,M24068,6,24668,Raised Eyebrows Face (Violet)
Face,M24068,7,24768,Raised Eyebrows Face (Amethyst)
Face,M24068,8,24868,Raised Eyebrows Face (White)
Face,M24069,0,24069,Black Heartbreaker Face
Face,M24069,1,24169,Blue Heartbreaker Face
Face,M24069,2,24269,Red Heartbreaker Face
Face,M24069,3,24369,Green Heartbreaker Face
Face,M24069,4,24469,Brown Heartbreaker Face
Face,M24069,5,24569,Sapphire Heartbreaker Face
Face,M24069,6,24669,Violet Heartbreaker Face
Face,M24069,7,24769,Amethyst Heartbreaker Face
Face,M24069,8,24869,White Heartbreaker Face
Face,M24070,0,24070,Face 24070
Face,M24070,1,24170,Face 24170
Face,M24070,2,24270,Face 24270
Face,M24070,3,24370,Face 24370
Face,M24070,4,24470,Face 24470
Face,M24070,5,24570,Face 24570
Face,M24070,6,24670,Face 24670
Face,M24070,7,24770,Face 24770
Face,M24070,8,24870,Face 24870
Face,M24071,0,24071,Heartbroken Face (Black)
Face,M24071,1,24171,Heartbroken Face (Blue)
Face,M24071,2,24271,Heartbroken Face (Red)
Face,M24071,3,24371,Heartbroken Face (Green)
Face,M24071,4,24471,Heartbroken Face (Hazel)
Face,M24071,5,24571,Heartbroken Face (Sapphire)
Face,M24071,6,24671,Heartbroken Face (Violet)
Face,M24071,7,24771,Heartbroken Face (Amethyst)
Face,M24071,8,24871,Heartbroken Face (White)
Face,M24072,0,24072,Moist Face (Black)
Face,M24072,1,24172,Moist Face (Blue)
Face,M24072,2,24272,Moist Face (Red)
Face,M24072,3,24372,Moist Face (Green)
Face,M24072,4,24472,Moist Face (Hazel)
Face,M24072,5,24572,Moist Face (Sapphire)
Face,M24072,6,24672,Moist Face (Violet)
Face,M24072,7,24772,Moist Face (Amethyst)
Face,M24072,8,24872,Moist Face (White)
Face,M24073,0,24073,Hilla Face
Face,M24073,1,24173,Hilla Face
Face,M24073,2,24273,Hilla Face
Face,M24073,3,24373,Hilla Face
Face,M24073,4,24473,Hilla Face
Face,M24073,5,24573,Hilla Face
Face,M24073,6,24673,Hilla Face
Face,M24073,7,24773,Hilla Face
Face,M24073,8,24873,Hilla Android Face (White)
Face,M24074,0,24074,Intelligent Eyes (Black)
Face,M24074,1,24174,Intelligent Eyes (Blue)
Face,M24074,2,24274,Intelligent Eyes (Red)
Face,M24074,3,24374,Intelligent Eyes
Face,M24074,4,24474,Intelligent Eyes (Hazel)
Face,M24074,5,24574,Intelligent Eyes (Sapphire)
Face,M24074,6,24674,Intelligent Eyes (Violet)
Face,M24074,7,24774,Intelligent Eyes (Amethyst)
Face,M24075,0,24075,Devilish Face (Black)
Face,M24075,1,24175,Devilish Face (Blue)
Face,M24075,2,24275,Devilish Face (Red)
Face,M24075,3,24375,Devilish Face (Green)
Face,M24075,4,24475,Devilish Face (Hazel)
Face,M24075,5,24575,Devilish Face (Sapphire)
Face,M24075,6,24675,Devilish Face (Violet)
Face,M24075,7,24775,Devilish Face (Amethyst)
Face,M24075,8,24875,Devilish Face (White)
Face,M24076,0,24076,Face 24076
Face,M24076,1,24176,Face 24176
Face,M24076,2,24276,Face 24276
Face,M24076,3,24376,Face 24376
Face,M24076,4,24476,Face 24476
Face,M24076,5,24576,Face 24576
Face,M24076,6,24676,Face 24676
Face,M24076,7,24776,Face 24776
Face,M24076,8,24876,Face 24876
Face,M24077,0,24077,Yuna Face (Black)
Face,M24077,1,24177,Yuna Face (Blue)
Face,M24077,2,24277,Yuna Face (Red)
Face,M24077,3,24377,Yuna Face (Green)
Face,M24077,4,24477,Yuna Face (Hazel)
Face,M24077,5,24577,Yuna Face (Sapphire)
Face,M24077,6,24677,Yuna Face (Violet)
Face,M24077,7,24777,Yuna Face (Amethyst)
Face,M24077,8,24877,Yuna Face (White)
Face,M24078,0,24078,Black Futuristic Face
Face,M24078,1,24178,Blue Futuristic Face
Face,M24078,2,24278,Red Futuristic Face
Face,M24078,3,24378,Green Futuristic Face
Face,M24078,4,24478,Brown Futuristic Face
Face,M24078,5,24578,Sapphire Futuristic Face
Face,M24078,6,24678,Violet Futuristic Face
Face,M24078,7,24778,Amethyst Futuristic Face
Face,M24078,8,24878,White Futuristic Face
Face,M24079,0,24079,Sparkling Face (Black)
Face,M24079,1,24179,Sparkling Face (Blue)
Face,M24079,2,24279,Sparkling Face (Red)
Face,M24079,3,24379,Sparkling Face (Green)
Face,M24079,4,24479,Sparkling Face (Hazel)
Face,M24079,5,24579,Sparkling Face (Sapphire)
Face,M24079,6,24679,Sparkling Face (Violet)
Face,M24079,7,24779,Sparkling Face (Amethyst)
Face,M24079,8,24879,Sparkling Face (White)
Face,M24080,0,24080,Round Eye Face
Face,M24080,1,24180,Round Eye Face
Face,M24080,2,24280,Round Eye Face
Face,M24080,3,24380,Round Eye Face
Face,M24080,4,24480,Round Eye Face
Face,M24080,5,24580,Round Eye Face
Face,M24080,6,24680,Round Eye Face
Face,M24080,7,24780,Round Eye Face
Face,M24081,0,24081,Insomnia Face (Black)
Face,M24081,1,24181,Insomnia Face (Blue)
Face,M24081,2,24281,Insomnia Face (Red)
Face,M24081,3,24381,Insomnia Face (Green)
Face,M24081,4,24481,Insomnia Face (Hazel)
Face,M24081,5,24581,Insomnia Face (Sapphire)
Face,M24081,6,24681,Insomnia Face (Violet)
Face,M24081,7,24781,Insomnia Face (Amethyst)
Face,M24081,8,24881,Face 24881
Face,M24082,0,24082,Doll Face (Black)
Face,M24082,1,24182,Doll Face (Blue)
Face,M24082,2,24282,Doll Face (Red)
Face,M24082,3,24382,Doll Face (Green)
Face,M24082,4,24482,Doll Face (Hazel)
Face,M24082,5,24582,Doll Face (Sapphire)
Face,M24082,6,24682,Doll Face (Violet)
Face,M24082,7,24782,Doll Face (Amethyst)
Face,M24082,8,24882,White Doll Face
Face,M24083,0,24083,Vacant Face (Black)
Face,M24083,1,24183,Vacant Face (Blue)
Face,M24083,2,24283,Vacant Face (Red)
Face,M24083,3,24383,Vacant Face (Green)
Face,M24083,4,24483,Vacant Face (Hazel)
Face,M24083,5,24583,Vacant Face (Sapphire)
Face,M24083,6,24683,Vacant Face (Violet)
Face,M24083,7,24783,Vacant Face (Amethyst)
Face,M24084,0,24084,Elf Queen Face (Black)
Face,M24084,1,24184,Elf Queen Face (Blue)
Face,M24084,2,24284,Elf Queen Face (Red)
Face,M24084,3,24384,Elf Queen Face (Green)
Face,M24084,4,24484,Elf Queen Face (Hazel)
Face,M24084,5,24584,Elf Queen Face (Sapphire)
Face,M24084,6,24684,Elf Queen Face (Violet)
Face,M24084,7,24784,Elf Queen Face (Amethyst)
Face,M24084,8,24884,Elf Queen Face (White)
Face,M24085,0,24085,Polearm Warrior Face (Black)
Face,M24085,1,24185,Polearm Warrior Face (Blue)
Face,M24085,2,24285,Polearm Warrior Face (Red)
Face,M24085,3,24385,Polearm Warrior Face (Green)
Face,M24085,4,24485,Polearm Warrior Face (Hazel)
Face,M24085,5,24585,Polearm Warrior Face (Sapphire)
Face,M24085,6,24685,Polearm Warrior Face (Violet)
Face,M24085,7,24785,Polearm Warrior Face (Amethyst)
Face,M24085,8,24885,Polearm Warrior Face (White)
Face,M24086,0,24086,Heartless Face (Black)
Face,M24086,1,24186,Heartless Face (Blue)
Face,M24086,2,24286,Heartless Face (Red)
Face,M24086,3,24386,Heartless Face (Green)
Face,M24086,4,24486,Heartless Face (Hazel)
Face,M24086,5,24586,Heartless Face (Sapphire)
Face,M24086,6,24686,Heartless Face (Violet)
Face,M24086,7,24786,Heartless Face (Amethyst)
Face,M24086,8,24886,Heartless Face (White)
Face,M24087,0,24087,Sleepy Heterochromia Face (Black)
Face,M24087,1,24187,Sleepy Heterochromia Face (Blue)
Face,M24087,2,24287,Sleepy Heterochromia Face (Red)
Face,M24087,3,24387,Sleepy Heterochromia Face (Green)
Face,M24087,4,24487,Sleepy Heterochromia Face (Hazel)
Face,M24087,5,24587,Sleepy Heterochromia Face (Sapphire)
Face,M24087,6,24687,Sleepy Heterochromia Face (Violet)
Face,M24087,7,24787,Sleepy Heterochromia Face (Amethyst)
Face,M24087,8,24887,Sleepy Heterochromia Face
Face,M24088,0,24088,Sweetheart Face (Black)
Face,M24088,1,24188,Sweetheart Face (Blue)
Face,M24088,2,24288,Sweetheart Face (Red)
Face,M24088,3,24388,Sweetheart Face (Green)
Face,M24088,4,24488,Sweetheart Face (Hazel)
Face,M24088,5,24588,Sweetheart Face (Sapphire)
Face,M24088,6,24688,Sweetheart Face (Violet)
Face,M24088,7,24788,Sweetheart Face (Amethyst)
Face,M24088,8,24888,Face 24888
Face,M24089,0,24089,Face 24089
Face,M24089,1,24189,Face 24189
Face,M24089,2,24289,Face 24289
Face,M24089,3,24389,Face 24389
Face,M24089,4,24489,Face 24489
Face,M24089,5,24589,Face 24589
Face,M24089,6,24689,Face 24689
Face,M24089,7,24789,Face 24789
Face,M24090,0,24090,Louie Face (Black)
Face,M24090,1,24190,Louie Face (Blue)
Face,M24090,2,24290,Louie Face (Red)
Face,M24090,3,24390,Louie Face (Green)
Face,M24090,4,24490,Louie Face (Hazel)
Face,M24090,5,24590,Louie Face (Sapphire)
Face,M24090,6,24690,Louie Face (Violet)
Face,M24090,7,24790,Louie Face(Amethyst)
Face,M24090,8,24890,Louie Face (White)
Face,M24091,0,24091,Calm Face (Black)
Face,M24091,1,24191,Calm Face (Blue)
Face,M24091,2,24291,Calm Face (Red)
Face,M24091,3,24391,Calm Face (Green)
Face,M24091,4,24491,Calm Face (Hazel)
Face,M24091,5,24591,Calm Face (Sapphire)
Face,M24091,6,24691,Calm Face (Violet)
Face,M24091,7,24791,Calm Face (Amethyst)
Face,M24091,8,24891,Calm Face (White)
Face,M24092,0,24092,Phantom Face (Black)
Face,M24092,1,24192,Phantom Face (Blue)
Face,M24092,2,24292,Phantom Face (Red)
Face,M24092,3,24392,Phantom Face (Green)
Face,M24092,4,24492,Phantom Face (Hazel)
Face,M24092,5,24592,Phantom Face (Sapphire)
Face,M24092,6,24692,Phantom Face (Violet)
Face,M24092,7,24792,Phantom Face (Amethyst)
Face,M24092,8,24892,Phantom Face (White)
Face,M24093,0,24093,Heterochromia Face (Black)
Face,M24093,1,24193,Heterochromia Face (Blue)
Face,M24093,2,24293,Heterochromia Face (Red)
Face,M24093,3,24393,Heterochromia Face (Green)
Face,M24093,4,24493,Heterochromia Face (Hazel)
Face,M24093,5,24593,Heterochromia Face (Sapphire)
Face,M24093,6,24693,Heterochromia Face (Violet)
Face,M24093,7,24793,Heterochromia Face (Amethyst)
Face,M24093,8,24893,Heterochromia Face (White)
Face,M24094,0,24094,Dragon Master Face (Black)
Face,M24094,1,24194,Dragon Master Face (Blue)
Face,M24094,2,24294,Dragon Master Face (Red)
Face,M24094,3,24394,Dragon Master Face (Green)
Face,M24094,4,24494,Dragon Master Face (Hazel)
Face,M24094,5,24594,Dragon Master Face (Sapphire)
Face,M24094,6,24694,Dragon Master Face (Violet)
Face,M24094,7,24794,Dragon Master Face (Amethyst)
Face,M24094,8,24894,Dragon Master Face (White)
Face,M24095,0,24095,Forgotten Hero Face (Black)
Face,M24095,1,24195,Forgotten Hero Face (Blue)
Face,M24095,2,24295,Forgotten Hero Face (Red)
Face,M24095,3,24395,Forgotten Hero Face (Green)
Face,M24095,4,24495,Forgotten Hero Face (Hazel)
Face,M24095,5,24595,Forgotten Hero Face (Sapphire)
Face,M24095,6,24695,Forgotten Hero Face (Violet)
Face,M24095,7,24795,Forgotten Hero Face (Amethyst)
Face,M24095,8,24895,Forgotten Hero Face (White)
Face,M24096,0,24096,Face 24096
Face,M24096,1,24196,Face 24196
Face,M24096,2,24296,Face 24296
Face,M24096,3,24396,Face 24396
Face,M24096,4,24496,Face 24496
Face,M24096,5,24596,Face 24596
Face,M24096,6,24696,Face 24696
Face,M24096,7,24796,Face 24796
Face,M24096,8,24896,Face 24896
Face,M24097,0,24097,She Who Awakened Face
Face,M24097,1,24197,She Who Awakened Face
Face,M24097,2,24297,She Who Awakened Face
Face,M24097,3,24397,She Who Awakened Face
Face,M24097,4,24497,She Who Awakened Face
Face,M24097,5,24597,She Who Awakened Face
Face,M24097,6,24697,She Who Awakened Face
Face,M24097,7,24797,She Who Awakened Face
Face,M24097,8,24897,She Who Awakened Face
Face,M24098,0,24098,Boing Face (Black)
Face,M24098,1,24198,Boing Face (Blue)
Face,M24098,2,24298,Boing Face (Red)
Face,M24098,3,24398,Boing Face (Green)
Face,M24098,4,24498,Boing Face (Hazel)
Face,M24098,5,24598,Boing Face (Sapphire)
Face,M24098,6,24698,Boing Face (Violet)
Face,M24098,7,24798,Boing Face (Amethyst)
Face,M24098,8,24898,Face 24898
Face,M24099,0,24099,Alicia Face (Black)
Face,M24099,1,24199,Alicia Face (Blue)
Face,M24099,2,24299,Alicia Face (Red)
Face,M24099,3,24399,Alicia Face (Green)
Face,M24099,4,24499,Alicia Face (Hazel)
Face,M24099,5,24599,Alicia Face (Sapphire)
Face,M24099,6,24699,Alicia Face (Violet)
Face,M24099,7,24799,Alicia Face (Amethyst)
Face,M25000,0,25000,Boing Face (Black)
Face,M25000,1,25100,Boing Face (Blue)
Face,M25000,2,25200,Boing Face (Red)
Face,M25000,3,25300,Boing Face (Green)
Face,M25000,4,25400,Boing Face (Hazel)
Face,M25000,5,25500,Boing Face (Sapphire)
Face,M25000,6,25600,Boing Face (Violet)
Face,M25000,7,25700,Boing Face (Amethyst)
Face,M25000,8,25800,Face 25800
Face,M25004,0,25004,Face 25004
Face,M25004,1,25104,Face 25104
Face,M25004,2,25204,Face 25204
Face,M25004,3,25304,Face 25304
Face,M25004,4,25404,Face 25404
Face,M25004,5,25504,Face 25504
Face,M25004,6,25604,Face 25604
Face,M25004,7,25704,Face 25704
Face,M25006,0,25006,Forest Fairy Face (Black)
Face,M25006,1,25106,Forest Fairy Face (Blue)
Face,M25006,2,25206,Forest Fairy Face (Red)
Face,M25006,3,25306,Forest Fairy Face (Green)
Face,M25006,4,25406,Forest Fairy Face (Hazel)
Face,M25006,5,25506,Forest Fairy Face (Sapphire)
Face,M25006,6,25606,Forest Fairy Face (Violet)
Face,M25006,7,25706,Forest Fairy Face (Amethyst)
Face,M25006,8,25806,Forest Fairy Face (White)
Face,M25007,0,25007,Starlight Falling Face (Black)
Face,M25007,1,25107,Starlight Falling Face (Blue)
Face,M25007,2,25207,Starlight Falling Face (Red)
Face,M25007,3,25307,Starlight Falling Face (Green)
Face,M25007,4,25407,Starlight Falling Face (Hazel)
Face,M25007,5,25507,Starlight Falling Face (Sapphire)
Face,M25007,6,25607,Starlight Falling Face (Violet)
Face,M25007,7,25707,Starlight Falling Face (Amethyst)
Face,M25007,8,25807,Starry Night Face (White)
Face,M25008,0,25008,Meow Face (Black)
Face,M25008,1,25108,Meow Face (Blue)
Face,M25008,2,25208,Meow Face (Red)
Face,M25008,3,25308,Meow Face (Green)
Face,M25008,4,25408,Meow Face (Hazel)
Face,M25008,5,25508,Meow Face (Sapphire)
Face,M25008,6,25608,Meow Face (Violet)
Face,M25008,7,25708,Meow Face (Amethyst)
Face,M25009,0,25009,Kura Face (Black)
Face,M25009,1,25109,Kura Face (Blue)
Face,M25009,2,25209,Kura Face (Red)
Face,M25009,3,25309,Kura Face (Green)
Face,M25009,4,25409,Kura Face (Brown)
Face,M25009,5,25509,Kura Face (Sapphire)
Face,M25009,6,25609,Kura Face (Purple)
Face,M25009,7,25709,Kura Face (Plum)
Face,M25009,8,25809,Kura Face (White)
Face,M25010,0,25010,Nue Face (Black)
Face,M25010,1,25110,Nue Face (Blue)
Face,M25010,2,25210,Nue Face (Red)
Face,M25010,3,25310,Nue Face (Green)
Face,M25010,4,25410,Nue Face (Brown)
Face,M25010,5,25510,Nue Face (Sapphire)
Face,M25010,6,25610,Nue Face (Purple)
Face,M25010,7,25710,Nue Face (Plum)
Face,M25010,8,25810,Nue Face (White)
Face,M25011,0,25011,Starry-Eyed Face
Face,M25011,1,25111,Starry-Eyed Face
Face,M25011,2,25211,Starry-Eyed Face
Face,M25011,3,25311,Starry-Eyed Face
Face,M25011,4,25411,Starry-Eyed Face
Face,M25011,5,25511,Starry-Eyed Face
Face,M25011,6,25611,Starry-Eyed Face
Face,M25011,7,25711,Starry-Eyed Face
Face,M25011,8,25811,Teen Drama Face (White)
Face,M25012,0,25012,Doodle Face (Black)
Face,M25012,1,25112,Doodle Face (Blue)
Face,M25012,2,25212,Doodle Face (Red)
Face,M25012,3,25312,Doodle Face (Green)
Face,M25012,4,25412,Doodle Face (Hazel)
Face,M25012,5,25512,Doodle Face (Sapphire)
Face,M25012,6,25612,Doodle Face (Violet)
Face,M25012,7,25712,Doodle Face (Amethyst)
Face,M25012,8,25812,Doodle Face (White)
Face,M25013,0,25013,Hysteric Face
Face,M25013,1,25113,Hysteric Face
Face,M25013,2,25213,Hysteric Face
Face,M25013,3,25313,Hysteric Face
Face,M25013,4,25413,Hysteric Face
Face,M25013,5,25513,Hysteric Face
Face,M25013,6,25613,Hysteric Face
Face,M25013,7,25713,Hysteric Face
Face,M25013,8,25813,Hysteric Face
Face,M25014,0,25014,Wow Face
Face,M25014,1,25114,Wow Face (Blue)
Face,M25014,2,25214,Wow Face (Red)
Face,M25014,3,25314,Wow Face (Green)
Face,M25014,4,25414,Wow Face (Hazel)
Face,M25014,5,25514,Wow Face (Sapphire)
Face,M25014,6,25614,Wow Face (Violet)
Face,M25014,7,25714,Wow Face (Amethyst)
Face,M25014,8,25814,Wow Face (White)
Face,M25016,0,25016,Make-up Master Face
Face,M25016,1,25116,Make-up Master Face
Face,M25016,2,25216,Make-up Master Face
Face,M25016,3,25316,Make-up Master Face
Face,M25016,4,25416,Make-up Master Face
Face,M25016,5,25516,Make-up Master Face
Face,M25016,6,25616,Make-up Master Face
Face,M25016,7,25716,Make-up Master Face
Face,M25016,8,25816,Make-up Master Face
Face,M25020,0,25020,Spoiled Boy Face
Face,M25020,1,25120,Spoiled Boy Face (Blue)
Face,M25020,2,25220,Spoiled Boy Face (Red)
Face,M25020,3,25320,Spoiled Boy Face (Green)
Face,M25020,4,25420,Spoiled Boy Face (Brown)
Face,M25020,5,25520,Spoiled Boy Face (Sapphire)
Face,M25020,6,25620,Spoiled Boy Face (Purple)
Face,M25020,7,25720,Spoiled Boy Face (Plum)
Face,M25020,8,25820,Spoiled Boy Face (White)
Face,M25021,0,25021,Hangover Make-up (Black)
Face,M25021,1,25121,Hangover Make-up (Blue)
Face,M25021,2,25221,Hangover Make-up (Red)
Face,M25021,3,25321,Hangover Make-up (Green)
Face,M25021,4,25421,Hangover Make-up (Brown)
Face,M25021,5,25521,Hangover Make-up (Sapphire)
Face,M25021,6,25621,Hangover Make-up (Purple)
Face,M25021,7,25721,Hangover Make-up (Plum)
Face,M25021,8,25821,Hangover Make-up (White)
Face,M25027,0,25027,Bunny Nose Face
Face,M25027,1,25127,Bunny Nose Face
Face,M25027,2,25227,Bunny Nose Face
Face,M25027,3,25327,Bunny Nose Face
Face,M25027,4,25427,Bunny Nose Face
Face,M25027,5,25527,Bunny Nose Face
Face,M25027,6,25627,Bunny Nose Face
Face,M25027,7,25727,Bunny Nose Face
Face,M25027,8,25827,Bunny Nose Face
Face,M25028,0,25028,Clamped Mouth Face
Face,M25028,1,25128,Clamped Mouth Face
Face,M25028,2,25228,Clamped Mouth Face
Face,M25028,3,25328,Clamped Mouth Face
Face,M25028,4,25428,Clamped Mouth Face
Face,M25028,5,25528,Clamped Mouth Face
Face,M25028,6,25628,Clamped Mouth Face
Face,M25028,7,25728,Clamped Mouth Face
Face,M25028,8,25828,Clamped Mouth Face
Face,M25031,0,25031,Mischievous Face
Face,M25031,1,25131,Mischievous Face (Blue)
Face,M25031,2,25231,Mischievous Face (Red)
Face,M25031,3,25331,Mischievous Face (Green)
Face,M25031,4,25431,Mischievous Face (Brown)
Face,M25031,5,25531,Mischievous Face (Sapphire)
Face,M25031,6,25631,Mischievous Face (Purple)
Face,M25031,7,25731,Mischievous Face (Plum)
Face,M25031,8,25831,Mischievous Face (White)
Face,M25034,0,25034,Colorful Pupil (Black)
Face,M25034,1,25134,Colorful Pupil (Blue)
Face,M25034,2,25234,Colorful Pupil (Red)
Face,M25034,3,25334,Colorful Pupil (Green)
Face,M25034,4,25434,Colorful Pupil (Brown)
Face,M25034,5,25534,Colorful Pupil (Sapphire)
Face,M25034,6,25634,Colorful Pupil (Purple)
Face,M25034,7,25734,Colorful Pupil (Plum)
Face,M25034,8,25834,Colorful Pupil (White)
Face,M25041,0,25041,Apollo Ocular Mod (Black)
Face,M25041,1,25141,Apollo Ocular Mod (Blue)
Face,M25041,2,25241,Apollo Ocular Mod (Red)
Face,M25041,3,25341,Apollo Ocular Mod (Green)
Face,M25041,4,25441,Apollo Ocular Mod (Brown)
Face,M25041,5,25541,Apollo Ocular Mod (Sapphire)
Face,M25041,6,25641,Apollo Ocular Mod (Purple)
Face,M25041,7,25741,Apollo Ocular Mod (Plum)
Face,M25041,8,25841,Apollo Ocular Mod (White)
Face,M25044,0,25044,Still Eyed Face
Face,M25044,1,25144,Still Eyed Face
Face,M25044,2,25244,Still Eyed Face
Face,M25044,3,25344,Still Eyed Face
Face,M25044,4,25444,Still Eyed Face
Face,M25044,5,25544,Still Eyed Face
Face,M25044,6,25644,Still Eyed Face
Face,M25044,7,25744,Still Eyed Face
Face,M25044,8,25844,Still Eyed Face
Face,M25050,0,25050,A Child's Dream (Black)
Face,M25050,1,25150,A Child's Dream (Blue)
Face,M25050,2,25250,A Child's Dream (Red)
Face,M25050,3,25350,A Child's Dream (Green)
Face,M25050,4,25450,A Child's Dream (Brown)
Face,M25050,5,25550,A Child's Dream (Sapphire)
Face,M25050,6,25650,A Child's Dream (Purple)
Face,M25050,7,25750,A Child's Dream (Plum)
Face,M25050,8,25850,A Child's Dream (White)
Face,M25052,0,25052,Illium Face
Face,M25052,1,25152,Illium Face (Blue)
Face,M25052,2,25252,Illium Face (Red)
Face,M25052,3,25352,Illium Face (Green)
Face,M25052,4,25452,Illium Face (Brown)
Face,M25052,5,25552,Illium Face (Sapphire)
Face,M25052,6,25652,Illium Face (Purple)
Face,M25052,7,25752,Illium Face (Plum)
Face,M25052,8,25852,Illium Face (White)
Face,M25053,0,25053,Nova Royal Face
Face,M25053,1,25153,Nova Royal Face
Face,M25053,2,25253,Nova Royal Face
Face,M25053,3,25353,Nova Royal Face
Face,M25053,4,25453,Nova Royal Face
Face,M25053,5,25553,Nova Royal Face
Face,M25053,6,25653,Nova Royal Face
Face,M25053,7,25753,Nova Royal Face
Face,M25053,8,25853,Nova Royal Face
Face,M25055,0,25055,Dark Circle Face
Face,M25055,1,25155,Dark Circle Face
Face,M25055,2,25255,Dark Circle Face
Face,M25055,3,25355,Dark Circle Face
Face,M25055,4,25455,Dark Circle Face
Face,M25055,5,25555,Dark Circle Face
Face,M25055,6,25655,Dark Circle Face
Face,M25055,7,25755,Dark Circle Face
Face,M25055,8,25855,Dark Circle Face
Face,M25057,0,25057,Fresh Spring Water Face
Face,M25057,1,25157,Fresh Spring Water Face (Blue)
Face,M25057,2,25257,Fresh Spring Water Face (Red)
Face,M25057,3,25357,Fresh Spring Water Face (Green)
Face,M25057,4,25457,Fresh Spring Water Face (Brown)
Face,M25057,5,25557,Fresh Spring Water Face (Sapphire)
Face,M25057,6,25657,Fresh Spring Water Face (Purple)
Face,M25057,7,25757,Fresh Spring Water Face (Plum)
Face,M25057,8,25857,Fresh Spring Water Face (White)
Face,M25062,0,25062,Fierce Face
Face,M25062,1,25162,Fierce Face
Face,M25062,2,25262,Fierce Face
Face,M25062,3,25362,Fierce Face
Face,M25062,4,25462,Fierce Face
Face,M25062,5,25562,Fierce Face
Face,M25062,6,25662,Fierce Face
Face,M25062,7,25762,Fierce Face
Face,M25062,8,25862,Fierce Face
Face,M25075,0,25075,Doe-Eyed Face
Face,M25075,1,25175,Doe-Eyed Face (Blue)
Face,M25075,2,25275,Doe-Eyed Face (Red)
Face,M25075,3,25375,Doe-Eyed Face (Green)
Face,M25075,4,25475,Doe-Eyed Face (Brown)
Face,M25075,5,25575,Doe-Eyed Face (Sapphire)
Face,M25075,6,25675,Doe-Eyed Face (Purple)
Face,M25075,7,25775,Doe-Eyed Face (Plum)
Face,M25075,8,25875,Doe-Eyed Face (White)
Face,M25079,0,25079,Smuglord Face
Face,M25079,1,25179,Smuglord Face
Face,M25079,2,25279,Smuglord Face
Face,M25079,3,25379,Smuglord Face
Face,M25079,4,25479,Smuglord Face
Face,M25079,5,25579,Smuglord Face
Face,M25079,6,25679,Smuglord Face
Face,M25079,7,25779,Smuglord Face
Face,M25079,8,25879,Smuglord Face
Face,M25085,0,25085,Dotty Face
Face,M25085,1,25185,Dotty Face
Face,M25085,2,25285,Dotty Face
Face,M25085,3,25385,Dotty Face
Face,M25085,4,25485,Dotty Face
Face,M25085,5,25585,Dotty Face
Face,M25085,6,25685,Dotty Face
Face,M25085,7,25785,Dotty Face
Face,M25085,8,25885,Dotty Face
Face,M25088,0,25088,Colored Pencil Face
Face,M25088,1,25188,Colored Pencil Face
Face,M25088,2,25288,Colored Pencil Face
Face,M25088,3,25388,Colored Pencil Face
Face,M25088,4,25488,Colored Pencil Face
Face,M25088,5,25588,Colored Pencil Face
Face,M25088,6,25688,Colored Pencil Face
Face,M25088,7,25788,Colored Pencil Face
Face,M25088,8,25888,Colored Pencil Face
Face,M25089,0,25089,Misty-Eyed Face
Face,M25089,1,25189,Misty-Eyed Face
Face,M25089,2,25289,Misty-Eyed Face
Face,M25089,3,25389,Misty-Eyed Face
Face,M25089,4,25489,Misty-Eyed Face
Face,M25089,5,25589,Misty-Eyed Face
Face,M25089,6,25689,Misty-Eyed Face
Face,M25089,7,25789,Misty-Eyed Face
Face,M25089,8,25889,Misty-Eyed Face
Face,M25090,0,25090,Tsundere Face
Face,M25090,1,25190,Tsundere Face
Face,M25090,2,25290,Tsundere Face
Face,M25090,3,25390,Tsundere Face
Face,M25090,4,25490,Tsundere Face
Face,M25090,5,25590,Tsundere Face
Face,M25090,6,25690,Tsundere Face
Face,M25090,7,25790,Tsundere Face
Face,M25090,8,25890,Tsundere Face
Face,M25094,0,25094,Antici...pation
Face,M25094,1,25194,Antici...pation
Face,M25094,2,25294,Antici...pation
Face,M25094,3,25394,Antici...pation
Face,M25094,4,25494,Antici...pation
Face,M25094,5,25594,Antici...pation
Face,M25094,6,25694,Antici...pation
Face,M25094,7,25794,Antici...pation
Face,M25094,8,25894,Antici...pation
Face,M25096,0,25096,Fancy Free Face
Face,M25096,1,25196,Fancy Free Face
Face,M25096,2,25296,Fancy Free Face
Face,M25096,3,25396,Fancy Free Face
Face,M25096,4,25496,Fancy Free Face
Face,M25096,5,25596,Fancy Free Face
Face,M25096,6,25696,Fancy Free Face
Face,M25096,7,25796,Fancy Free Face
Face,M25096,8,25896,Fancy Free Face
Face,M26003,0,26003,Forest Fairy Face (Black)
Face,M26003,1,26103,Forest Fairy Face (Blue)
Face,M26003,2,26203,Forest Fairy Face (Red)
Face,M26003,3,26303,Forest Fairy Face (Green)
Face,M26003,4,26403,Forest Fairy Face (Hazel)
Face,M26003,5,26503,Forest Fairy Face (Sapphire)
Face,M26003,6,26603,Forest Fairy Face (Violet)
Face,M26003,7,26703,Forest Fairy Face (Amethyst)
Face,M26003,8,26803,Forest Fairy Face (White)
Face,M26004,0,26004,Starlight Falling Face (Black)
Face,M26004,1,26104,Starlight Falling Face (Blue)
Face,M26004,2,26204,Starlight Falling Face (Red)
Face,M26004,3,26304,Starlight Falling Face (Green)
Face,M26004,4,26404,Starlight Falling Face (Hazel)
Face,M26004,5,26504,Starlight Falling Face (Sapphire)
Face,M26004,6,26604,Starlight Falling Face (Violet)
Face,M26004,7,26704,Starlight Falling Face (Amethyst)
Face,M26004,8,26804,Starry Night Face (White)
Face,M26005,0,26005,Sly Face (Black)
Face,M26005,1,26105,Sly Face (Blue)
Face,M26005,2,26205,Sly Face (Red)
Face,M26005,3,26305,Sly Face (Green)
Face,M26005,4,26405,Sly Face (Hazel)
Face,M26005,5,26505,Sly Face (Sapphire)
Face,M26005,6,26605,Sly Face (Violet)
Face,M26005,7,26705,Sly Face (Amethyst)
Face,M26005,8,26805,Groomed Allure Face (White)
Face,M26006,0,26006,Sweet Cat Face (Black)
Face,M26006,1,26106,Sweet Cat Face (Blue)
Face,M26006,2,26206,Sweet Cat Face (Red)
Face,M26006,3,26306,Sweet Cat Face (Green)
Face,M26006,4,26406,Sweet Cat Face (Brown)
Face,M26006,5,26506,Sweet Cat Face (Sapphire)
Face,M26006,6,26606,Sweet Cat Face (Purple)
Face,M26006,7,26706,Sweet Cat Face (Plum)
Face,M26006,8,26806,Sweet Cat Face (White)
Face,M26007,0,26007,Magical Girl Face (Black)
Face,M26007,1,26107,Magical Girl Face (Blue)
Face,M26007,2,26207,Magical Girl Face (Red)
Face,M26007,3,26307,Magical Girl Face (Green)
Face,M26007,4,26407,Magical Girl Face (Brown)
Face,M26007,5,26507,Magical Girl Face (Sapphire)
Face,M26007,6,26607,Magical Girl Face (Purple)
Face,M26007,7,26707,Magical Girl Face (Plum)
Face,M26007,8,26807,Magical Girl Face (White)
Face,M26008,0,26008,Meow Face (Black)
Face,M26008,1,26108,Meow Face (Blue)
Face,M26008,2,26208,Meow Face (Red)
Face,M26008,3,26308,Meow Face (Green)
Face,M26008,4,26408,Meow Face (Hazel)
Face,M26008,5,26508,Meow Face (Sapphire)
Face,M26008,6,26608,Meow Face (Violet)
Face,M26008,7,26708,Meow Face (Amethyst)
Face,M26009,0,26009,Harin Face (Black)
Face,M26009,1,26109,Harin Face (Blue)
Face,M26009,2,26209,Harin Face (Red)
Face,M26009,3,26309,Harin Face (Green)
Face,M26009,4,26409,Harin Face (Brown)
Face,M26009,5,26509,Harin Face (Sapphire)
Face,M26009,6,26609,Harin Face (Purple)
Face,M26009,7,26709,Harin Face (Plum)
Face,M26009,8,26809,Harin Face (White)
Face,M26010,0,26010,Yuri Face (Black)
Face,M26010,1,26110,Yuri Face (Blue)
Face,M26010,2,26210,Yuri Face (Red)
Face,M26010,3,26310,Yuri Face (Green)
Face,M26010,4,26410,Yuri Face (Brown)
Face,M26010,5,26510,Yuri Face (Sapphire)
Face,M26010,6,26610,Yuri Face (Purple)
Face,M26010,7,26710,Yuri Face (Plum)
Face,M26010,8,26810,Yuri Face (White)
Face,M26011,0,26011,Xia Face (Black)
Face,M26011,1,26111,Xia Face (Blue)
Face,M26011,2,26211,Xia Face (Red)
Face,M26011,3,26311,Xia Face (Green)
Face,M26011,4,26411,Xia Face (Brown)
Face,M26011,5,26511,Xia Face (Sapphire)
Face,M26011,6,26611,Xia Face (Purple)
Face,M26011,7,26711,Xia Face (Plum)
Face,M26011,8,26811,Xia Face (White)
Face,M26012,0,26012,Takenokonoko Face (Black)
Face,M26012,1,26112,Takenokonoko Face (Blue)
Face,M26012,2,26212,Takenokonoko Face (Red)
Face,M26012,3,26312,Takenokonoko Face (Green)
Face,M26012,4,26412,Takenokonoko Face (Brown)
Face,M26012,5,26512,Takenokonoko Face (Sapphire)
Face,M26012,6,26612,Takenokonoko Face (Purple)
Face,M26012,7,26712,Takenokonoko Face (Plum)
Face,M26012,8,26812,Takenokonoko Face (White)
Face,M26013,0,26013,Izuna Face (Black)
Face,M26013,1,26113,Izuna Face (Blue)
Face,M26013,2,26213,Izuna Face (Red)
Face,M26013,3,26313,Izuna Face (Green)
Face,M26013,4,26413,Izuna Face (Brown)
Face,M26013,5,26513,Izuna Face (Sapphire)
Face,M26013,6,26613,Izuna Face (Purple)
Face,M26013,7,26713,Izuna Face (Plum)
Face,M26013,8,26813,Izuna Face (White)
Face,M26014,0,26014,Starry-Eyed Face
Face,M26014,1,26114,Starry-Eyed Face
Face,M26014,2,26214,Starry-Eyed Face
Face,M26014,3,26314,Starry-Eyed Face
Face,M26014,4,26414,Starry-Eyed Face
Face,M26014,5,26514,Starry-Eyed Face
Face,M26014,6,26614,Starry-Eyed Face
Face,M26014,7,26714,Starry-Eyed Face
Face,M26014,8,26814,Teen Drama Face (White)
Face,M26015,0,26015,Doodle Face (Black)
Face,M26015,1,26115,Doodle Face (Blue)
Face,M26015,2,26215,Doodle Face (Red)
Face,M26015,3,26315,Doodle Face (Green)
Face,M26015,4,26415,Doodle Face (Hazel)
Face,M26015,5,26515,Doodle Face (Sapphire)
Face,M26015,6,26615,Doodle Face (Violet)
Face,M26015,7,26715,Doodle Face (Amethyst)
Face,M26015,8,26815,Doodle Face (White)
Face,M26016,0,26016,Hysteric Face
Face,M26016,1,26116,Hysteric Face
Face,M26016,2,26216,Hysteric Face
Face,M26016,3,26316,Hysteric Face
Face,M26016,4,26416,Hysteric Face
Face,M26016,5,26516,Hysteric Face
Face,M26016,6,26616,Hysteric Face
Face,M26016,7,26716,Hysteric Face
Face,M26016,8,26816,Hysteric Face
Face,M26017,0,26017,Wow Face 
Face,M26017,1,26117,Wow Face (Blue)
Face,M26017,2,26217,Wow Face (Red)
Face,M26017,3,26317,Wow Face (Green)
Face,M26017,4,26417,Wow Face (Hazel)
Face,M26017,5,26517,Wow Face (Sapphire)
Face,M26017,6,26617,Wow Face (Violet)
Face,M26017,7,26717,Wow Face (Amethyst)
Face,M26017,8,26817,Wow Face (White)
Face,M26018,0,26018,Mont Blanc Face (Black)
Face,M26018,1,26118,Mont Blanc Face (Blue)
Face,M26018,2,26218,Mont Blanc Face (Red)
Face,M26018,3,26318,Mont Blanc Face (Green)
Face,M26018,4,26418,Mont Blanc Face (Brown)
Face,M26018,5,26518,Mont Blanc Face (Sapphire)
Face,M26018,6,26618,Mont Blanc Face (Violet)
Face,M26018,7,26718,Mont Blanc Face (Amethyst)
Face,M26018,8,26818,Mont Blanc Face (White)
Face,M26019,0,26019,Pudding Face (Black)
Face,M26019,1,26119,Pudding Face (Blue)
Face,M26019,2,26219,Pudding Face (Red)
Face,M26019,3,26319,Pudding Face (Green)
Face,M26019,4,26419,Pudding Face (Brown)
Face,M26019,5,26519,Pudding Face (Sapphire)
Face,M26019,6,26619,Pudding Face (Violet)
Face,M26019,7,26719,Pudding Face (Amethyst)
Face,M26019,8,26819,Pudding Face (White)
Face,M26020,0,26020,Choux Face (Black).
Face,M26020,1,26120,Choux Face (Blue)
Face,M26020,2,26220,Choux Face (Red)
Face,M26020,3,26320,Choux Face (Green)
Face,M26020,4,26420,Choux Face (Brown)
Face,M26020,5,26520,Choux Face (Sapphire)
Face,M26020,6,26620,Choux Face (Violet)
Face,M26020,7,26720,Choux Face (Amethyst)
Face,M26020,8,26820,Choux Face (White)
Face,M26021,0,26021,Pie Face (Black)
Face,M26021,1,26121,Pie Face (Blue)
Face,M26021,2,26221,Pie Face (Red)
Face,M26021,3,26321,Pie Face (Green)
Face,M26021,4,26421,Pie Face (Brown)
Face,M26021,5,26521,Pie Face (Sapphire)
Face,M26021,6,26621,Pie Face (Violet)
Face,M26021,7,26721,Pie Face (Amethyst)
Face,M26021,8,26821,Pie Face (White)
Face,M26022,0,26022,Make-up Diva Face
Face,M26022,1,26122,Make-up Diva Face
Face,M26022,2,26222,Make-up Diva Face
Face,M26022,3,26322,Make-up Diva Face
Face,M26022,4,26422,Make-up Diva Face
Face,M26022,5,26522,Make-up Diva Face
Face,M26022,6,26622,Make-up Diva Face
Face,M26022,7,26722,Make-up Diva Face
Face,M26022,8,26822,Make-up Diva Face
Face,M26026,0,26026,Spoiled Girl Face
Face,M26026,1,26126,Spoiled Girl Face (Blue)
Face,M26026,2,26226,Spoiled Girl Face (Red)
Face,M26026,3,26326,Spoiled Girl Face (Green)
Face,M26026,4,26426,Spoiled Girl Face (Brown)
Face,M26026,5,26526,Spoiled Girl Face (Sapphire)
Face,M26026,6,26626,Spoiled Girl Face (Purple)
Face,M26026,7,26726,Spoiled Girl Face (Plum)
Face,M26026,8,26826,Spoiled Girl Face (White)
Face,M26027,0,26027,Hangover Make-up (Black)
Face,M26027,1,26127,Hangover Make-up (Blue)
Face,M26027,2,26227,Hangover Make-up (Red)
Face,M26027,3,26327,Hangover Make-up (Green)
Face,M26027,4,26427,Hangover Make-up (Brown)
Face,M26027,5,26527,Hangover Make-up (Sapphire)
Face,M26027,6,26627,Hangover Make-up (Purple)
Face,M26027,7,26727,Hangover Make-up (Plum)
Face,M26027,8,26827,Hangover Make-up (White)
Face,M26032,0,26032,Bunny Nose Face
Face,M26032,1,26132,Bunny Nose Face
Face,M26032,2,26232,Bunny Nose Face
Face,M26032,3,26332,Bunny Nose Face
Face,M26032,4,26432,Bunny Nose Face
Face,M26032,5,26532,Bunny Nose Face
Face,M26032,6,26632,Bunny Nose Face
Face,M26032,7,26732,Bunny Nose Face
Face,M26032,8,26832,Bunny Nose Face
Face,M26033,0,26033,Clamped Mouth Face
Face,M26033,1,26133,Clamped Mouth Face
Face,M26033,2,26233,Clamped Mouth Face
Face,M26033,3,26333,Clamped Mouth Face
Face,M26033,4,26433,Clamped Mouth Face
Face,M26033,5,26533,Clamped Mouth Face
Face,M26033,6,26633,Clamped Mouth Face
Face,M26033,7,26733,Clamped Mouth Face
Face,M26033,8,26833,Clamped Mouth Face
Face,M26034,0,26034,Eyelash Perm Face
Face,M26034,1,26134,Eyelash Perm Face (Blue)
Face,M26034,2,26234,Eyelash Perm Face (Red)
Face,M26034,3,26334,Eyelash Perm Face (Green)
Face,M26034,4,26434,Eyelash Perm Face (Brown)
Face,M26034,5,26534,Eyelash Perm Face (Sapphire)
Face,M26034,6,26634,Eyelash Perm Face (Violet)
Face,M26034,7,26734,Eyelash Perm Face (Amethyst)
Face,M26034,8,26834,Eyelash Perm Face (White)
Face,M26036,0,26036,Mischievous Face
Face,M26036,1,26136,Mischievous Face (Blue)
Face,M26036,2,26236,Mischievous Face (Red)
Face,M26036,3,26336,Mischievous Face (Green)
Face,M26036,4,26436,Mischievous Face (Brown)
Face,M26036,5,26536,Mischievous Face (Sapphire)
Face,M26036,6,26636,Mischievous Face (Purple)
Face,M26036,7,26736,Mischievous Face (Plum)
Face,M26036,8,26836,Mischievous Face (White)
Face,M26037,0,26037,Colorful Pupil (Black)
Face,M26037,1,26137,Colorful Pupil (Blue)
Face,M26037,2,26237,Colorful Pupil (Red)
Face,M26037,3,26337,Colorful Pupil (Green)
Face,M26037,4,26437,Colorful Pupil (Brown)
Face,M26037,5,26537,Colorful Pupil (Sapphire)
Face,M26037,6,26637,Colorful Pupil (Purple)
Face,M26037,7,26737,Colorful Pupil (Plum)
Face,M26037,8,26837,Colorful Pupil (White)
Face,M26050,0,26050,Eyes-On-You Face
Face,M26050,1,26150,Eyes-On-You Face
Face,M26050,2,26250,Eyes-On-You Face
Face,M26050,3,26350,Eyes-On-You Face
Face,M26050,4,26450,Eyes-On-You Face
Face,M26050,5,26550,Eyes-On-You Face
Face,M26050,6,26650,Eyes-On-You Face
Face,M26050,7,26750,Eyes-On-You Face
Face,M26050,8,26850,Eyes-On-You Face
Face,M26054,0,26054,A Child's Dream (Black)
Face,M26054,1,26154,A Child's Dream (Blue)
Face,M26054,2,26254,A Child's Dream (Red)
Face,M26054,3,26354,A Child's Dream (Green)
Face,M26054,4,26454,A Child's Dream (Brown)
Face,M26054,5,26554,A Child's Dream (Sapphire)
Face,M26054,6,26654,A Child's Dream (Purple)
Face,M26054,7,26754,A Child's Dream (Plum)
Face,M26054,8,26854,A Child's Dream (White)
Face,M26055,0,26055,Illium Face
Face,M26055,1,26155,Illium Face (Blue)
Face,M26055,2,26255,Illium Face (Red)
Face,M26055,3,26355,Illium Face (Green)
Face,M26055,4,26455,Illium Face (Brown)
Face,M26055,5,26555,Illium Face (Sapphire)
Face,M26055,6,26655,Illium Face
Face,M26055,7,26755,Illium Face
Face,M26055,8,26855,Illium Face (White)
Face,M26056,0,26056,Nova Royal Face
Face,M26056,1,26156,Nova Royal Face
Face,M26056,2,26256,Nova Royal Face
Face,M26056,3,26356,Nova Royal Face
Face,M26056,4,26456,Nova Royal Face
Face,M26056,5,26556,Nova Royal Face
Face,M26056,6,26656,Nova Royal Face
Face,M26056,7,26756,Nova Royal Face
Face,M26056,8,26856,Nova Royal Face
Face,M26059,0,26059,Dark Circle Face
Face,M26059,1,26159,Dark Circle Face
Face,M26059,2,26259,Dark Circle Face
Face,M26059,3,26359,Dark Circle Face
Face,M26059,4,26459,Dark Circle Face
Face,M26059,5,26559,Dark Circle Face
Face,M26059,6,26659,Dark Circle Face
Face,M26059,7,26759,Dark Circle Face
Face,M26059,8,26859,Dark Circle Face
Face,M26061,0,26061,Fresh Spring Water Face
Face,M26061,1,26161,Fresh Spring Water Face (Blue)
Face,M26061,2,26261,Fresh Spring Water Face (Red)
Face,M26061,3,26361,Fresh Spring Water Face (Green)
Face,M26061,4,26461,Fresh Spring Water Face (Brown)
Face,M26061,5,26561,Fresh Spring Water Face (Sapphire)
Face,M26061,6,26661,Fresh Spring Water Face (Purple)
Face,M26061,7,26761,Fresh Spring Water Face
Face,M26061,8,26861,Fresh Spring Water Face (White)
Face,M26070,0,26070,Antici...pation
Face,M26070,1,26170,Antici...pation
Face,M26070,2,26270,Antici...pation
Face,M26070,3,26370,Antici...pation
Face,M26070,4,26470,Antici...pation
Face,M26070,5,26570,Antici...pation
Face,M26070,6,26670,Antici...pation
Face,M26070,7,26770,Antici...pation
Face,M26070,8,26870,Antici...pation
Face,M26085,0,26085,Smuglord Face
Face,M26085,1,26185,Smuglord Face
Face,M26085,2,26285,Smuglord Face
Face,M26085,3,26385,Smuglord Face
Face,M26085,4,26485,Smuglord Face
Face,M26085,5,26585,Smuglord Face
Face,M26085,6,26685,Smuglord Face
Face,M26085,7,26785,Smuglord Face
Face,M26085,8,26885,Smuglord Face
Face,M26091,0,26091,Dotty Face
Face,M26091,1,26191,Dotty Face
Face,M26091,2,26291,Dotty Face
Face,M26091,3,26391,Dotty Face
Face,M26091,4,26491,Dotty Face
Face,M26091,5,26591,Dotty Face
Face,M26091,6,26691,Dotty Face
Face,M26091,7,26791,Dotty Face
Face,M26091,8,26891,Dotty Face
Face,M26094,0,26094,Colored Pencil Face
Face,M26094,1,26194,Colored Pencil Face
Face,M26094,2,26294,Colored Pencil Face
Face,M26094,3,26394,Colored Pencil Face
Face,M26094,4,26494,Colored Pencil Face
Face,M26094,5,26594,Colored Pencil Face
Face,M26094,6,26694,Colored Pencil Face
Face,M26094,7,26794,Colored Pencil Face
Face,M26094,8,26894,Colored Pencil Face
Face,M26095,0,26095,Misty-Eyed Face
Face,M26095,1,26195,Misty-Eyed Face
Face,M26095,2,26295,Misty-Eyed Face
Face,M26095,3,26395,Misty-Eyed Face
Face,M26095,4,26495,Misty-Eyed Face
Face,M26095,5,26595,Misty-Eyed Face
Face,M26095,6,26695,Misty-Eyed Face
Face,M26095,7,26795,Misty-Eyed Face
Face,M26095,8,26895,Misty-Eyed Face
Face,M26096,0,26096,Tsundere Face
Face,M26096,1,26196,Tsundere Face
Face,M26096,2,26296,Tsundere Face
Face,M26096,3,26396,Tsundere Face
Face,M26096,4,26496,Tsundere Face
Face,M26096,5,26596,Tsundere Face
Face,M26096,6,26696,Tsundere Face
Face,M26096,7,26796,Tsundere Face
Face,M26096,8,26896,Tsundere Face
Face,M27006,0,27006,Starry Summer Night Face
Face,M27006,1,27106,Starry Summer Night Face
Face,M27006,2,27206,Starry Summer Night Face
Face,M27006,3,27306,Starry Summer Night Face
Face,M27006,4,27406,Starry Summer Night Face
Face,M27006,5,27506,Starry Summer Night Face
Face,M27006,6,27606,Starry Summer Night Face
Face,M27006,7,27706,Starry Summer Night Face
Face,M27006,8,27806,Starry Summer Night Face
Face,M27008,0,27008,Non-plussed Face
Face,M27008,1,27108,Non-plussed Face
Face,M27008,2,27208,Non-plussed Face
Face,M27008,3,27308,Non-plussed Face
Face,M27008,4,27408,Non-plussed Face
Face,M27008,5,27508,Non-plussed Face
Face,M27008,6,27608,Non-plussed Face
Face,M27008,7,27708,Non-plussed Face
Face,M27008,8,27808,Non-plussed Face
Face,M27010,0,27010,Uninterested Face
Face,M27010,1,27110,Uninterested Face
Face,M27010,2,27210,Uninterested Face
Face,M27010,3,27310,Uninterested Face
Face,M27010,4,27410,Uninterested Face
Face,M27010,5,27510,Uninterested Face
Face,M27010,6,27610,Uninterested Face
Face,M27010,7,27710,Uninterested Face
Face,M27010,8,27810,Uninterested Face
Face,M27019,0,27019,Pensive Face
Face,M27019,1,27119,Pensive Face
Face,M27019,2,27219,Pensive Face
Face,M27019,3,27319,Pensive Face
Face,M27019,4,27419,Pensive Face
Face,M27019,5,27519,Pensive Face
Face,M27019,6,27619,Pensive Face
Face,M27019,7,27719,Pensive Face
Face,M27019,8,27819,Pensive Face
Face,M27020,0,27020,Trustworthy Face
Face,M27020,1,27120,Trustworthy Face
Face,M27020,2,27220,Trustworthy Face
Face,M27020,3,27320,Trustworthy Face
Face,M27020,4,27420,Trustworthy Face
Face,M27020,5,27520,Trustworthy Face
Face,M27020,6,27620,Trustworthy Face
Face,M27020,7,27720,Trustworthy Face
Face,M27020,8,27820,Trustworthy Face
Face,M27022,0,27022,Cobalt Filigree Face
Face,M27022,1,27122,Cobalt Filigree Face
Face,M27022,2,27222,Cobalt Filigree Face
Face,M27022,3,27322,Cobalt Filigree Face
Face,M27022,4,27422,Cobalt Filigree Face
Face,M27022,5,27522,Cobalt Filigree Face
Face,M27022,6,27622,Cobalt Filigree Face
Face,M27022,7,27722,Cobalt Filigree Face
Face,M27022,8,27822,Cobalt Filigree Face
Face,M27035,0,27035,Resolved Face
Face,M27035,1,27135,Resolved Face
Face,M27035,2,27235,Resolved Face
Face,M27035,3,27335,Resolved Face
Face,M27035,4,27435,Resolved Face
Face,M27035,5,27535,Resolved Face
Face,M27035,6,27635,Resolved Face
Face,M27035,7,27735,Resolved Face
Face,M27035,8,27835,Resolved Face
Face,M27036,0,27036,Coy Face
Face,M27036,1,27136,Coy Face
Face,M27036,2,27236,Coy Face
Face,M27036,3,27336,Coy Face
Face,M27036,4,27436,Coy Face
Face,M27036,5,27536,Coy Face
Face,M27036,6,27636,Coy Face
Face,M27036,7,27736,Coy Face
Face,M27036,8,27836,Coy Face
Face,M27038,0,27038,Not-So-Chucklehead Face
Face,M27038,1,27138,Not-So-Chucklehead Face
Face,M27038,2,27238,Not-So-Chucklehead Face
Face,M27038,3,27338,Not-So-Chucklehead Face
Face,M27038,4,27438,Not-So-Chucklehead Face
Face,M27038,5,27538,Not-So-Chucklehead Face
Face,M27038,6,27638,Not-So-Chucklehead Face
Face,M27038,7,27738,Not-So-Chucklehead Face
Face,M27038,8,27838,Not-So-Chucklehead Face
Face,M27047,0,27047,Jaded Doll Face
Face,M27047,1,27147,Jaded Doll Face
Face,M27047,2,27247,Jaded Doll Face
Face,M27047,3,27347,Jaded Doll Face
Face,M27047,4,27447,Jaded Doll Face
Face,M27047,5,27547,Jaded Doll Face
Face,M27047,6,27647,Jaded Doll Face
Face,M27047,7,27747,Jaded Doll Face
Face,M27047,8,27847,Jaded Doll Face
Face,M27053,0,27053,Bummed Face
Face,M27053,1,27153,Bummed Face
Face,M27053,2,27253,Bummed Face
Face,M27053,3,27353,Bummed Face
Face,M27053,4,27453,Bummed Face
Face,M27053,5,27553,Bummed Face
Face,M27053,6,27653,Bummed Face
Face,M27053,7,27753,Bummed Face
Face,M27053,8,27853,Bummed Face
Face,M27055,0,27055,Stone-Cold Face
Face,M27055,1,27155,Stone-Cold Face
Face,M27055,2,27255,Stone-Cold Face
Face,M27055,3,27355,Stone-Cold Face
Face,M27055,4,27455,Stone-Cold Face
Face,M27055,5,27555,Stone-Cold Face
Face,M27055,6,27655,Stone-Cold Face
Face,M27055,7,27755,Stone-Cold Face
Face,M27055,8,27855,Stone-Cold Face
Face,M27064,0,27064,Solemn Face
Face,M27064,1,27164,Solemn Face
Face,M27064,2,27264,Solemn Face
Face,M27064,3,27364,Solemn Face
Face,M27064,4,27464,Solemn Face
Face,M27064,5,27564,Solemn Face
Face,M27064,6,27664,Solemn Face
Face,M27064,7,27764,Solemn Face
Face,M27064,8,27864,Solemn Face
Face,M27067,0,27067,Gleaming Cutie Face
Face,M27067,1,27167,Gleaming Cutie Face
Face,M27067,2,27267,Gleaming Cutie Face
Face,M27067,3,27367,Gleaming Cutie Face
Face,M27067,4,27467,Gleaming Cutie Face
Face,M27067,5,27567,Gleaming Cutie Face
Face,M27067,6,27667,Gleaming Cutie Face
Face,M27067,7,27767,Gleaming Cutie Face
Face,M27067,8,27867,Gleaming Cutie Face
Face,M27070,0,27070,Deer Eyes Face
Face,M27070,1,27170,Deer Eyes Face
Face,M27070,2,27270,Deer Eyes Face
Face,M27070,3,27370,Deer Eyes Face
Face,M27070,4,27470,Deer Eyes Face
Face,M27070,5,27570,Deer Eyes Face
Face,M27070,6,27670,Deer Eyes Face
Face,M27070,7,27770,Deer Eyes Face
Face,M27070,8,27870,Deer Eyes Face
Face,M27071,0,27071,Sentimental Jewel-Eyed Face
Face,M27071,1,27171,Sentimental Jewel-Eyed Face
Face,M27071,2,27271,Sentimental Jewel-Eyed Face
Face,M27071,3,27371,Sentimental Jewel-Eyed Face
Face,M27071,4,27471,Sentimental Jewel-Eyed Face
Face,M27071,5,27571,Sentimental Jewel-Eyed Face
Face,M27071,6,27671,Sentimental Jewel-Eyed Face
Face,M27071,7,27771,Sentimental Jewel-Eyed Face
Face,M27071,8,27871,Sentimental Jewel-Eyed Face
Face,M27075,0,27075,Lively Boy Face
Face,M27075,1,27175,Lively Boy Face
Face,M27075,2,27275,Lively Boy Face
Face,M27075,3,27375,Lively Boy Face
Face,M27075,4,27475,Lively Boy Face
Face,M27075,5,27575,Lively Boy Face
Face,M27075,6,27675,Lively Boy Face
Face,M27075,7,27775,Lively Boy Face
Face,M27075,8,27875,Lively Boy Face
Face,M27076,0,27076,Fawn Face
Face,M27076,1,27176,Fawn Face
Face,M27076,2,27276,Fawn Face
Face,M27076,3,27376,Fawn Face
Face,M27076,4,27476,Fawn Face
Face,M27076,5,27576,Fawn Face
Face,M27076,6,27676,Fawn Face
Face,M27076,7,27776,Fawn Face
Face,M27076,8,27876,Fawn Face
Face,M27077,0,27077,Silver Marble Face
Face,M27077,1,27177,Silver Marble Face
Face,M27077,2,27277,Silver Marble Face
Face,M27077,3,27377,Silver Marble Face
Face,M27077,4,27477,Silver Marble Face
Face,M27077,5,27577,Silver Marble Face
Face,M27077,6,27677,Silver Marble Face
Face,M27077,7,27777,Silver Marble Face
Face,M27077,8,27877,Silver Marble Face
Face,M27078,0,27078,Haughty Face
Face,M27078,1,27178,Haughty Face
Face,M27078,2,27278,Haughty Face
Face,M27078,3,27378,Haughty Face
Face,M27078,4,27478,Haughty Face
Face,M27078,5,27578,Haughty Face
Face,M27078,6,27678,Haughty Face
Face,M27078,7,27778,Haughty Face
Face,M27078,8,27878,Haughty Face
Face,M27079,0,27079,Sly Blush Face
Face,M27079,1,27179,Sly Blush Face
Face,M27079,2,27279,Sly Blush Face
Face,M27079,3,27379,Sly Blush Face
Face,M27079,4,27479,Sly Blush Face
Face,M27079,5,27579,Sly Blush Face
Face,M27079,6,27679,Sly Blush Face
Face,M27079,7,27779,Sly Blush Face
Face,M27079,8,27879,Sly Blush Face
Face,M27080,0,27080,Ball Candy Face
Face,M27080,1,27180,Ball Candy Face
Face,M27080,2,27280,Ball Candy Face
Face,M27080,3,27380,Ball Candy Face
Face,M27080,4,27480,Ball Candy Face
Face,M27080,5,27580,Ball Candy Face
Face,M27080,6,27680,Ball Candy Face
Face,M27080,7,27780,Ball Candy Face
Face,M27080,8,27880,Ball Candy Face
Face,M27083,0,27083,Bashful Face
Face,M27083,1,27183,Bashful Face
Face,M27083,2,27283,Bashful Face
Face,M27083,3,27383,Bashful Face
Face,M27083,4,27483,Bashful Face
Face,M27083,5,27583,Bashful Face
Face,M27083,6,27683,Bashful Face
Face,M27083,7,27783,Bashful Face
Face,M27083,8,27883,Bashful Face
Face,M27087,0,27087,Polite Interest Face
Face,M27087,1,27187,Polite Interest Face
Face,M27087,2,27287,Polite Interest Face
Face,M27087,3,27387,Polite Interest Face
Face,M27087,4,27487,Polite Interest Face
Face,M27087,5,27587,Polite Interest Face
Face,M27087,6,27687,Polite Interest Face
Face,M27087,7,27787,Polite Interest Face
Face,M27087,8,27887,Polite Interest Face
Face,M27088,0,27088,Soulless Face
Face,M27088,1,27188,Soulless Face
Face,M27088,2,27288,Soulless Face
Face,M27088,3,27388,Soulless Face
Face,M27088,4,27488,Soulless Face
Face,M27088,5,27588,Soulless Face
Face,M27088,6,27688,Soulless Face
Face,M27088,7,27788,Soulless Face
Face,M27088,8,27888,Soulless Face
Face,M27095,0,27095,Confounded Face
Face,M27095,1,27195,Confounded Face
Face,M27095,2,27295,Confounded Face
Face,M27095,3,27395,Confounded Face
Face,M27095,4,27495,Confounded Face
Face,M27095,5,27595,Confounded Face
Face,M27095,6,27695,Confounded Face
Face,M27095,7,27795,Confounded Face
Face,M27095,8,27895,Confounded Face
Face,M27096,0,27096,Lethargic Face
Face,M27096,1,27196,Lethargic Face
Face,M27096,2,27296,Lethargic Face
Face,M27096,3,27396,Lethargic Face
Face,M27096,4,27496,Lethargic Face
Face,M27096,5,27596,Lethargic Face
Face,M27096,6,27696,Lethargic Face
Face,M27096,7,27796,Lethargic Face
Face,M27096,8,27896,Lethargic Face
Face,M28000,0,28000,Fancy Free Face
Face,M28000,1,28100,Fancy Free Face
Face,M28000,2,28200,Fancy Free Face
Face,M28000,3,28300,Fancy Free Face
Face,M28000,4,28400,Fancy Free Face
Face,M28000,5,28500,Fancy Free Face
Face,M28000,6,28600,Fancy Free Face
Face,M28000,7,28700,Fancy Free Face
Face,M28000,8,28800,Fancy Free Face
Face,M28008,0,28008,Starry Summer Night Face
Face,M28008,1,28108,Starry Summer Night Face
Face,M28008,2,28208,Starry Summer Night Face
Face,M28008,3,28308,Starry Summer Night Face
Face,M28008,4,28408,Starry Summer Night Face
Face,M28008,5,28508,Starry Summer Night Face
Face,M28008,6,28608,Starry Summer Night Face
Face,M28008,7,28708,Starry Summer Night Face
Face,M28008,8,28808,Starry Summer Night Face
Face,M28014,0,28014,Non-plussed Face
Face,M28014,1,28114,Non-plussed Face
Face,M28014,2,28214,Non-plussed Face
Face,M28014,3,28314,Non-plussed Face
Face,M28014,4,28414,Non-plussed Face
Face,M28014,5,28514,Non-plussed Face
Face,M28014,6,28614,Non-plussed Face
Face,M28014,7,28714,Non-plussed Face
Face,M28014,8,28814,Non-plussed Face
Face,M28016,0,28016,Uninterested Face
Face,M28016,1,28116,Uninterested Face
Face,M28016,2,28216,Uninterested Face
Face,M28016,3,28316,Uninterested Face
Face,M28016,4,28416,Uninterested Face
Face,M28016,5,28516,Uninterested Face
Face,M28016,6,28616,Uninterested Face
Face,M28016,7,28716,Uninterested Face
Face,M28016,8,28816,Uninterested Face
Face,M28024,0,28024,Shy Face
Face,M28024,1,28124,Shy Face
Face,M28024,2,28224,Shy Face
Face,M28024,3,28324,Shy Face
Face,M28024,4,28424,Shy Face
Face,M28024,5,28524,Shy Face
Face,M28024,6,28624,Shy Face
Face,M28024,7,28724,Shy Face
Face,M28024,8,28824,Shy Face
Face,M28025,0,28025,Trustworthy Face
Face,M28025,1,28125,Trustworthy Face
Face,M28025,2,28225,Trustworthy Face
Face,M28025,3,28325,Trustworthy Face
Face,M28025,4,28425,Trustworthy Face
Face,M28025,5,28525,Trustworthy Face
Face,M28025,6,28625,Trustworthy Face
Face,M28025,7,28725,Trustworthy Face
Face,M28025,8,28825,Trustworthy Face
Face,M28027,0,28027,Cobalt Filigree Face
Face,M28027,1,28127,Cobalt Filigree Face
Face,M28027,2,28227,Cobalt Filigree Face
Face,M28027,3,28327,Cobalt Filigree Face
Face,M28027,4,28427,Cobalt Filigree Face
Face,M28027,5,28527,Cobalt Filigree Face
Face,M28027,6,28627,Cobalt Filigree Face
Face,M28027,7,28727,Cobalt Filigree Face
Face,M28027,8,28827,Cobalt Filigree Face
Face,M28041,0,28041,Resolved Face
Face,M28041,1,28141,Resolved Face
Face,M28041,2,28241,Resolved Face
Face,M28041,3,28341,Resolved Face
Face,M28041,4,28441,Resolved Face
Face,M28041,5,28541,Resolved Face
Face,M28041,6,28641,Resolved Face
Face,M28041,7,28741,Resolved Face
Face,M28041,8,28841,Resolved Face
Face,M28042,0,28042,Coy Face
Face,M28042,1,28142,Coy Face
Face,M28042,2,28242,Coy Face
Face,M28042,3,28342,Coy Face
Face,M28042,4,28442,Coy Face
Face,M28042,5,28542,Coy Face
Face,M28042,6,28642,Coy Face
Face,M28042,7,28742,Coy Face
Face,M28042,8,28842,Coy Face
Face,M28044,0,28044,Not-So-Chucklehead Face
Face,M28044,1,28144,Not-So-Chucklehead Face
Face,M28044,2,28244,Not-So-Chucklehead Face
Face,M28044,3,28344,Not-So-Chucklehead Face
Face,M28044,4,28444,Not-So-Chucklehead Face
Face,M28044,5,28544,Not-So-Chucklehead Face
Face,M28044,6,28644,Not-So-Chucklehead Face
Face,M28044,7,28744,Not-So-Chucklehead Face
Face,M28044,8,28844,Not-So-Chucklehead Face
Face,M28052,0,28052,Jaded Doll Face
Face,M28052,1,28152,Jaded Doll Face
Face,M28052,2,28252,Jaded Doll Face
Face,M28052,3,28352,Jaded Doll Face
Face,M28052,4,28452,Jaded Doll Face
Face,M28052,5,28552,Jaded Doll Face
Face,M28052,6,28652,Jaded Doll Face
Face,M28052,7,28752,Jaded Doll Face
Face,M28052,8,28852,Jaded Doll Face
Face,M28053,0,28053,Chinless Derpy Gal Face
Face,M28053,1,28153,Chinless Derpy Gal Face
Face,M28053,2,28253,Chinless Derpy Gal Face
Face,M28053,3,28353,Chinless Derpy Gal Face
Face,M28053,4,28453,Chinless Derpy Gal Face
Face,M28053,5,28553,Chinless Derpy Gal Face
Face,M28053,6,28653,Chinless Derpy Gal Face
Face,M28053,7,28753,Chinless Derpy Gal Face
Face,M28053,8,28853,Chinless Derpy Gal Face
Face,M28058,0,28058,Bummed Face
Face,M28058,1,28158,Bummed Face
Face,M28058,2,28258,Bummed Face
Face,M28058,3,28358,Bummed Face
Face,M28058,4,28458,Bummed Face
Face,M28058,5,28558,Bummed Face
Face,M28058,6,28658,Bummed Face
Face,M28058,7,28758,Bummed Face
Face,M28058,8,28858,Bummed Face
Face,M28060,0,28060,Stone-Cold Face
Face,M28060,1,28160,Stone-Cold Face
Face,M28060,2,28260,Stone-Cold Face
Face,M28060,3,28360,Stone-Cold Face
Face,M28060,4,28460,Stone-Cold Face
Face,M28060,5,28560,Stone-Cold Face
Face,M28060,6,28660,Stone-Cold Face
Face,M28060,7,28760,Stone-Cold Face
Face,M28060,8,28860,Stone-Cold Face
Face,M28072,0,28072,Sleepy Time Face
Face,M28072,1,28172,Sleepy Time Face
Face,M28072,2,28272,Sleepy Time Face
Face,M28072,3,28372,Sleepy Time Face
Face,M28072,4,28472,Sleepy Time Face
Face,M28072,5,28572,Sleepy Time Face
Face,M28072,6,28672,Sleepy Time Face
Face,M28072,7,28772,Sleepy Time Face
Face,M28072,8,28872,Sleepy Time Face
Face,M28073,0,28073,Sparkling Sweetheart Face
Face,M28073,1,28173,Sparkling Sweetheart Face
Face,M28073,2,28273,Sparkling Sweetheart Face
Face,M28073,3,28373,Sparkling Sweetheart Face
Face,M28073,4,28473,Sparkling Sweetheart Face
Face,M28073,5,28573,Sparkling Sweetheart Face
Face,M28073,6,28673,Sparkling Sweetheart Face
Face,M28073,7,28773,Sparkling Sweetheart Face
Face,M28073,8,28873,Sparkling Sweetheart Face
Face,M28076,0,28076,Cloudie Face
Face,M28076,1,28176,Cloudie Face
Face,M28076,2,28276,Cloudie Face
Face,M28076,3,28376,Cloudie Face
Face,M28076,4,28476,Cloudie Face
Face,M28076,5,28576,Cloudie Face
Face,M28076,6,28676,Cloudie Face
Face,M28076,7,28776,Cloudie Face
Face,M28076,8,28876,Cloudie Face
Face,M28078,0,28078,Deer Eyes Face
Face,M28078,1,28178,Deer Eyes Face
Face,M28078,2,28278,Deer Eyes Face
Face,M28078,3,28378,Deer Eyes Face
Face,M28078,4,28478,Deer Eyes Face
Face,M28078,5,28578,Deer Eyes Face
Face,M28078,6,28678,Deer Eyes Face
Face,M28078,7,28778,Deer Eyes Face
Face,M28078,8,28878,Deer Eyes Face
Face,M28079,0,28079,Moni Face
Face,M28079,1,28179,Moni Face
Face,M28079,2,28279,Moni Face
Face,M28079,3,28379,Moni Face
Face,M28079,4,28479,Moni Face
Face,M28079,5,28579,Moni Face
Face,M28079,6,28679,Moni Face
Face,M28079,7,28779,Moni Face
Face,M28079,8,28879,Moni Face
Face,M28080,0,28080,Sentimental Jewel-Eyed Face
Face,M28080,1,28180,Sentimental Jewel-Eyed Face
Face,M28080,2,28280,Sentimental Jewel-Eyed Face
Face,M28080,3,28380,Sentimental Jewel-Eyed Face
Face,M28080,4,28480,Sentimental Jewel-Eyed Face
Face,M28080,5,28580,Sentimental Jewel-Eyed Face
Face,M28080,6,28680,Sentimental Jewel-Eyed Face
Face,M28080,7,28780,Sentimental Jewel-Eyed Face
Face,M28080,8,28880,Sentimental Jewel-Eyed Face
Face,M28082,0,28082,Suspicious Face
Face,M28082,1,28182,Suspicious Face
Face,M28082,2,28282,Suspicious Face
Face,M28082,3,28382,Suspicious Face
Face,M28082,4,28482,Suspicious Face
Face,M28082,5,28582,Suspicious Face
Face,M28082,6,28682,Suspicious Face
Face,M28082,7,28782,Suspicious Face
Face,M28082,8,28882,Suspicious Face
Face,M28084,0,28084,Lively Girl Face
Face,M28084,1,28184,Lively Girl Face
Face,M28084,2,28284,Lively Girl Face
Face,M28084,3,28384,Lively Girl Face
Face,M28084,4,28484,Lively Girl Face
Face,M28084,5,28584,Lively Girl Face
Face,M28084,6,28684,Lively Girl Face
Face,M28084,7,28784,Lively Girl Face
Face,M28084,8,28884,Lively Girl Face
Face,M28085,0,28085,Fawn Face
Face,M28085,1,28185,Fawn Face
Face,M28085,2,28285,Fawn Face
Face,M28085,3,28385,Fawn Face
Face,M28085,4,28485,Fawn Face
Face,M28085,5,28585,Fawn Face
Face,M28085,6,28685,Fawn Face
Face,M28085,7,28785,Fawn Face
Face,M28085,8,28885,Fawn Face
Face,M28086,0,28086,Silver Marble Face
Face,M28086,1,28186,Silver Marble Face
Face,M28086,2,28286,Silver Marble Face
Face,M28086,3,28386,Silver Marble Face
Face,M28086,4,28486,Silver Marble Face
Face,M28086,5,28586,Silver Marble Face
Face,M28086,6,28686,Silver Marble Face
Face,M28086,7,28786,Silver Marble Face
Face,M28086,8,28886,Silver Marble Face
Face,M28087,0,28087,Haughty Face
Face,M28087,1,28187,Haughty Face
Face,M28087,2,28287,Haughty Face
Face,M28087,3,28387,Haughty Face
Face,M28087,4,28487,Haughty Face
Face,M28087,5,28587,Haughty Face
Face,M28087,6,28687,Haughty Face
Face,M28087,7,28787,Haughty Face
Face,M28087,8,28887,Haughty Face
Face,M28088,0,28088,Sly Blush Face
Face,M28088,1,28188,Sly Blush Face
Face,M28088,2,28288,Sly Blush Face
Face,M28088,3,28388,Sly Blush Face
Face,M28088,4,28488,Sly Blush Face
Face,M28088,5,28588,Sly Blush Face
Face,M28088,6,28688,Sly Blush Face
Face,M28088,7,28788,Sly Blush Face
Face,M28088,8,28888,Sly Blush Face
Face,M28089,0,28089,Ball Candy Face
Face,M28089,1,28189,Ball Candy Face
Face,M28089,2,28289,Ball Candy Face
Face,M28089,3,28389,Ball Candy Face
Face,M28089,4,28489,Ball Candy Face
Face,M28089,5,28589,Ball Candy Face
Face,M28089,6,28689,Ball Candy Face
Face,M28089,7,28789,Ball Candy Face
Face,M28089,8,28889,Ball Candy Face
Face,M28092,0,28092,Bashful Face
Face,M28092,1,28192,Bashful Face
Face,M28092,2,28292,Bashful Face
Face,M28092,3,28392,Bashful Face
Face,M28092,4,28492,Bashful Face
Face,M28092,5,28592,Bashful Face
Face,M28092,6,28692,Bashful Face
Face,M28092,7,28792,Bashful Face
Face,M28092,8,28892,Bashful Face
Face,M28097,0,28097,Polite Interest Face
Face,M28097,1,28197,Polite Interest Face
Face,M28097,2,28297,Polite Interest Face
Face,M28097,3,28397,Polite Interest Face
Face,M28097,4,28497,Polite Interest Face
Face,M28097,5,28597,Polite Interest Face
Face,M28097,6,28697,Polite Interest Face
Face,M28097,7,28797,Polite Interest Face
Face,M28097,8,28897,Polite Interest Face
Face,M28098,0,28098,Soulless Face
Face,M28098,1,28198,Soulless Face
Face,M28098,2,28298,Soulless Face
Face,M28098,3,28398,Soulless Face
Face,M28098,4,28498,Soulless Face
Face,M28098,5,28598,Soulless Face
Face,M28098,6,28698,Soulless Face
Face,M28098,7,28798,Soulless Face
Face,M28098,8,28898,Soulless Face
Face,M29000,0,29000,Transparent Face (Black)
Face,M29000,1,29100,Transparent Face (Blue)
Face,M29000,2,29200,Transparent Face (Red)
Face,M29000,3,29300,Motivated Look (Green)
Face,M29000,4,29400,Transparent Face (Orange)
Face,M29000,5,29500,Transparent Face (Sapphire)
Face,M29000,6,29600,Transparent Face (Purple)
Face,M29000,7,29700,Transparent Face (Pink)
Face,M29000,8,29800,Transparent Face (White)
Face,M29001,0,29001,Brooding Face
Face,M29001,1,29101,Brooding Face
Face,M29001,2,29201,Brooding Face
Face,M29001,3,29301,Brooding Face
Face,M29001,4,29401,Brooding Face
Face,M29001,5,29501,Brooding Face
Face,M29001,6,29601,Brooding Face
Face,M29001,7,29701,Brooding Face
Face,M29001,8,29801,Brooding Face
Face,M29002,0,29002,Sullen Face
Face,M29002,1,29102,Sullen Face
Face,M29002,2,29202,Sullen Face
Face,M29002,3,29302,Sullen Face
Face,M29002,4,29402,Sullen Face
Face,M29002,5,29502,Sullen Face
Face,M29002,6,29602,Sullen Face
Face,M29002,7,29702,Sullen Face
Face,M29002,8,29802,Sullen Face
Face,M29003,0,29003,Cynical Cattertons Face
Face,M29003,1,29103,Cynical Cattertons Face
Face,M29003,2,29203,Cynical Cattertons Face
Face,M29003,3,29303,Cynical Cattertons Face
Face,M29003,4,29403,Cynical Cattertons Face
Face,M29003,5,29503,Cynical Cattertons Face
Face,M29003,6,29603,Cynical Cattertons Face
Face,M29003,7,29703,Cynical Cattertons Face
Face,M29003,8,29803,Cynical Cattertons Face
Face,M29004,0,29004,Brooding Face
Face,M29004,1,29104,Brooding Face
Face,M29004,2,29204,Brooding Face
Face,M29004,3,29304,Brooding Face
Face,M29004,4,29404,Brooding Face
Face,M29004,5,29504,Brooding Face
Face,M29004,6,29604,Brooding Face
Face,M29004,7,29704,Brooding Face
Face,M29004,8,29804,Brooding Face
Face,M29005,0,29005,Cynical Cattertons Face
Face,M29005,1,29105,Cynical Cattertons Face
Face,M29005,2,29205,Cynical Cattertons Face
Face,M29005,3,29305,Cynical Cattertons Face
Face,M29005,4,29405,Cynical Cattertons Face
Face,M29005,5,29505,Cynical Cattertons Face
Face,M29005,6,29605,Cynical Cattertons Face
Face,M29005,7,29705,Cynical Cattertons Face
Face,M29005,8,29805,Cynical Cattertons Face
Face,M50001,0,20034,Face 20034
Face,M50001,1,20841,Face 20841
Face,M50001,2,20936,Face 20936
Face,M50001,3,20976,Face 20976
Face,M50001,4,21467,Face 21467
Face,M50001,5,21918,Face 21918
Face,M50001,6,21958,Face 21958
Face,M50001,7,21998,Face 21998
Face,M50001,8,22038,Face 22038
Face,M50005,0,20041,Child's Adorable Face
Face,M50005,1,20842,Child's Adorable Face
Face,M50005,2,20937,Child's Adorable Face
Face,M50005,3,20977,Child's Adorable Face
Face,M50005,4,21532,Child's Adorable Face
Face,M50005,5,21919,Child's Adorable Face
Face,M50005,6,21959,Child's Adorable Face
Face,M50005,7,21999,Child's Adorable Face
Face,M50005,8,22039,Child's Adorable Face
Face,M50006,0,20042,Aloof Face
Face,M50006,1,20872,Aloof Face
Face,M50006,2,20938,Aloof Face
Face,M50006,3,20978,Aloof Face
Face,M50006,4,21539,Aloof Face
Face,M50006,5,21920,Aloof Face
Face,M50006,6,21960,Aloof Face
Face,M50006,7,22000,Aloof Face
Face,M50006,8,22040,Aloof Face
Face,M50008,0,20134,Trickster Grin
Face,M50008,1,20879,Trickster Grin
Face,M50008,2,20939,Trickster Grin
Face,M50008,3,20979,Trickster Grin
Face,M50008,4,21540,Trickster Grin
Face,M50008,5,21921,Trickster Grin
Face,M50008,6,21961,Trickster Grin
Face,M50008,7,22001,Trickster Grin
Face,M50008,8,22041,Trickster Grin
Face,M50010,0,20171,Existentially Tired Face
Face,M50010,1,20900,Existentially Tired Face
Face,M50010,2,20940,Existentially Tired Face
Face,M50010,3,20980,Existentially Tired Face
Face,M50010,4,21566,Existentially Tired Face
Face,M50010,5,21922,Existentially Tired Face
Face,M50010,6,21962,Existentially Tired Face
Face,M50010,7,22002,Existentially Tired Face
Face,M50010,8,22042,Existentially Tired Face
Face,M50012,0,20172,Sweet and Pure Face
Face,M50012,1,20901,Sweet and Pure Face
Face,M50012,2,20941,Sweet and Pure Face
Face,M50012,3,20981,Sweet and Pure Face
Face,M50012,4,21567,Sweet and Pure Face
Face,M50012,5,21923,Sweet and Pure Face
Face,M50012,6,21963,Sweet and Pure Face
Face,M50012,7,22003,Sweet and Pure Face
Face,M50012,8,22043,Sweet and Pure Face
Face,M50014,0,20179,Bright Smile Face
Face,M50014,1,20902,Bright Smile Face
Face,M50014,2,20942,Bright Smile Face
Face,M50014,3,20982,Bright Smile Face
Face,M50014,4,21632,Bright Smile Face
Face,M50014,5,21924,Bright Smile Face
Face,M50014,6,21964,Bright Smile Face
Face,M50014,7,22004,Bright Smile Face
Face,M50014,8,22044,Bright Smile Face
Face,M50015,0,20234,Cursed Eyes Face
Face,M50015,1,20903,Cursed Eyes Face
Face,M50015,2,20943,Cursed Eyes Face
Face,M50015,3,20983,Cursed Eyes Face
Face,M50015,4,21639,Cursed Eyes Face
Face,M50015,5,21925,Cursed Eyes Face
Face,M50015,6,21965,Cursed Eyes Face
Face,M50015,7,22005,Cursed Eyes Face
Face,M50015,8,22045,Cursed Eyes Face
Face,M50019,0,20271,Graceful Face
Face,M50019,1,20904,Graceful Face
Face,M50019,2,20944,Graceful Face
Face,M50019,3,20984,Graceful Face
Face,M50019,4,21640,Graceful Face
Face,M50019,5,21926,Graceful Face
Face,M50019,6,21966,Graceful Face
Face,M50019,7,22006,Graceful Face
Face,M50019,8,22046,Graceful Face
Face,M50021,0,20272,Mung Bean Face
Face,M50021,1,20905,Mung Bean Face
Face,M50021,2,20945,Mung Bean Face
Face,M50021,3,20985,Mung Bean Face
Face,M50021,4,21666,Mung Bean Face
Face,M50021,5,21927,Mung Bean Face
Face,M50021,6,21967,Mung Bean Face
Face,M50021,7,22007,Mung Bean Face
Face,M50021,8,22047,Mung Bean Face
Face,M50023,0,20279,Curious Face
Face,M50023,1,20906,Curious Face
Face,M50023,2,20946,Curious Face
Face,M50023,3,20986,Curious Face
Face,M50023,4,21667,Curious Face
Face,M50023,5,21928,Curious Face
Face,M50023,6,21968,Curious Face
Face,M50023,7,22008,Curious Face
Face,M50023,8,22048,Curious Face
Face,M50026,0,20334,Pure Face
Face,M50026,1,20907,Pure Face
Face,M50026,2,20947,Pure Face
Face,M50026,3,20987,Pure Face
Face,M50026,4,21732,Pure Face
Face,M50026,5,21929,Pure Face
Face,M50026,6,21969,Pure Face
Face,M50026,7,22009,Pure Face
Face,M50026,8,22049,Pure Face
Face,M50027,0,20371,Limpid Face
Face,M50027,1,20908,Limpid Face
Face,M50027,2,20948,Limpid Face
Face,M50027,3,20988,Limpid Face
Face,M50027,4,21739,Limpid Face
Face,M50027,5,21930,Limpid Face
Face,M50027,6,21970,Limpid Face
Face,M50027,7,22010,Limpid Face
Face,M50027,8,22050,Limpid Face
Face,M50028,0,20372,Know-It-All Face
Face,M50028,1,20909,Know-It-All Face
Face,M50028,2,20949,Know-It-All Face
Face,M50028,3,20989,Know-It-All Face
Face,M50028,4,21740,Know-It-All Face
Face,M50028,5,21931,Know-It-All Face
Face,M50028,6,21971,Know-It-All Face
Face,M50028,7,22011,Know-It-All Face
Face,M50028,8,22051,Know-It-All Face
Face,M50033,0,20379,Ice King Face
Face,M50033,1,20910,Ice King Face
Face,M50033,2,20950,Ice King Face
Face,M50033,3,20990,Ice King Face
Face,M50033,4,21766,Ice King Face
Face,M50033,5,21932,Ice King Face
Face,M50033,6,21972,Ice King Face
Face,M50033,7,22012,Ice King Face
Face,M50033,8,22052,Ice King Face
Face,M50034,0,20434,Pumpkin Face
Face,M50034,1,20911,Pumpkin Face
Face,M50034,2,20951,Pumpkin Face
Face,M50034,3,20991,Pumpkin Face
Face,M50034,4,21767,Pumpkin Face
Face,M50034,5,21933,Pumpkin Face
Face,M50034,6,21973,Pumpkin Face
Face,M50034,7,22013,Pumpkin Face
Face,M50034,8,22053,Pumpkin Face
Face,M50036,0,20441,Apricot Blush Face
Face,M50036,1,20912,Apricot Blush Face
Face,M50036,2,20952,Apricot Blush Face
Face,M50036,3,20992,Apricot Blush Face
Face,M50036,4,21832,Apricot Blush Face
Face,M50036,5,21934,Apricot Blush Face
Face,M50036,6,21974,Apricot Blush Face
Face,M50036,7,22014,Apricot Blush Face
Face,M50036,8,22054,Apricot Blush Face
Face,M50037,0,20442,Sullen Face
Face,M50037,1,20913,Sullen Face
Face,M50037,2,20953,Sullen Face
Face,M50037,3,20993,Sullen Face
Face,M50037,4,21839,Sullen Face
Face,M50037,5,21935,Sullen Face
Face,M50037,6,21975,Sullen Face
Face,M50037,7,22015,Sullen Face
Face,M50037,8,22055,Sullen Face
Face,M50038,0,20471,Ruddy Face
Face,M50038,1,20914,Ruddy Face
Face,M50038,2,20954,Ruddy Face
Face,M50038,3,20994,Ruddy Face
Face,M50038,4,21840,Ruddy Face
Face,M50038,5,21936,Ruddy Face
Face,M50038,6,21976,Ruddy Face
Face,M50038,7,22016,Ruddy Face
Face,M50038,8,22056,Ruddy Face
Face,M50041,0,20472,Green Grape Face
Face,M50041,1,20915,Green Grape Face
Face,M50041,2,20955,Green Grape Face
Face,M50041,3,20995,Green Grape Face
Face,M50041,4,21866,Green Grape Face
Face,M50041,5,21937,Green Grape Face
Face,M50041,6,21977,Green Grape Face
Face,M50041,7,22017,Green Grape Face
Face,M50041,8,22057,Green Grape Face
Face,M50045,0,20479,Pastel Dreams Face (M)
Face,M50045,1,20916,Pastel Dreams Face (M)
Face,M50045,2,20956,Pastel Dreams Face (M)
Face,M50045,3,20996,Pastel Dreams Face (M)
Face,M50045,4,21867,Pastel Dreams Face (M)
Face,M50045,5,21938,Pastel Dreams Face (M)
Face,M50045,6,21978,Pastel Dreams Face (M)
Face,M50045,7,22018,Pastel Dreams Face (M)
Face,M50045,8,22058,Pastel Dreams Face (M)
Face,M50048,0,20534,Off-Hue Eyes
Face,M50048,1,20917,Off-Hue Eyes
Face,M50048,2,20957,Off-Hue Eyes
Face,M50048,3,20997,Off-Hue Eyes
Face,M50048,4,21890,Off-Hue Eyes
Face,M50048,5,21939,Off-Hue Eyes
Face,M50048,6,21979,Off-Hue Eyes
Face,M50048,7,22019,Off-Hue Eyes
Face,M50048,8,22059,Off-Hue Eyes
Face,M50049,0,20541,Reluctant Listening Face
Face,M50049,1,20918,Reluctant Listening Face
Face,M50049,2,20958,Reluctant Listening Face
Face,M50049,3,20998,Reluctant Listening Face
Face,M50049,4,21900,Reluctant Listening Face
Face,M50049,5,21940,Reluctant Listening Face
Face,M50049,6,21980,Reluctant Listening Face
Face,M50049,7,22020,Reluctant Listening Face
Face,M50049,8,22060,Reluctant Listening Face
Face,M50051,0,20542,Inscrutable Face
Face,M50051,1,20919,Inscrutable Face
Face,M50051,2,20959,Inscrutable Face
Face,M50051,3,20999,Inscrutable Face
Face,M50051,4,21901,Inscrutable Face
Face,M50051,5,21941,Inscrutable Face
Face,M50051,6,21981,Inscrutable Face
Face,M50051,7,22021,Inscrutable Face
Face,M50051,8,22061,Inscrutable Face
Face,M50053,0,20571,Smiling Face
Face,M50053,1,20920,Smiling Face
Face,M50053,2,20960,Smiling Face
Face,M50053,3,21032,Smiling Face
Face,M50053,4,21902,Smiling Face
Face,M50053,5,21942,Smiling Face
Face,M50053,6,21982,Smiling Face
Face,M50053,7,22022,Smiling Face
Face,M50053,8,22062,Smiling Face
Face,M50055,0,20572,Soft Face
Face,M50055,1,20921,Soft Face
Face,M50055,2,20961,Soft Face
Face,M50055,3,21039,Soft Face
Face,M50055,4,21903,Soft Face
Face,M50055,5,21943,Soft Face
Face,M50055,6,21983,Soft Face
Face,M50055,7,22023,Soft Face
Face,M50055,8,22063,Soft Face
Face,M50056,0,20579,Nostalgic Face
Face,M50056,1,20922,Nostalgic Face
Face,M50056,2,20962,Nostalgic Face
Face,M50056,3,21040,Nostalgic Face
Face,M50056,4,21904,Nostalgic Face
Face,M50056,5,21944,Nostalgic Face
Face,M50056,6,21984,Nostalgic Face
Face,M50056,7,22024,Nostalgic Face
Face,M50056,8,22064,Nostalgic Face
Face,M50061,0,20634,Attentive Face
Face,M50061,1,20923,Attentive Face
Face,M50061,2,20963,Attentive Face
Face,M50061,3,21132,Attentive Face
Face,M50061,4,21905,Attentive Face
Face,M50061,5,21945,Attentive Face
Face,M50061,6,21985,Attentive Face
Face,M50061,7,22025,Attentive Face
Face,M50061,8,22065,Attentive Face
Face,M50062,0,20641,Absentminded Face
Face,M50062,1,20924,Absentminded Face
Face,M50062,2,20964,Absentminded Face
Face,M50062,3,21166,Absentminded Face
Face,M50062,4,21906,Absentminded Face
Face,M50062,5,21946,Absentminded Face
Face,M50062,6,21986,Absentminded Face
Face,M50062,7,22026,Absentminded Face
Face,M50062,8,22066,Absentminded Face
Face,M50065,0,20642,Mischievous Devil Face
Face,M50065,1,20925,Mischievous Devil Face
Face,M50065,2,20965,Mischievous Devil Face
Face,M50065,3,21167,Mischievous Devil Face
Face,M50065,4,21907,Mischievous Devil Face
Face,M50065,5,21947,Mischievous Devil Face
Face,M50065,6,21987,Mischievous Devil Face
Face,M50065,7,22027,Mischievous Devil Face
Face,M50065,8,22067,Mischievous Devil Face
Face,M50066,0,20671,Calm Lucid Face
Face,M50066,1,20926,Calm Lucid Face
Face,M50066,2,20966,Calm Lucid Face
Face,M50066,3,21232,Calm Lucid Face
Face,M50066,4,21908,Calm Lucid Face
Face,M50066,5,21948,Calm Lucid Face
Face,M50066,6,21988,Calm Lucid Face
Face,M50066,7,22028,Calm Lucid Face
Face,M50066,8,22068,Calm Lucid Face
Face,M50069,0,20672,Lara Face
Face,M50069,1,20927,Lara Face
Face,M50069,2,20967,Lara Face
Face,M50069,3,21266,Lara Face
Face,M50069,4,21909,Lara Face
Face,M50069,5,21949,Lara Face
Face,M50069,6,21989,Lara Face
Face,M50069,7,22029,Lara Face
Face,M50069,8,22069,Lara Face
Face,M50072,0,20679,Enticing Toothy Smirk Cattertons Face
Face,M50072,1,20928,Enticing Toothy Smirk Cattertons Face
Face,M50072,2,20968,Enticing Toothy Smirk Cattertons Face
Face,M50072,3,21267,Enticing Toothy Smirk Cattertons Face
Face,M50072,4,21910,Enticing Toothy Smirk Cattertons Face
Face,M50072,5,21950,Enticing Toothy Smirk Cattertons Face
Face,M50072,6,21990,Enticing Toothy Smirk Cattertons Face
Face,M50072,7,22030,Enticing Toothy Smirk Cattertons Face
Face,M50072,8,22070,Enticing Toothy Smirk Cattertons Face
Face,M50076,0,20734,Round Ink Face
Face,M50076,1,20929,Round Ink Face
Face,M50076,2,20969,Round Ink Face
Face,M50076,3,21332,Round Ink Face
Face,M50076,4,21911,Round Ink Face
Face,M50076,5,21951,Round Ink Face
Face,M50076,6,21991,Round Ink Face
Face,M50076,7,22031,Round Ink Face
Face,M50076,8,22071,Round Ink Face
Face,M50079,0,20741,Positive Energy Face
Face,M50079,1,20930,Positive Energy Face
Face,M50079,2,20970,Positive Energy Face
Face,M50079,3,21366,Positive Energy Face
Face,M50079,4,21912,Positive Energy Face
Face,M50079,5,21952,Positive Energy Face
Face,M50079,6,21992,Positive Energy Face
Face,M50079,7,22032,Positive Energy Face
Face,M50079,8,22072,Positive Energy Face
Face,M50086,0,20742,Homunculus Face
Face,M50086,1,20931,Homunculus Face
Face,M50086,2,20971,Homunculus Face
Face,M50086,3,21367,Homunculus Face
Face,M50086,4,21913,Homunculus Face
Face,M50086,5,21953,Homunculus Face
Face,M50086,6,21993,Homunculus Face
Face,M50086,7,22033,Homunculus Face
Face,M50086,8,22073,Homunculus Face
Face,M50089,0,20771,Cried Yesterday Face
Face,M50089,1,20932,Cried Yesterday Face
Face,M50089,2,20972,Cried Yesterday Face
Face,M50089,3,21432,Cried Yesterday Face
Face,M50089,4,21914,Cried Yesterday Face
Face,M50089,5,21954,Cried Yesterday Face
Face,M50089,6,21994,Cried Yesterday Face
Face,M50089,7,22034,Cried Yesterday Face
Face,M50089,8,22074,Cried Yesterday Face
Face,M50090,0,20772,Buy Me That Face
Face,M50090,1,20933,Buy Me That Face
Face,M50090,2,20973,Buy Me That Face
Face,M50090,3,21439,Buy Me That Face
Face,M50090,4,21915,Buy Me That Face
Face,M50090,5,21955,Buy Me That Face
Face,M50090,6,21995,Buy Me That Face
Face,M50090,7,22035,Buy Me That Face
Face,M50090,8,22075,Buy Me That Face
Face,M50098,0,20779,Charming Face
Face,M50098,1,20934,Charming Face
Face,M50098,2,20974,Charming Face
Face,M50098,3,21440,Charming Face
Face,M50098,4,21916,Charming Face
Face,M50098,5,21956,Charming Face
Face,M50098,6,21996,Charming Face
Face,M50098,7,22036,Charming Face
Face,M50098,8,22076,Charming Face
Face,M50099,0,20834,Prankster Face
Face,M50099,1,20935,Prankster Face
Face,M50099,2,20975,Prankster Face
Face,M50099,3,21466,Prankster Face
Face,M50099,4,21917,Prankster Face
Face,M50099,5,21957,Prankster Face
Face,M50099,6,21997,Prankster Face
Face,M50099,7,22037,Prankster Face
Face,M50099,8,22077,Prankster Face
Face,M51006,0,22078,Confounded Face
Face,M51006,1,22114,Confounded Face
Face,M51006,2,22150,Confounded Face
Face,M51006,3,22186,Confounded Face
Face,M51006,4,22222,Confounded Face
Face,M51006,5,22258,Confounded Face
Face,M51006,6,22294,Confounded Face
Face,M51006,7,22330,Confounded Face
Face,M51006,8,22366,Confounded Face
Face,M51007,0,22079,Lethargic Face
Face,M51007,1,22115,Lethargic Face
Face,M51007,2,22151,Lethargic Face
Face,M51007,3,22187,Lethargic Face
Face,M51007,4,22223,Lethargic Face
Face,M51007,5,22259,Lethargic Face
Face,M51007,6,22295,Lethargic Face
Face,M51007,7,22331,Lethargic Face
Face,M51007,8,22367,Lethargic Face
Face,M51013,0,22080,Face 22080
Face,M51013,1,22116,Face 22116
Face,M51013,2,22152,Face 22152
Face,M51013,3,22188,Face 22188
Face,M51013,4,22224,Face 22224
Face,M51013,5,22260,Face 22260
Face,M51013,6,22296,Face 22296
Face,M51013,7,22332,Face 22332
Face,M51013,8,22368,Face 22368
Face,M51018,0,22081,Child's Adorable Face
Face,M51018,1,22117,Child's Adorable Face
Face,M51018,2,22153,Child's Adorable Face
Face,M51018,3,22189,Child's Adorable Face
Face,M51018,4,22225,Child's Adorable Face
Face,M51018,5,22261,Child's Adorable Face
Face,M51018,6,22297,Child's Adorable Face
Face,M51018,7,22333,Child's Adorable Face
Face,M51018,8,22369,Child's Adorable Face
Face,M51019,0,22082,Aloof Face
Face,M51019,1,22118,Aloof Face
Face,M51019,2,22154,Aloof Face
Face,M51019,3,22190,Aloof Face
Face,M51019,4,22226,Aloof Face
Face,M51019,5,22262,Aloof Face
Face,M51019,6,22298,Aloof Face
Face,M51019,7,22334,Aloof Face
Face,M51019,8,22370,Aloof Face
Face,M51021,0,22083,Trickster Grin
Face,M51021,1,22119,Trickster Grin
Face,M51021,2,22155,Trickster Grin
Face,M51021,3,22191,Trickster Grin
Face,M51021,4,22227,Trickster Grin
Face,M51021,5,22263,Trickster Grin
Face,M51021,6,22299,Trickster Grin
Face,M51021,7,22335,Trickster Grin
Face,M51021,8,22371,Trickster Grin
Face,M51026,0,22084,Sweet and Pure Face
Face,M51026,1,22120,Sweet and Pure Face
Face,M51026,2,22156,Sweet and Pure Face
Face,M51026,3,22192,Sweet and Pure Face
Face,M51026,4,22228,Sweet and Pure Face
Face,M51026,5,22264,Sweet and Pure Face
Face,M51026,6,22300,Sweet and Pure Face
Face,M51026,7,22336,Sweet and Pure Face
Face,M51026,8,22372,Sweet and Pure Face
Face,M51028,0,22085,Bright Smile Face
Face,M51028,1,22121,Bright Smile Face
Face,M51028,2,22157,Bright Smile Face
Face,M51028,3,22193,Bright Smile Face
Face,M51028,4,22229,Bright Smile Face
Face,M51028,5,22265,Bright Smile Face
Face,M51028,6,22301,Bright Smile Face
Face,M51028,7,22337,Bright Smile Face
Face,M51028,8,22373,Bright Smile Face
Face,M51029,0,22086,Cursed Eyes Face
Face,M51029,1,22122,Cursed Eyes Face
Face,M51029,2,22158,Cursed Eyes Face
Face,M51029,3,22194,Cursed Eyes Face
Face,M51029,4,22230,Cursed Eyes Face
Face,M51029,5,22266,Cursed Eyes Face
Face,M51029,6,22302,Cursed Eyes Face
Face,M51029,7,22338,Cursed Eyes Face
Face,M51029,8,22374,Cursed Eyes Face
Face,M51033,0,22087,Graceful Face
Face,M51033,1,22123,Graceful Face
Face,M51033,2,22159,Graceful Face
Face,M51033,3,22195,Graceful Face
Face,M51033,4,22231,Graceful Face
Face,M51033,5,22267,Graceful Face
Face,M51033,6,22303,Graceful Face
Face,M51033,7,22339,Graceful Face
Face,M51033,8,22375,Graceful Face
Face,M51035,0,22088,Mung Bean Face
Face,M51035,1,22124,Mung Bean Face
Face,M51035,2,22160,Mung Bean Face
Face,M51035,3,22196,Mung Bean Face
Face,M51035,4,22232,Mung Bean Face
Face,M51035,5,22268,Mung Bean Face
Face,M51035,6,22304,Mung Bean Face
Face,M51035,7,22340,Mung Bean Face
Face,M51035,8,22376,Mung Bean Face
Face,M51037,0,22089,Curious Face
Face,M51037,1,22125,Curious Face
Face,M51037,2,22161,Curious Face
Face,M51037,3,22197,Curious Face
Face,M51037,4,22233,Curious Face
Face,M51037,5,22269,Curious Face
Face,M51037,6,22305,Curious Face
Face,M51037,7,22341,Curious Face
Face,M51037,8,22377,Curious Face
Face,M51041,0,22090,Glimmer Face
Face,M51041,1,22126,Glimmer Face
Face,M51041,2,22162,Glimmer Face
Face,M51041,3,22198,Glimmer Face
Face,M51041,4,22234,Glimmer Face
Face,M51041,5,22270,Glimmer Face
Face,M51041,6,22306,Glimmer Face
Face,M51041,7,22342,Glimmer Face
Face,M51041,8,22378,Glimmer Face
Face,M51042,0,22091,Know-It-All Face
Face,M51042,1,22127,Know-It-All Face
Face,M51042,2,22163,Know-It-All Face
Face,M51042,3,22199,Know-It-All Face
Face,M51042,4,22235,Know-It-All Face
Face,M51042,5,22271,Know-It-All Face
Face,M51042,6,22307,Know-It-All Face
Face,M51042,7,22343,Know-It-All Face
Face,M51042,8,22379,Know-It-All Face
Face,M51047,0,22092,Ice Queen Face
Face,M51047,1,22128,Ice Queen Face
Face,M51047,2,22164,Ice Queen Face
Face,M51047,3,22200,Ice Queen Face
Face,M51047,4,22236,Ice Queen Face
Face,M51047,5,22272,Ice Queen Face
Face,M51047,6,22308,Ice Queen Face
Face,M51047,7,22344,Ice Queen Face
Face,M51047,8,22380,Ice Queen Face
Face,M51048,0,22093,Pumpkin Face
Face,M51048,1,22129,Pumpkin Face
Face,M51048,2,22165,Pumpkin Face
Face,M51048,3,22201,Pumpkin Face
Face,M51048,4,22237,Pumpkin Face
Face,M51048,5,22273,Pumpkin Face
Face,M51048,6,22309,Pumpkin Face
Face,M51048,7,22345,Pumpkin Face
Face,M51048,8,22381,Pumpkin Face
Face,M51050,0,22094,Apricot Blush Face
Face,M51050,1,22130,Apricot Blush Face
Face,M51050,2,22166,Apricot Blush Face
Face,M51050,3,22202,Apricot Blush Face
Face,M51050,4,22238,Apricot Blush Face
Face,M51050,5,22274,Apricot Blush Face
Face,M51050,6,22310,Apricot Blush Face
Face,M51050,7,22346,Apricot Blush Face
Face,M51050,8,22382,Apricot Blush Face
Face,M51051,0,22095,Sullen Face
Face,M51051,1,22131,Sullen Face
Face,M51051,2,22167,Sullen Face
Face,M51051,3,22203,Sullen Face
Face,M51051,4,22239,Sullen Face
Face,M51051,5,22275,Sullen Face
Face,M51051,6,22311,Sullen Face
Face,M51051,7,22347,Sullen Face
Face,M51051,8,22383,Sullen Face
Face,M51052,0,22096,Ruddy Face
Face,M51052,1,22132,Ruddy Face
Face,M51052,2,22168,Ruddy Face
Face,M51052,3,22204,Ruddy Face
Face,M51052,4,22240,Ruddy Face
Face,M51052,5,22276,Ruddy Face
Face,M51052,6,22312,Ruddy Face
Face,M51052,7,22348,Ruddy Face
Face,M51052,8,22384,Ruddy Face
Face,M51054,0,22097,Green Grape Face
Face,M51054,1,22133,Green Grape Face
Face,M51054,2,22169,Green Grape Face
Face,M51054,3,22205,Green Grape Face
Face,M51054,4,22241,Green Grape Face
Face,M51054,5,22277,Green Grape Face
Face,M51054,6,22313,Green Grape Face
Face,M51054,7,22349,Green Grape Face
Face,M51054,8,22385,Green Grape Face
Face,M51058,0,22098,Pastel Dreams Face (F)
Face,M51058,1,22134,Pastel Dreams Face (F)
Face,M51058,2,22170,Pastel Dreams Face (F)
Face,M51058,3,22206,Pastel Dreams Face (F)
Face,M51058,4,22242,Pastel Dreams Face (F)
Face,M51058,5,22278,Pastel Dreams Face (F)
Face,M51058,6,22314,Pastel Dreams Face (F)
Face,M51058,7,22350,Pastel Dreams Face (F)
Face,M51058,8,22386,Pastel Dreams Face (F)
Face,M51061,0,22099,Off-Hue Eyes
Face,M51061,1,22135,Off-Hue Eyes
Face,M51061,2,22171,Off-Hue Eyes
Face,M51061,3,22207,Off-Hue Eyes
Face,M51061,4,22243,Off-Hue Eyes
Face,M51061,5,22279,Off-Hue Eyes
Face,M51061,6,22315,Off-Hue Eyes
Face,M51061,7,22351,Off-Hue Eyes
Face,M51061,8,22387,Off-Hue Eyes
Face,M51062,0,22100,Reluctant Listening Face
Face,M51062,1,22136,Reluctant Listening Face
Face,M51062,2,22172,Reluctant Listening Face
Face,M51062,3,22208,Reluctant Listening Face
Face,M51062,4,22244,Reluctant Listening Face
Face,M51062,5,22280,Reluctant Listening Face
Face,M51062,6,22316,Reluctant Listening Face
Face,M51062,7,22352,Reluctant Listening Face
Face,M51062,8,22388,Reluctant Listening Face
Face,M51064,0,22101,Inscrutable Face
Face,M51064,1,22137,Inscrutable Face
Face,M51064,2,22173,Inscrutable Face
Face,M51064,3,22209,Inscrutable Face
Face,M51064,4,22245,Inscrutable Face
Face,M51064,5,22281,Inscrutable Face
Face,M51064,6,22317,Inscrutable Face
Face,M51064,7,22353,Inscrutable Face
Face,M51064,8,22389,Inscrutable Face
Face,M51066,0,22102,Smiling Face
Face,M51066,1,22138,Smiling Face
Face,M51066,2,22174,Smiling Face
Face,M51066,3,22210,Smiling Face
Face,M51066,4,22246,Smiling Face
Face,M51066,5,22282,Smiling Face
Face,M51066,6,22318,Smiling Face
Face,M51066,7,22354,Smiling Face
Face,M51066,8,22390,Smiling Face
Face,M51068,0,22103,Soft Face
Face,M51068,1,22139,Soft Face
Face,M51068,2,22175,Soft Face
Face,M51068,3,22211,Soft Face
Face,M51068,4,22247,Soft Face
Face,M51068,5,22283,Soft Face
Face,M51068,6,22319,Soft Face
Face,M51068,7,22355,Soft Face
Face,M51068,8,22391,Soft Face
Face,M51069,0,22104,Nostalgic Face
Face,M51069,1,22140,Nostalgic Face
Face,M51069,2,22176,Nostalgic Face
Face,M51069,3,22212,Nostalgic Face
Face,M51069,4,22248,Nostalgic Face
Face,M51069,5,22284,Nostalgic Face
Face,M51069,6,22320,Nostalgic Face
Face,M51069,7,22356,Nostalgic Face
Face,M51069,8,22392,Nostalgic Face
Face,M51076,0,22105,Attentive Face
Face,M51076,1,22141,Attentive Face
Face,M51076,2,22177,Attentive Face
Face,M51076,3,22213,Attentive Face
Face,M51076,4,22249,Attentive Face
Face,M51076,5,22285,Attentive Face
Face,M51076,6,22321,Attentive Face
Face,M51076,7,22357,Attentive Face
Face,M51076,8,22393,Attentive Face
Face,M51077,0,22106,Absentminded Face
Face,M51077,1,22142,Absentminded Face
Face,M51077,2,22178,Absentminded Face
Face,M51077,3,22214,Absentminded Face
Face,M51077,4,22250,Absentminded Face
Face,M51077,5,22286,Absentminded Face
Face,M51077,6,22322,Absentminded Face
Face,M51077,7,22358,Absentminded Face
Face,M51077,8,22394,Absentminded Face
Face,M51080,0,22107,Mischievous Devil Face
Face,M51080,1,22143,Mischievous Devil Face
Face,M51080,2,22179,Mischievous Devil Face
Face,M51080,3,22215,Mischievous Devil Face
Face,M51080,4,22251,Mischievous Devil Face
Face,M51080,5,22287,Mischievous Devil Face
Face,M51080,6,22323,Mischievous Devil Face
Face,M51080,7,22359,Mischievous Devil Face
Face,M51080,8,22395,Mischievous Devil Face
Face,M51081,0,22108,Calm Lucid Face
Face,M51081,1,22144,Calm Lucid Face
Face,M51081,2,22180,Calm Lucid Face
Face,M51081,3,22216,Calm Lucid Face
Face,M51081,4,22252,Calm Lucid Face
Face,M51081,5,22288,Calm Lucid Face
Face,M51081,6,22324,Calm Lucid Face
Face,M51081,7,22360,Calm Lucid Face
Face,M51081,8,22396,Calm Lucid Face
Face,M51084,0,22109,Lara Face
Face,M51084,1,22145,Lara Face
Face,M51084,2,22181,Lara Face
Face,M51084,3,22217,Lara Face
Face,M51084,4,22253,Lara Face
Face,M51084,5,22289,Lara Face
Face,M51084,6,22325,Lara Face
Face,M51084,7,22361,Lara Face
Face,M51084,8,22397,Lara Face
Face,M51087,0,22110,Enticing Toothy Smirk Cattertons Face
Face,M51087,1,22146,Enticing Toothy Smirk Cattertons Face
Face,M51087,2,22182,Enticing Toothy Smirk Cattertons Face
Face,M51087,3,22218,Enticing Toothy Smirk Cattertons Face
Face,M51087,4,22254,Enticing Toothy Smirk Cattertons Face
Face,M51087,5,22290,Enticing Toothy Smirk Cattertons Face
Face,M51087,6,22326,Enticing Toothy Smirk Cattertons Face
Face,M51087,7,22362,Enticing Toothy Smirk Cattertons Face
Face,M51087,8,22398,Enticing Toothy Smirk Cattertons Face
Face,M51091,0,22111,Round Ink Face
Face,M51091,1,22147,Round Ink Face
Face,M51091,2,22183,Round Ink Face
Face,M51091,3,22219,Round Ink Face
Face,M51091,4,22255,Round Ink Face
Face,M51091,5,22291,Round Ink Face
Face,M51091,6,22327,Round Ink Face
Face,M51091,7,22363,Round Ink Face
Face,M51091,8,22399,Round Ink Face
Face,M51094,0,22112,Positive Energy Face
Face,M51094,1,22148,Positive Energy Face
Face,M51094,2,22184,Positive Energy Face
Face,M51094,3,22220,Positive Energy Face
Face,M51094,4,22256,Positive Energy Face
Face,M51094,5,22292,Positive Energy Face
Face,M51094,6,22328,Positive Energy Face
Face,M51094,7,22364,Positive Energy Face
Face,M51094,8,22400,Positive Energy Face
Face,M51099,0,22113,Face of Longing
Face,M51099,1,22149,Face of Longing
Face,M51099,2,22185,Face of Longing
Face,M51099,3,22221,Face of Longing
Face,M51099,4,22257,Face of Longing
Face,M51099,5,22293,Face of Longing
Face,M51099,6,22329,Face of Longing
Face,M51099,7,22365,Face of Longing
Face,M51099,8,22401,Face of Longing
Face,M53003,0,22402,Languid Face
Face,M53003,1,22426,Languid Face
Face,M53003,2,22450,Languid Face
Face,M53003,3,22474,Languid Face
Face,M53003,4,22498,Languid Face
Face,M53003,5,22522,Languid Face
Face,M53003,6,22546,Languid Face
Face,M53003,7,22570,Languid Face
Face,M53003,8,22594,Languid Face
Face,M53007,0,22403,Button Doll Face
Face,M53007,1,22427,Button Doll Face
Face,M53007,2,22451,Button Doll Face
Face,M53007,3,22475,Button Doll Face
Face,M53007,4,22499,Button Doll Face
Face,M53007,5,22523,Button Doll Face
Face,M53007,6,22547,Button Doll Face
Face,M53007,7,22571,Button Doll Face
Face,M53007,8,22595,Button Doll Face
Face,M53009,0,22404,Shy Kid Face
Face,M53009,1,22428,Shy Kid Face
Face,M53009,2,22452,Shy Kid Face
Face,M53009,3,22476,Shy Kid Face
Face,M53009,4,22500,Shy Kid Face
Face,M53009,5,22524,Shy Kid Face
Face,M53009,6,22548,Shy Kid Face
Face,M53009,7,22572,Shy Kid Face
Face,M53009,8,22596,Shy Kid Face
Face,M53013,0,22405,Jerome Face
Face,M53013,1,22429,Jerome Face
Face,M53013,2,22453,Jerome Face
Face,M53013,3,22477,Jerome Face
Face,M53013,4,22501,Jerome Face
Face,M53013,6,22549,Jerome Face
Face,M53013,7,22573,Jerome Face
Face,M53013,8,22597,Jerome Face
Face,M53024,0,22406,Fox-Eyed Face
Face,M53024,1,22430,Fox-Eyed Face
Face,M53024,2,22454,Fox-Eyed Face
Face,M53024,3,22478,Fox-Eyed Face
Face,M53024,4,22502,Fox-Eyed Face
Face,M53024,5,22526,Fox-Eyed Face
Face,M53024,6,22550,Fox-Eyed Face
Face,M53024,7,22574,Fox-Eyed Face
Face,M53024,8,22598,Fox-Eyed Face
Face,M53025,0,22407,Cherubic Face
Face,M53025,1,22431,Cherubic Face
Face,M53025,2,22455,Cherubic Face
Face,M53025,3,22479,Cherubic Face
Face,M53025,4,22503,Cherubic Face
Face,M53025,5,22527,Cherubic Face
Face,M53025,6,22551,Cherubic Face
Face,M53025,7,22575,Cherubic Face
Face,M53025,8,22599,Cherubic Face
Face,M53027,0,22408,Enticing Face
Face,M53027,1,22432,Enticing Face
Face,M53027,2,22456,Enticing Face
Face,M53027,3,22480,Enticing Face
Face,M53027,4,22504,Enticing Face
Face,M53027,5,22528,Enticing Face
Face,M53027,6,22552,Enticing Face
Face,M53027,7,22576,Enticing Face
Face,M53027,8,22600,Enticing Face
Face,M53030,0,22410,Moisturized Face
Face,M53030,1,22434,Moisturized Face
Face,M53030,2,22458,Moisturized Face
Face,M53030,3,22482,Moisturized Face
Face,M53030,4,22506,Moisturized Face
Face,M53030,5,22530,Moisturized Face
Face,M53030,6,22554,Moisturized Face
Face,M53030,7,22578,Moisturized Face
Face,M53030,8,22602,Moisturized Face
Face,M53039,0,22411,Strutting Face
Face,M53039,1,22435,Strutting Face
Face,M53039,2,22459,Strutting Face
Face,M53039,3,22483,Strutting Face
Face,M53039,4,22507,Strutting Face
Face,M53039,5,22531,Strutting Face
Face,M53039,6,22555,Strutting Face
Face,M53039,7,22579,Strutting Face
Face,M53039,8,22603,Strutting Face
Face,M53048,0,22412,Chess King Face
Face,M53048,1,22436,Chess King Face
Face,M53048,2,22460,Chess King Face
Face,M53048,3,22484,Chess King Face
Face,M53048,4,22508,Chess King Face
Face,M53048,5,22532,Chess King Face
Face,M53048,6,22556,Chess King Face
Face,M53048,7,22580,Chess King Face
Face,M53048,8,22604,Chess King Face
Face,M53049,0,22413,Stomach Ache Face
Face,M53049,1,22437,Stomach Ache Face
Face,M53049,2,22461,Stomach Ache Face
Face,M53049,3,22485,Stomach Ache Face
Face,M53049,4,22509,Stomach Ache Face
Face,M53049,5,22533,Stomach Ache Face
Face,M53049,6,22557,Stomach Ache Face
Face,M53049,7,22581,Stomach Ache Face
Face,M53049,8,22605,Stomach Ache Face
Face,M53050,0,22414,All-Nighter Face
Face,M53050,1,22438,All-Nighter Face
Face,M53050,2,22462,All-Nighter Face
Face,M53050,3,22486,All-Nighter Face
Face,M53050,4,22510,All-Nighter Face
Face,M53050,5,22534,All-Nighter Face
Face,M53050,6,22558,All-Nighter Face
Face,M53050,7,22582,All-Nighter Face
Face,M53050,8,22606,All-Nighter Face
Face,M53051,0,22415,Bold Odd Eye Face
Face,M53051,1,22439,Bold Odd Eye Face
Face,M53051,2,22463,Bold Odd Eye Face
Face,M53051,3,22487,Bold Odd Eye Face
Face,M53051,4,22511,Bold Odd Eye Face
Face,M53051,5,22535,Bold Odd Eye Face
Face,M53051,6,22559,Bold Odd Eye Face
Face,M53051,7,22583,Bold Odd Eye Face
Face,M53051,8,22607,Bold Odd Eye Face
Face,M53052,0,22416,Bicolor Eyes Face
Face,M53052,1,22440,Bicolor Eyes Face
Face,M53052,2,22464,Bicolor Eyes Face
Face,M53052,3,22488,Bicolor Eyes Face
Face,M53052,4,22512,Bicolor Eyes Face
Face,M53052,5,22536,Bicolor Eyes Face
Face,M53052,6,22560,Bicolor Eyes Face
Face,M53052,7,22584,Bicolor Eyes Face
Face,M53052,8,22608,Bicolor Eyes Face
Face,M53053,0,22417,Shy Smile Face
Face,M53053,1,22441,Shy Smile Face
Face,M53053,2,22465,Shy Smile Face
Face,M53053,3,22489,Shy Smile Face
Face,M53053,4,22513,Shy Smile Face
Face,M53053,5,22537,Shy Smile Face
Face,M53053,6,22561,Shy Smile Face
Face,M53053,7,22585,Shy Smile Face
Face,M53053,8,22609,Shy Smile Face
Face,M53065,0,22418,Proud Look Face
Face,M53065,1,22442,Proud Look Face
Face,M53065,2,22466,Proud Look Face
Face,M53065,3,22490,Proud Look Face
Face,M53065,4,22514,Proud Look Face
Face,M53065,5,22538,Proud Look Face
Face,M53065,6,22562,Proud Look Face
Face,M53065,7,22586,Proud Look Face
Face,M53065,8,22610,Proud Look Face
Face,M53072,0,22419,BLINK Face
Face,M53072,1,22443,BLINK Face
Face,M53072,2,22467,BLINK Face
Face,M53072,3,22491,BLINK Face
Face,M53072,4,22515,BLINK Face
Face,M53072,5,22539,BLINK Face
Face,M53072,6,22563,BLINK Face
Face,M53072,7,22587,BLINK Face
Face,M53072,8,22611,BLINK Face
Face,M53073,0,22420,Clear Day Face
Face,M53073,1,22444,Clear Day Face
Face,M53073,2,22468,Clear Day Face
Face,M53073,3,22492,Clear Day Face
Face,M53073,4,22516,Clear Day Face
Face,M53073,5,22540,Clear Day Face
Face,M53073,6,22564,Clear Day Face
Face,M53073,7,22588,Clear Day Face
Face,M53073,8,22612,Clear Day Face
Face,M53076,0,22421,Miss You A Little Face
Face,M53076,1,22445,Miss You A Little Face
Face,M53076,2,22469,Miss You A Little Face
Face,M53076,3,22493,Miss You A Little Face
Face,M53076,4,22517,Miss You A Little Face
Face,M53076,5,22541,Miss You A Little Face
Face,M53076,6,22565,Miss You A Little Face
Face,M53076,7,22589,Miss You A Little Face
Face,M53076,8,22613,Miss You A Little Face
Face,M53077,0,22422,Winter Blush Face
Face,M53077,1,22446,Winter Blush Face
Face,M53077,2,22470,Winter Blush Face
Face,M53077,3,22494,Winter Blush Face
Face,M53077,4,22518,Winter Blush Face
Face,M53077,5,22542,Winter Blush Face
Face,M53077,6,22566,Winter Blush Face
Face,M53077,7,22590,Winter Blush Face
Face,M53077,8,22614,Winter Blush Face
Face,M53080,0,22423,Powder Face
Face,M53080,1,22447,Powder Face
Face,M53080,2,22471,Powder Face
Face,M53080,3,22495,Powder Face
Face,M53080,4,22519,Powder Face
Face,M53080,5,22543,Powder Face
Face,M53080,6,22567,Powder Face
Face,M53080,7,22591,Powder Face
Face,M53080,8,22615,Powder Face
Face,M53091,0,22424,Corrupted Vessel Face
Face,M53091,1,22448,Corrupted Vessel Face
Face,M53091,2,22472,Corrupted Vessel Face
Face,M53091,3,22496,Corrupted Vessel Face
Face,M53091,4,22520,Corrupted Vessel Face
Face,M53091,5,22544,Corrupted Vessel Face
Face,M53091,6,22568,Corrupted Vessel Face
Face,M53091,7,22592,Corrupted Vessel Face
Face,M53091,8,22616,Corrupted Vessel Face
Face,M53093,0,22425,Veronica Face
Face,M53093,1,22449,Veronica Face
Face,M53093,2,22473,Veronica Face
Face,M53093,3,22497,Veronica Face
Face,M53093,4,22521,Veronica Face
Face,M53093,5,22545,Veronica Face
Face,M53093,6,22569,Veronica Face
Face,M53093,7,22593,Veronica Face
Face,M53093,8,22617,Veronica Face
Face,M54001,0,22618,Homunculus Face
Face,M54001,1,22645,Homunculus Face
Face,M54001,2,22672,Homunculus Face
Face,M54001,3,22699,Homunculus Face
Face,M54001,4,22726,Homunculus Face
Face,M54001,5,22753,Homunculus Face
Face,M54001,6,22780,Homunculus Face
Face,M54001,7,22807,Homunculus Face
Face,M54001,8,22834,Homunculus Face
Face,M54004,0,22619,Cried Yesterday Face
Face,M54004,1,22646,Cried Yesterday Face
Face,M54004,2,22673,Cried Yesterday Face
Face,M54004,3,22700,Cried Yesterday Face
Face,M54004,4,22727,Cried Yesterday Face
Face,M54004,5,22754,Cried Yesterday Face
Face,M54004,6,22781,Cried Yesterday Face
Face,M54004,7,22808,Cried Yesterday Face
Face,M54004,8,22835,Cried Yesterday Face
Face,M54005,0,22620,Buy Me That Face
Face,M54005,1,22647,Buy Me That Face
Face,M54005,2,22674,Buy Me That Face
Face,M54005,3,22701,Buy Me That Face
Face,M54005,4,22728,Buy Me That Face
Face,M54005,5,22755,Buy Me That Face
Face,M54005,6,22782,Buy Me That Face
Face,M54005,7,22809,Buy Me That Face
Face,M54005,8,22836,Buy Me That Face
Face,M54013,0,22621,Charming Face
Face,M54013,1,22648,Charming Face
Face,M54013,2,22675,Charming Face
Face,M54013,3,22702,Charming Face
Face,M54013,4,22729,Charming Face
Face,M54013,5,22756,Charming Face
Face,M54013,6,22783,Charming Face
Face,M54013,7,22810,Charming Face
Face,M54013,8,22837,Charming Face
Face,M54014,0,22622,Prankster Face
Face,M54014,1,22649,Prankster Face
Face,M54014,2,22676,Prankster Face
Face,M54014,3,22703,Prankster Face
Face,M54014,4,22730,Prankster Face
Face,M54014,5,22757,Prankster Face
Face,M54014,6,22784,Prankster Face
Face,M54014,7,22811,Prankster Face
Face,M54014,8,22838,Prankster Face
Face,M54018,0,22623,Languid Face
Face,M54018,1,22650,Languid Face
Face,M54018,2,22677,Languid Face
Face,M54018,3,22704,Languid Face
Face,M54018,4,22731,Languid Face
Face,M54018,5,22758,Languid Face
Face,M54018,6,22785,Languid Face
Face,M54018,7,22812,Languid Face
Face,M54018,8,22839,Languid Face
Face,M54022,0,22624,Button Doll Face
Face,M54022,1,22651,Button Doll Face
Face,M54022,2,22678,Button Doll Face
Face,M54022,3,22705,Button Doll Face
Face,M54022,4,22732,Button Doll Face
Face,M54022,5,22759,Button Doll Face
Face,M54022,6,22786,Button Doll Face
Face,M54022,7,22813,Button Doll Face
Face,M54022,8,22840,Button Doll Face
Face,M54024,0,22625,Innocent Child Face
Face,M54024,1,22652,Innocent Child Face
Face,M54024,2,22679,Innocent Child Face
Face,M54024,3,22706,Innocent Child Face
Face,M54024,4,22733,Innocent Child Face
Face,M54024,5,22760,Innocent Child Face
Face,M54024,6,22787,Innocent Child Face
Face,M54024,7,22814,Innocent Child Face
Face,M54024,8,22841,Innocent Child Face
Face,M54028,0,22626,Veronica Face
Face,M54028,1,22653,Veronica Face
Face,M54028,2,22680,Veronica Face
Face,M54028,3,22707,Veronica Face
Face,M54028,4,22734,Veronica Face
Face,M54028,5,22761,Veronica Face
Face,M54028,6,22788,Veronica Face
Face,M54028,7,22815,Veronica Face
Face,M54028,8,22842,Veronica Face
Face,M54039,0,22627,Fox-Eyed Face
Face,M54039,1,22654,Fox-Eyed Face
Face,M54039,2,22681,Fox-Eyed Face
Face,M54039,3,22708,Fox-Eyed Face
Face,M54039,4,22735,Fox-Eyed Face
Face,M54039,5,22762,Fox-Eyed Face
Face,M54039,6,22789,Fox-Eyed Face
Face,M54039,7,22816,Fox-Eyed Face
Face,M54039,8,22843,Fox-Eyed Face
Face,M54040,0,22628,Cherubic Face
Face,M54040,1,22655,Cherubic Face
Face,M54040,2,22682,Cherubic Face
Face,M54040,3,22709,Cherubic Face
Face,M54040,4,22736,Cherubic Face
Face,M54040,5,22763,Cherubic Face
Face,M54040,6,22790,Cherubic Face
Face,M54040,7,22817,Cherubic Face
Face,M54040,8,22844,Cherubic Face
Face,M54042,0,22629,Enticing Face
Face,M54042,1,22656,Enticing Face
Face,M54042,2,22683,Enticing Face
Face,M54042,3,22710,Enticing Face
Face,M54042,4,22737,Enticing Face
Face,M54042,5,22764,Enticing Face
Face,M54042,6,22791,Enticing Face
Face,M54042,7,22818,Enticing Face
Face,M54042,8,22845,Enticing Face
Face,M54045,0,22631,Moisturized Face
Face,M54045,1,22658,Moisturized Face
Face,M54045,2,22685,Moisturized Face
Face,M54045,3,22712,Moisturized Face
Face,M54045,4,22739,Moisturized Face
Face,M54045,5,22766,Moisturized Face
Face,M54045,6,22793,Moisturized Face
Face,M54045,7,22820,Moisturized Face
Face,M54045,8,22847,Moisturized Face
Face,M54053,0,22632,Strutting Face
Face,M54053,1,22659,Strutting Face
Face,M54053,2,22686,Strutting Face
Face,M54053,3,22713,Strutting Face
Face,M54053,4,22740,Strutting Face
Face,M54053,5,22767,Strutting Face
Face,M54053,6,22794,Strutting Face
Face,M54053,7,22821,Strutting Face
Face,M54053,8,22848,Strutting Face
Face,M54062,0,22633,Chess Queen Face
Face,M54062,1,22660,Chess Queen Face
Face,M54062,2,22687,Chess Queen Face
Face,M54062,3,22714,Chess Queen Face
Face,M54062,4,22741,Chess Queen Face
Face,M54062,5,22768,Chess Queen Face
Face,M54062,6,22795,Chess Queen Face
Face,M54062,7,22822,Chess Queen Face
Face,M54062,8,22849,Chess Queen Face
Face,M54063,0,22634,Dewy Attractive Face
Face,M54063,1,22661,Dewy Attractive Face
Face,M54063,2,22688,Dewy Attractive Face
Face,M54063,3,22715,Dewy Attractive Face
Face,M54063,4,22742,Dewy Attractive Face
Face,M54063,5,22769,Dewy Attractive Face
Face,M54063,6,22796,Dewy Attractive Face
Face,M54063,7,22823,Dewy Attractive Face
Face,M54063,8,22850,Dewy Attractive Face
Face,M54064,0,22635,All-Nighter Face
Face,M54064,1,22662,All-Nighter Face
Face,M54064,2,22689,All-Nighter Face
Face,M54064,3,22716,All-Nighter Face
Face,M54064,4,22743,All-Nighter Face
Face,M54064,5,22770,All-Nighter Face
Face,M54064,6,22797,All-Nighter Face
Face,M54064,7,22824,All-Nighter Face
Face,M54064,8,22851,All-Nighter Face
Face,M54065,0,22636,Bump on the Forehead Face
Face,M54065,1,22663,Bump on the Forehead Face
Face,M54065,2,22690,Bump on the Forehead Face
Face,M54065,3,22717,Bump on the Forehead Face
Face,M54065,4,22744,Bump on the Forehead Face
Face,M54065,5,22771,Bump on the Forehead Face
Face,M54065,6,22798,Bump on the Forehead Face
Face,M54065,7,22825,Bump on the Forehead Face
Face,M54065,8,22852,Bump on the Forehead Face
Face,M54066,0,22637,Warning Face
Face,M54066,1,22664,Warning Face
Face,M54066,2,22691,Warning Face
Face,M54066,3,22718,Warning Face
Face,M54066,4,22745,Warning Face
Face,M54066,5,22772,Warning Face
Face,M54066,6,22799,Warning Face
Face,M54066,7,22826,Warning Face
Face,M54066,8,22853,Warning Face
Face,M54067,0,22638,Clear Smiling Face
Face,M54067,1,22665,Clear Smiling Face
Face,M54067,2,22692,Clear Smiling Face
Face,M54067,3,22719,Clear Smiling Face
Face,M54067,4,22746,Clear Smiling Face
Face,M54067,5,22773,Clear Smiling Face
Face,M54067,6,22800,Clear Smiling Face
Face,M54067,7,22827,Clear Smiling Face
Face,M54067,8,22854,Clear Smiling Face
Face,M54080,0,22639,Proud Look Face
Face,M54080,1,22666,Proud Look Face
Face,M54080,2,22693,Proud Look Face
Face,M54080,3,22720,Proud Look Face
Face,M54080,4,22747,Proud Look Face
Face,M54080,5,22774,Proud Look Face
Face,M54080,6,22801,Proud Look Face
Face,M54080,7,22828,Proud Look Face
Face,M54080,8,22855,Proud Look Face
Face,M54092,0,22640,BLINK Face
Face,M54092,1,22667,BLINK Face
Face,M54092,2,22694,BLINK Face
Face,M54092,3,22721,BLINK Face
Face,M54092,4,22748,BLINK Face
Face,M54092,5,22775,BLINK Face
Face,M54092,6,22802,BLINK Face
Face,M54092,7,22829,BLINK Face
Face,M54092,8,22856,BLINK Face
Face,M54093,0,22641,Clear Day Face
Face,M54093,1,22668,Clear Day Face
Face,M54093,2,22695,Clear Day Face
Face,M54093,3,22722,Clear Day Face
Face,M54093,4,22749,Clear Day Face
Face,M54093,5,22776,Clear Day Face
Face,M54093,6,22803,Clear Day Face
Face,M54093,7,22830,Clear Day Face
Face,M54093,8,22857,Clear Day Face
Face,M54096,0,22642,Miss You A Little Face
Face,M54096,1,22669,Miss You A Little Face
Face,M54096,2,22696,Miss You A Little Face
Face,M54096,3,22723,Miss You A Little Face
Face,M54096,4,22750,Miss You A Little Face
Face,M54096,5,22777,Miss You A Little Face
Face,M54096,6,22804,Miss You A Little Face
Face,M54096,7,22831,Miss You A Little Face
Face,M54096,8,22858,Miss You A Little Face
Face,M54097,0,22643,Winter Blush Face
Face,M54097,1,22670,Winter Blush Face
Face,M54097,2,22697,Winter Blush Face
Face,M54097,3,22724,Winter Blush Face
Face,M54097,4,22751,Winter Blush Face
Face,M54097,5,22778,Winter Blush Face
Face,M54097,6,22805,Winter Blush Face
Face,M54097,7,22832,Winter Blush Face
Face,M54097,8,22859,Winter Blush Face
Face,M54098,0,22644,Pure Face
Face,M54098,1,22671,Pure Face
Face,M54098,2,22698,Pure Face
Face,M54098,3,22725,Pure Face
Face,M54098,4,22752,Pure Face
Face,M54098,5,22779,Pure Face
Face,M54098,6,22806,Pure Face
Face,M54098,7,22833,Pure Face
Face,M54098,8,22860,Pure Face
Face,M55000,0,22861,Rough Face
Face,M55000,1,22865,Rough Face
Face,M55000,2,22869,Rough Face
Face,M55000,3,22873,Rough Face
Face,M55000,4,22877,Rough Face
Face,M55000,5,22881,Rough Face
Face,M55000,6,22885,Rough Face
Face,M55000,7,22889,Rough Face
Face,M55000,8,22893,Rough Face
Face,M55008,0,22862,Sleepy Little Devil Face
Face,M55008,1,22866,Sleepy Little Devil Face
Face,M55008,2,22870,Sleepy Little Devil Face
Face,M55008,3,22874,Sleepy Little Devil Face
Face,M55008,4,22878,Sleepy Little Devil Face
Face,M55008,5,22882,Sleepy Little Devil Face
Face,M55008,6,22886,Sleepy Little Devil Face
Face,M55008,7,22890,Sleepy Little Devil Face
Face,M55008,8,22894,Sleepy Little Devil Face
Face,M55054,0,22863,Main Character Face
Face,M55054,1,22867,Main Character Face
Face,M55054,2,22871,Main Character Face
Face,M55054,3,22875,Main Character Face
Face,M55054,4,22879,Main Character Face
Face,M55054,5,22883,Main Character Face
Face,M55054,6,22887,Main Character Face
Face,M55054,7,22891,Main Character Face
Face,M55054,8,22895,Main Character Face
Face,M55073,0,22864,Halloween Masquerade Face
Face,M55073,1,22868,Halloween Masquerade Face
Face,M55073,2,22872,Halloween Masquerade Face
Face,M55073,3,22876,Halloween Masquerade Face
Face,M55073,4,22880,Halloween Masquerade Face
Face,M55073,5,22884,Halloween Masquerade Face
Face,M55073,6,22888,Halloween Masquerade Face
Face,M55073,7,22892,Halloween Masquerade Face
Face,M55073,8,22896,Halloween Masquerade Face
Face,M56000,0,22897,Powder Face
Face,M56000,1,22903,Powder Face
Face,M56000,2,22909,Powder Face
Face,M56000,3,22915,Powder Face
Face,M56000,4,22921,Powder Face
Face,M56000,5,22927,Powder Face
Face,M56000,6,22933,Powder Face
Face,M56000,7,22939,Powder Face
Face,M56000,8,22945,Powder Face
Face,M56011,0,22898,Corrupted Vessel Face
Face,M56011,1,22904,Corrupted Vessel Face
Face,M56011,2,22910,Corrupted Vessel Face
Face,M56011,3,22916,Corrupted Vessel Face
Face,M56011,4,22922,Corrupted Vessel Face
Face,M56011,5,22928,Corrupted Vessel Face
Face,M56011,6,22934,Corrupted Vessel Face
Face,M56011,7,22940,Corrupted Vessel Face
Face,M56011,8,22946,Corrupted Vessel Face
Face,M56019,0,22899,Rough Face
Face,M56019,1,22905,Rough Face
Face,M56019,2,22911,Rough Face
Face,M56019,3,22917,Rough Face
Face,M56019,4,22923,Rough Face
Face,M56019,5,22929,Rough Face
Face,M56019,6,22935,Rough Face
Face,M56019,7,22941,Rough Face
Face,M56019,8,22947,Rough Face
Face,M56028,0,22900,Sleepy Little Devil Face
Face,M56028,1,22906,Sleepy Little Devil Face
Face,M56028,2,22912,Sleepy Little Devil Face
Face,M56028,3,22918,Sleepy Little Devil Face
Face,M56028,4,22924,Sleepy Little Devil Face
Face,M56028,5,22930,Sleepy Little Devil Face
Face,M56028,6,22936,Sleepy Little Devil Face
Face,M56028,7,22942,Sleepy Little Devil Face
Face,M56028,8,22948,Sleepy Little Devil Face
Face,M56076,0,22901,Main Character Face
Face,M56076,1,22907,Main Character Face
Face,M56076,2,22913,Main Character Face
Face,M56076,3,22919,Main Character Face
Face,M56076,4,22925,Main Character Face
Face,M56076,5,22931,Main Character Face
Face,M56076,6,22937,Main Character Face
Face,M56076,7,22943,Main Character Face
Face,M56076,8,22949,Main Character Face
Face,M56094,0,22902,Halloween Masquerade Face
Face,M56094,1,22908,Halloween Masquerade Face
Face,M56094,2,22914,Halloween Masquerade Face
Face,M56094,3,22920,Halloween Masquerade Face
Face,M56094,4,22926,Halloween Masquerade Face
Face,M56094,5,22932,Halloween Masquerade Face
Face,M56094,6,22938,Halloween Masquerade Face
Face,M56094,7,22944,Halloween Masquerade Face
Face,M56094,8,22950,Halloween Masquerade Face
Face,S20000,0,20000,Motivated Look (Black)
Face,S20000,1,20100,Motivated Look (Blue)
Face,S20000,2,20200,Motivated Look (Red)
Face,S20000,3,20300,Motivated Look (Green)
Face,S20000,4,20400,Motivated Look (Hazel)
Face,S20000,5,20500,Motivated Look (Sapphire)
Face,S20000,6,20600,Motivated Look (Violet)
Face,S20000,7,20700,Motivated Look (Amethyst)
Face,S20000,8,20800,Motivated Look (White)
Face,S20001,0,20001,Perplexed Stare (Black)
Face,S20001,1,20101,Perplexed Stare (Blue)
Face,S20001,2,20201,Perplexed Stare (Red)
Face,S20001,3,20301,Perplexed Stare (Green)
Face,S20001,4,20401,Perplexed Stare (Hazel)
Face,S20001,5,20501,Perplexed Stare (Sapphire)
Face,S20001,6,20601,Perplexed Stare (Violet)
Face,S20001,7,20701,Perplexed Stare (Amethyst)
Face,S20001,8,20801,Perplexed Stare (White)
Face,S20002,0,20002,Leisure Look (Black)
Face,S20002,1,20102,Leisure Look (Blue)
Face,S20002,2,20202,Leisure Look (Red)
Face,S20002,3,20302,Leisure Look (Green)
Face,S20002,4,20402,Leisure Look (Hazel)
Face,S20002,5,20502,Leisure Look (Sapphire)
Face,S20002,6,20602,Leisure Look (Violet)
Face,S20002,7,20702,Leisure Look (Amethyst)
Face,S20002,8,20802,Leisure Look (White)
Face,S20003,0,20003,Dramatic Face (Black)
Face,S20003,1,20103,Dramatic Face (Blue)
Face,S20003,2,20203,Dramatic Face (Red)
Face,S20003,3,20303,Dramatic Face (Green)
Face,S20003,4,20403,Dramatic Face (Hazel)
Face,S20003,5,20503,Dramatic Face (Sapphire)
Face,S20003,6,20603,Dramatic Face (Violet)
Face,S20003,7,20703,Dramatic Face (Amethyst)
Face,S20003,8,20803,Dramatic Face (White)
Face,S20004,0,20004,Rebel's Fire (Black)
Face,S20004,1,20104,Rebel's Fire (Blue)
Face,S20004,2,20204,Rebel's Fire (Red)
Face,S20004,3,20304,Rebel's Fire (Green)
Face,S20004,4,20404,Rebel's Fire (Hazel)
Face,S20004,5,20504,Rebel's Fire (Sapphire)
Face,S20004,6,20604,Rebel's Fire (Violet)
Face,S20004,7,20704,Rebel's Fire (Amethyst)
Face,S20004,8,20804,Rebel's Fire (White)
Face,S20005,0,20005,Alert Face (Black)
Face,S20005,1,20105,Alert Face (Blue)
Face,S20005,2,20205,Alert Face (Red)
Face,S20005,3,20305,Alert Face (Green)
Face,S20005,4,20405,Alert Face (Hazel)
Face,S20005,5,20505,Alert Face (Sapphire)
Face,S20005,6,20605,Alert Face (Violet)
Face,S20005,7,20705,Alert Face (Amethyst)
Face,S20005,8,20805,Alert Face (White)
Face,S20006,0,20006,Babyface Pout (Black)
Face,S20006,1,20106,Babyface Pout (Blue)
Face,S20006,2,20206,Babyface Pout (Red)
Face,S20006,3,20306,Babyface Pout (Green)
Face,S20006,4,20406,Babyface Pout (Hazel)
Face,S20006,5,20506,Babyface Pout (Sapphire)
Face,S20006,6,20606,Babyface Pout (Violet)
Face,S20006,7,20706,Babyface Pout (Amethyst)
Face,S20006,8,20806,Babyface Pout (White)
Face,S20007,0,20007,Sad Innocence (Black)
Face,S20007,1,20107,Sad Innocence (Blue)
Face,S20007,2,20207,Sad Innocence (Red)
Face,S20007,3,20307,Sad Innocence (Green)
Face,S20007,4,20407,Sad Innocence (Hazel)
Face,S20007,5,20507,Sad Innocence (Sapphire)
Face,S20007,6,20607,Sad Innocence (Violet)
Face,S20007,7,20707,Sad Innocence (Amethyst)
Face,S20007,8,20807,Sad Innocence (White)
Face,S20008,0,20008,Worrisome Glare (Black)
Face,S20008,1,20108,Worrisome Glare (Blue)
Face,S20008,2,20208,Worrisome Glare (Red)
Face,S20008,3,20308,Worrisome Glare (Green)
Face,S20008,4,20408,Worrisome Glare (Hazel)
Face,S20008,5,20508,Worrisome Glare (Sapphire)
Face,S20008,6,20608,Worrisome Glare (Violet)
Face,S20008,7,20708,Worrisome Glare (Amethyst)
Face,S20008,8,20808,Worrisome Glare (White)
Face,S20009,0,20009,Smart Aleck (Black)
Face,S20009,1,20109,Smart Aleck (Blue)
Face,S20009,2,20209,Smart Aleck (Red)
Face,S20009,3,20309,Smart Aleck (Green)
Face,S20009,4,20409,Smart Aleck (Hazel)
Face,S20009,5,20509,Smart Aleck (Sapphire)
Face,S20009,6,20609,Smart Aleck (Violet)
Face,S20009,7,20709,Smart Aleck (Amethyst)
Face,S20009,8,20809,Smart Aleck (White)
Face,S20010,0,20010,Anger's Blaze (Black)
Face,S20010,1,20110,Anger's Blaze (Blue)
Face,S20010,2,20210,Anger's Blaze (Red)
Face,S20010,3,20310,Anger's Blaze (Green)
Face,S20010,4,20410,Anger's Blaze (Hazel)
Face,S20010,5,20510,Anger's Blaze (Sapphire)
Face,S20010,6,20610,Anger's Blaze (Violet)
Face,S20010,7,20710,Anger's Blaze (Amethyst)
Face,S20010,8,20810,Anger's Blaze (White)
Face,S20011,0,20011,Cool Guy Gaze (Black)
Face,S20011,1,20111,Cool Guy Gaze (Blue)
Face,S20011,2,20211,Cool Guy Gaze (Red)
Face,S20011,3,20311,Cool Guy Gaze (Green)
Face,S20011,4,20411,Cool Guy Gaze (Hazel)
Face,S20011,5,20511,Cool Guy Gaze (Sapphire)
Face,S20011,6,20611,Cool Guy Gaze (Violet)
Face,S20011,7,20711,Cool Guy Gaze (Amethyst)
Face,S20011,8,20811,Cool Guy Gaze (White)
Face,S20012,0,20012,Curious Dog (Black)
Face,S20012,1,20112,Curious Dog (Blue)
Face,S20012,2,20212,Curious Dog (Red)
Face,S20012,3,20312,Curious Dog (Green)
Face,S20012,4,20412,Curious Dog (Hazel)
Face,S20012,5,20512,Curious Dog (Sapphire)
Face,S20012,6,20612,Curious Dog (Violet)
Face,S20012,7,20712,Curious Dog (Amethyst)
Face,S20012,8,20812,Curious Dog (White)
Face,S20013,0,20013,Insomniac Daze (Black)
Face,S20013,1,20113,Insomniac Daze (Blue)
Face,S20013,2,20213,Insomniac Daze (Red)
Face,S20013,3,20313,Insomniac Daze (Green)
Face,S20013,4,20413,Insomniac Daze (Hazel)
Face,S20013,5,20513,Insomniac Daze (Sapphire)
Face,S20013,6,20613,Insomniac Daze (Violet)
Face,S20013,7,20713,Insomniac Daze (Amethyst)
Face,S20013,8,20813,Insomniac Daze (White)
Face,S20014,0,20014,Look of Wonder (Black)
Face,S20014,1,20114,Look of Wonder (Blue)
Face,S20014,2,20214,Look of Wonder (Red)
Face,S20014,3,20314,Look of Wonder (Green)
Face,S20014,4,20414,Look of Wonder (Hazel)
Face,S20014,5,20514,Look of Wonder (Sapphire)
Face,S20014,6,20614,Look of Wonder (Violet)
Face,S20014,7,20714,Look of Wonder (Amethyst)
Face,S20014,8,20814,Look of Wonder (White)
Face,S20015,0,20015,Eye of the Lion (Black)
Face,S20015,1,20115,Eye of the Lion (Blue)
Face,S20015,2,20215,Eye of the Lion (Red)
Face,S20015,3,20315,Eye of the Lion (Green)
Face,S20015,4,20415,Eye of the Lion (Hazel)
Face,S20015,5,20515,Eye of the Lion (Sapphire)
Face,S20015,6,20615,Eye of the Lion (Violet)
Face,S20015,7,20715,Eye of the Lion (Amethyst)
Face,S20016,0,20016,Ghostface Stare (Black)
Face,S20016,1,20116,Ghostface Stare (Blue)
Face,S20016,2,20216,Ghostface Stare (Red)
Face,S20016,3,20316,Ghostface Stare (Green)
Face,S20016,4,20416,Ghostface Stare (Hazel)
Face,S20016,5,20516,Ghostface Stare (Sapphire)
Face,S20016,6,20616,Ghostface Stare (Violet)
Face,S20016,7,20716,Ghostface Stare (Amethyst)
Face,S20017,0,20017,Demure Poise (Black)
Face,S20017,1,20117,Demure Poise (Blue)
Face,S20017,2,20217,Demure Poise (Red)
Face,S20017,3,20317,Demure Poise (Green)
Face,S20017,4,20417,Demure Poise (Hazel)
Face,S20017,5,20517,Demure Poise (Sapphire)
Face,S20017,6,20617,Demure Poise (Violet)
Face,S20017,7,20717,Demure Poise (Amethyst)
Face,S20018,0,20018,Champion Focus (Black)
Face,S20018,1,20118,Champion Focus (Blue)
Face,S20018,2,20218,Champion Focus (Red)
Face,S20018,3,20318,Champion Focus (Green)
Face,S20018,4,20418,Champion Focus (Hazel)
Face,S20018,5,20518,Champion Focus (Sapphire)
Face,S20018,6,20618,Champion Focus (Violet)
Face,S20018,7,20718,Champion Focus (Amethyst)
Face,S20018,8,20818,Champion Focus (White)
Face,S20019,0,20019,Irritable Face (Black)
Face,S20019,1,20119,Irritable Face (Blue)
Face,S20019,2,20219,Irritable Face (Red)
Face,S20019,3,20319,Irritable Face (Green)
Face,S20019,4,20419,Irritable Face (Hazel)
Face,S20019,5,20519,Irritable Face (Sapphire)
Face,S20019,6,20619,Irritable Face (Violet)
Face,S20019,7,20719,Irritable Face (Amethyst)
Face,S20019,8,20819,Irritable Face (White)
Face,S20020,0,20020,Fierce Edge (Black)
Face,S20020,1,20120,Fierce Edge (Blue)
Face,S20020,2,20220,Fierce Edge (Red)
Face,S20020,3,20320,Fierce Edge (Green)
Face,S20020,4,20420,Fierce Edge (Hazel)
Face,S20020,5,20520,Fierce Edge (Sapphire)
Face,S20020,6,20620,Fierce Edge (Violet)
Face,S20020,7,20720,Fierce Edge (Amethyst)
Face,S20020,8,20820,Fierce Edge (White)
Face,S20021,0,20021,Overjoyed Smile (Black)
Face,S20021,1,20121,Overjoyed Smile (Blue)
Face,S20021,2,20221,Overjoyed Smile (Red)
Face,S20021,3,20321,Overjoyed Smile (Green)
Face,S20021,4,20421,Overjoyed Smile (Hazel)
Face,S20021,5,20521,Overjoyed Smile (Sapphire)
Face,S20021,6,20621,Overjoyed Smile (Violet)
Face,S20021,7,20721,Overjoyed Smile (Amethyst)
Face,S20021,8,20821,Overjoyed Smile (White)
Face,S20022,0,20022,Child's Play (Black)
Face,S20022,1,20122,Child's Play (Blue)
Face,S20022,2,20222,Child's Play (Red)
Face,S20022,3,20322,Child's Play (Green)
Face,S20022,4,20422,Child's Play (Hazel)
Face,S20022,5,20522,Child's Play (Sapphire)
Face,S20022,6,20622,Child's Play (Violet)
Face,S20022,7,20722,Child's Play (Amethyst)
Face,S20022,8,20822,Child's Play (White)
Face,S20023,0,20023,Hypnotized Look (Black)
Face,S20023,1,20123,Hypnotized Look (Blue)
Face,S20023,2,20223,Hypnotized Look (Red)
Face,S20023,3,20323,Hypnotized Look (Green)
Face,S20023,4,20423,Hypnotized Look (Hazel)
Face,S20023,5,20523,Hypnotized Look (Sapphire)
Face,S20023,6,20623,Hypnotized Look (Violet)
Face,S20023,7,20723,Hypnotized Look (Amethyst)
Face,S20023,8,20823,Hypnotized Look (White)
Face,S20024,0,20024,Intense Stare (Black)
Face,S20024,1,20124,Intense Stare (Blue)
Face,S20024,2,20224,Intense Stare (Red)
Face,S20024,3,20324,Intense Stare (Green)
Face,S20024,4,20424,Intense Stare (Hazel)
Face,S20024,5,20524,Intense Stare (Sapphire)
Face,S20024,6,20624,Intense Stare (Violet)
Face,S20024,7,20724,Intense Stare (Amethyst)
Face,S20024,8,20824,Intense Stare (White)
Face,S20025,0,20025,Edge of Emotion (Black)
Face,S20025,1,20125,Edge of Emotion (Blue)
Face,S20025,2,20225,Edge of Emotion (Red)
Face,S20025,3,20325,Edge of Emotion (Green)
Face,S20025,4,20425,Edge of Emotion (Hazel)
Face,S20025,5,20525,Edge of Emotion (Sapphire)
Face,S20025,6,20625,Edge of Emotion (Violet)
Face,S20025,7,20725,Edge of Emotion (Amethyst)
Face,S20026,0,20026,Shuteye (Black)
Face,S20026,1,20126,Shuteye (Blue)
Face,S20026,2,20226,Shuteye (Red)
Face,S20026,3,20326,Shuteye (Green)
Face,S20026,4,20426,Shuteye (Hazel)
Face,S20026,5,20526,Shuteye (Sapphire)
Face,S20026,6,20626,Shuteye (Violet)
Face,S20026,7,20726,Shuteye (Amethyst)
Face,S20026,8,20826,Shuteye (White)
Face,S20027,0,20027,Pensive Look (Black)
Face,S20027,1,20127,Pensive Look (Blue)
Face,S20027,2,20227,Pensive Look (Red)
Face,S20027,3,20327,Pensive Look (Green)
Face,S20027,4,20427,Pensive Look (Hazel)
Face,S20027,5,20527,Pensive Look (Sapphire)
Face,S20027,6,20627,Pensive Look (Violet)
Face,S20027,7,20727,Pensive Look (Amethyst)
Face,S20028,0,20028,Sarcastic Face (Black)
Face,S20028,1,20128,Sarcastic Face (Blue)
Face,S20028,2,20228,Sarcastic Face (Red)
Face,S20028,3,20328,Sarcastic Face (Green)
Face,S20028,4,20428,Sarcastic Face (Hazel)
Face,S20028,5,20528,Sarcastic Face (Sapphire)
Face,S20028,6,20628,Sarcastic Face (Violet)
Face,S20028,7,20728,Sarcastic Face (Amethyst)
Face,S20028,8,20828,Sarcastic Face (White)
Face,S20029,0,20029,Shade of Cool (Black)
Face,S20029,1,20129,Shade of Cool (Blue)
Face,S20029,2,20229,Shade of Cool (Red)
Face,S20029,3,20329,Shade of Cool (Green)
Face,S20029,4,20429,Shade of Cool (Hazel)
Face,S20029,5,20529,Shade of Cool (Sapphire)
Face,S20029,6,20629,Shade of Cool (Violet)
Face,S20029,7,20729,Shade of Cool (Amethyst)
Face,S20031,0,20031,Fearful Glance (Black)
Face,S20031,1,20131,Fearful Glance (Blue)
Face,S20031,2,20231,Fearful Glance (Red)
Face,S20031,3,20331,Fearful Glance (Green)
Face,S20031,4,20431,Fearful Glance (Hazel)
Face,S20031,5,20531,Fearful Glance (Sapphire)
Face,S20031,6,20631,Fearful Glance (Violet)
Face,S20031,7,20731,Fearful Glance (Amethyst)
Face,S20032,0,20032,Undecided Face (Black)
Face,S20032,1,20132,Undecided Face (Blue)
Face,S20032,2,20232,Undecided Face (Red)
Face,S20032,3,20332,Undecided Face (Green)
Face,S20032,4,20432,Undecided Face (Hazel)
Face,S20032,5,20532,Undecided Face (Sapphire)
Face,S20032,6,20632,Undecided Face (Violet)
Face,S20032,7,20732,Undecided Face (Amethyst)
Face,S21000,0,21000,Motivated Look (Black)
Face,S21000,1,21100,Motivated Look (Blue)
Face,S21000,2,21200,Motivated Look (Red)
Face,S21000,3,21300,Motivated Look (Green)
Face,S21000,4,21400,Motivated Look (Hazel)
Face,S21000,5,21500,Motivated Look (Sapphire)
Face,S21000,6,21600,Motivated Look (Violet)
Face,S21000,7,21700,Motivated Look (Amethyst)
Face,S21000,8,21800,Motivated Look (White)
Face,S21001,0,21001,Fearful Stare (Black)
Face,S21001,1,21101,Fearful Stare (Blue)
Face,S21001,2,21201,Fearful Stare (Red)
Face,S21001,3,21301,Fearful Stare (Green)
Face,S21001,4,21401,Fearful Stare (Hazel)
Face,S21001,5,21501,Fearful Stare (Sapphire)
Face,S21001,6,21601,Fearful Stare (Violet)
Face,S21001,7,21701,Fearful Stare (Amethyst)
Face,S21001,8,21801,Fearful Stare (White)
Face,S21002,0,21002,Leisure Look (Black)
Face,S21002,1,21102,Leisure Look (Blue)
Face,S21002,2,21202,Leisure Look (Red)
Face,S21002,3,21302,Leisure Look (Green)
Face,S21002,4,21402,Leisure Look (Hazel)
Face,S21002,5,21502,Leisure Look (Sapphire)
Face,S21002,6,21602,Leisure Look (Violet)
Face,S21002,7,21702,Leisure Look (Amethyst)
Face,S21002,8,21802,Leisure Look (White)
Face,S21003,0,21003,Strong Stare (Black)
Face,S21003,1,21103,Strong Stare (Blue)
Face,S21003,2,21203,Strong Stare (Red)
Face,S21003,3,21303,Strong Stare (Green)
Face,S21003,4,21403,Strong Stare (Hazel)
Face,S21003,5,21503,Strong Stare (Sapphire)
Face,S21003,6,21603,Strong Stare (Violet)
Face,S21003,7,21703,Strong Stare (Amethyst)
Face,S21003,8,21803,Strong Stare (White)
Face,S21004,0,21004,Angel Glow (Black)
Face,S21004,1,21104,Angel Glow (Blue)
Face,S21004,2,21204,Angel Glow (Red)
Face,S21004,3,21304,Angel Glow (Green)
Face,S21004,4,21404,Angel Glow (Hazel)
Face,S21004,5,21504,Angel Glow (Sapphire)
Face,S21004,6,21604,Angel Glow (Violet)
Face,S21004,7,21704,Angel Glow (Amethyst)
Face,S21004,8,21804,Angel Glow (White)
Face,S21005,0,21005,Babyface Pout (Black)
Face,S21005,1,21105,Babyface Pout (Blue)
Face,S21005,2,21205,Babyface Pout (Red)
Face,S21005,3,21305,Babyface Pout (Green)
Face,S21005,4,21405,Babyface Pout (Hazel)
Face,S21005,5,21505,Babyface Pout (Sapphire)
Face,S21005,6,21605,Babyface Pout (Violet)
Face,S21005,7,21705,Babyface Pout (Amethyst)
Face,S21005,8,21805,Babyface Pout (White)
Face,S21006,0,21006,Pucker Up Face (Black)
Face,S21006,1,21106,Pucker Up Face (Blue)
Face,S21006,2,21206,Pucker Up Face (Red)
Face,S21006,3,21306,Pucker Up Face (Green)
Face,S21006,4,21406,Pucker Up Face (Hazel)
Face,S21006,5,21506,Pucker Up Face (Sapphire)
Face,S21006,6,21606,Pucker Up Face (Violet)
Face,S21006,7,21706,Pucker Up Face (Amethyst)
Face,S21006,8,21806,Pucker Up Face (White)
Face,S21007,0,21007,Dollface Look (Black)
Face,S21007,1,21107,Dollface Look (Blue)
Face,S21007,2,21207,Dollface Look (Red)
Face,S21007,3,21307,Dollface Look (Green)
Face,S21007,4,21407,Dollface Look (Hazel)
Face,S21007,5,21507,Dollface Look (Sapphire)
Face,S21007,6,21607,Dollface Look (Violet)
Face,S21007,7,21707,Dollface Look (Amethyst)
Face,S21007,8,21807,Dollface Look (White)
Face,S21008,0,21008,Hopeless Gaze (Black)
Face,S21008,1,21108,Hopeless Gaze (Blue)
Face,S21008,2,21208,Hopeless Gaze (Red)
Face,S21008,3,21308,Hopeless Gaze (Green)
Face,S21008,4,21408,Hopeless Gaze (Hazel)
Face,S21008,5,21508,Hopeless Gaze (Sapphire)
Face,S21008,6,21608,Hopeless Gaze (Violet)
Face,S21008,7,21708,Hopeless Gaze (Amethyst)
Face,S21008,8,21808,Hopeless Gaze (White)
Face,S21009,0,21009,Look of Death (Black)
Face,S21009,1,21109,Look of Death (Blue)
Face,S21009,2,21209,Look of Death (Red)
Face,S21009,3,21309,Look of Death (Green)
Face,S21009,4,21409,Look of Death (Hazel)
Face,S21009,5,21509,Look of Death (Sapphire)
Face,S21009,6,21609,Look of Death (Violet)
Face,S21009,7,21709,Look of Death (Amethyst)
Face,S21009,8,21809,Look of Death (White)
Face,S21010,0,21010,Wisdom Glance (Black)
Face,S21010,1,21110,Wisdom Glance (Blue)
Face,S21010,2,21210,Wisdom Glance (Red)
Face,S21010,3,21310,Wisdom Glance (Green)
Face,S21010,4,21410,Wisdom Glance (Hazel)
Face,S21010,5,21510,Wisdom Glance (Sapphire)
Face,S21010,6,21610,Wisdom Glance (Violet)
Face,S21010,7,21710,Wisdom Glance (Amethyst)
Face,S21010,8,21810,Wisdom Glance (White)
Face,S21011,0,21011,Hypnotized Look (Black)
Face,S21011,1,21111,Hypnotized Look (Blue)
Face,S21011,2,21211,Hypnotized Look (Red)
Face,S21011,3,21311,Hypnotized Look (Green)
Face,S21011,4,21411,Hypnotized Look (Hazel)
Face,S21011,5,21511,Hypnotized Look (Sapphire)
Face,S21011,6,21611,Hypnotized Look (Violet)
Face,S21011,7,21711,Hypnotized Look (Amethyst)
Face,S21011,8,21811,Hypnotized Look (White)
Face,S21012,0,21012,Soul's Window (Black)
Face,S21012,1,21112,Soul's Window (Blue)
Face,S21012,2,21212,Soul's Window (Red)
Face,S21012,3,21312,Soul's Window (Green)
Face,S21012,4,21412,Soul's Window (Hazel)
Face,S21012,5,21512,Soul's Window (Sapphire)
Face,S21012,6,21612,Soul's Window (Violet)
Face,S21012,7,21712,Soul's Window (Amethyst)
Face,S21012,8,21812,Soul's Window (White)
Face,S21013,0,21013,Wide-eyed Girl (Black)
Face,S21013,1,21113,Wide-eyed Girl (Blue)
Face,S21013,2,21213,Wide-eyed Girl (Red)
Face,S21013,3,21313,Wide-eyed Girl (Green)
Face,S21013,4,21413,Wide-eyed Girl (Hazel)
Face,S21013,5,21513,Wide-eyed Girl (Sapphire)
Face,S21013,6,21613,Wide-eyed Girl (Violet)
Face,S21013,7,21713,Wide-eyed Girl (Amethyst)
Face,S21013,8,21813,Wide-eyed Girl (White)
Face,S21014,0,21014,Curious Look (Black)
Face,S21014,1,21114,Curious Look (Blue)
Face,S21014,2,21214,Curious Look (Red)
Face,S21014,3,21314,Curious Look (Green)
Face,S21014,4,21414,Curious Look (Hazel)
Face,S21014,5,21514,Curious Look (Sapphire)
Face,S21014,6,21614,Curious Look (Violet)
Face,S21014,7,21714,Curious Look (Amethyst)
Face,S21014,8,21814,Curious Look (White)
Face,S21016,0,21016,Beauty Stare (Black)
Face,S21016,1,21116,Beauty Stare (Blue)
Face,S21016,2,21216,Beauty Stare (Red)
Face,S21016,3,21316,Beauty Stare (Green)
Face,S21016,4,21416,Beauty Stare (Hazel)
Face,S21016,5,21516,Beauty Stare (Sapphire)
Face,S21016,6,21616,Beauty Stare (Violet)
Face,S21016,7,21716,Beauty Stare (Amethyst)
Face,S21016,8,21816,Beauty Stare (White)
Face,S21017,0,21017,Demure Poise Eyes (Black)
Face,S21017,1,21117,Demure Poise Eyes (Blue)
Face,S21017,2,21217,Demure Poise Eyes (Red)
Face,S21017,3,21317,Demure Poise Eyes (Green)
Face,S21017,4,21417,Demure Poise Eyes (Hazel)
Face,S21017,5,21517,Demure Poise Eyes (Sapphire)
Face,S21017,6,21617,Demure Poise Eyes (Violet)
Face,S21017,7,21717,Demure Poise Eyes (Amethyst)
Face,S21018,0,21018,Athena's Grace (Black)
Face,S21018,1,21118,Athena's Grace (Blue)
Face,S21018,2,21218,Athena's Grace (Red)
Face,S21018,3,21318,Athena's Grace (Green)
Face,S21018,4,21418,Athena's Grace (Hazel)
Face,S21018,5,21518,Athena's Grace (Sapphire)
Face,S21018,6,21618,Athena's Grace (Violet)
Face,S21018,7,21718,Athena's Grace (Amethyst)
Face,S21018,8,21818,Athena's Grace (White)
Face,S21019,0,21019,Hera's Radiance (Black)
Face,S21019,1,21119,Hera's Radiance (Blue)
Face,S21019,2,21219,Hera's Radiance (Red)
Face,S21019,3,21319,Hera's Radiance (Green)
Face,S21019,4,21419,Hera's Radiance (Hazel)
Face,S21019,5,21519,Hera's Radiance (Sapphire)
Face,S21019,6,21619,Hera's Radiance (Violet)
Face,S21019,7,21719,Hera's Radiance (Amethyst)
Face,S21019,8,21819,Hera's Radiance (White)
Face,S21020,0,21020,Gentle Glow (Black)
Face,S21020,1,21120,Gentle Glow (Blue)
Face,S21020,2,21220,Gentle Glow (Red)
Face,S21020,3,21320,Gentle Glow (Green)
Face,S21020,4,21420,Gentle Glow (Hazel)
Face,S21020,5,21520,Gentle Glow (Sapphire)
Face,S21020,6,21620,Gentle Glow (Violet)
Face,S21020,7,21720,Gentle Glow (Amethyst)
Face,S21021,0,21021,Compassion Look (Black)
Face,S21021,1,21121,Compassion Look (Blue)
Face,S21021,2,21221,Compassion Look (Red)
Face,S21021,3,21321,Compassion Look (Green)
Face,S21021,4,21421,Compassion Look (Hazel)
Face,S21021,5,21521,Compassion Look (Sapphire)
Face,S21021,6,21621,Compassion Look (Violet)
Face,S21021,7,21721,Compassion Look (Amethyst)
Face,S21021,8,21821,Compassion Look (White)
Face,S21022,0,21022,Glitzy Face (Black)
Face,S21022,1,21122,Glitzy Face (Blue)
Face,S21022,2,21222,Glitzy Face (Red)
Face,S21022,3,21322,Glitzy Face (Green)
Face,S21022,4,21422,Glitzy Face (Hazel)
Face,S21022,5,21522,Glitzy Face (Sapphire)
Face,S21022,6,21622,Glitzy Face (Violet)
Face,S21022,7,21722,Glitzy Face (Amethyst)
Face,S21022,8,21822,Glitzy Face (White)
Face,S21023,0,21023,Innocent Look (Black)
Face,S21023,1,21123,Innocent Look (Blue)
Face,S21023,2,21223,Innocent Look (Red)
Face,S21023,3,21323,Innocent Look (Green)
Face,S21023,4,21423,Innocent Look (Hazel)
Face,S21023,5,21523,Innocent Look (Sapphire)
Face,S21023,6,21623,Innocent Look (Violet)
Face,S21023,7,21723,Innocent Look (Amethyst)
Face,S21023,8,21823,Innocent Look (White)
Face,S21024,0,21024,Keen Look (Black)
Face,S21024,1,21124,Keen Look (Blue)
Face,S21024,2,21224,Keen Look (Red)
Face,S21024,3,21324,Keen Look (Green)
Face,S21024,4,21424,Keen Look (Hazel)
Face,S21024,5,21524,Keen Look (Sapphire)
Face,S21024,6,21624,Keen Look (Violet)
Face,S21024,7,21724,Keen Look (Amethyst)
Face,S21024,8,21824,Keen Look (White)
Face,S21025,0,21025,Shuteye (Black)
Face,S21025,1,21125,Shuteye (Blue)
Face,S21025,2,21225,Shuteye (Red)
Face,S21025,3,21325,Shuteye (Green)
Face,S21025,4,21425,Shuteye (Hazel)
Face,S21025,5,21525,Shuteye (Sapphire)
Face,S21025,6,21625,Shuteye (Violet)
Face,S21025,7,21725,Shuteye (Amethyst)
Face,S21025,8,21825,Shuteye (White)
Face,S21026,0,21026,Tender Love (Black)
Face,S21026,1,21126,Tender Love (Blue)
Face,S21026,2,21226,Tender Love (Red)
Face,S21026,3,21326,Tender Love (Green)
Face,S21026,4,21426,Tender Love (Hazel)
Face,S21026,5,21526,Tender Love (Sapphire)
Face,S21026,6,21626,Tender Love (Violet)
Face,S21026,7,21726,Tender Love (Amethyst)
Face,S21026,8,21826,Tender Love (White)
Face,S21027,0,21027,Glamorous Edge (Black)
Face,S21027,1,21127,Glamorous Edge (Blue)
Face,S21027,2,21227,Glamorous Edge (Red)
Face,S21027,3,21327,Glamorous Edge (Green)
Face,S21027,4,21427,Glamorous Edge (Hazel)
Face,S21027,5,21527,Glamorous Edge (Sapphire)
Face,S21027,6,21627,Glamorous Edge (Violet)
Face,S21027,7,21727,Glamorous Edge (Amethyst)
Face,S21029,0,21029,Kitty Cat (Black)
Face,S21029,1,21129,Kitty Cat (Blue)
Face,S21029,2,21229,Kitty Cat (Red)
Face,S21029,3,21329,Kitty Cat (Green)
Face,S21029,4,21429,Kitty Cat (Hazel)
Face,S21029,5,21529,Kitty Cat (Sapphire)
Face,S21029,6,21629,Kitty Cat (Violet)
Face,S21029,7,21729,Kitty Cat (Amethyst)
Face,S21030,0,21030,Poker Face (Black)
Face,S21030,1,21130,Poker Face (Blue)
Face,S21030,2,21230,Poker Face (Red)
Face,S21030,3,21330,Poker Face (Green)
Face,S21030,4,21430,Poker Face (Hazel)
Face,S21030,5,21530,Poker Face (Sapphire)
Face,S21030,6,21630,Poker Face (Violet)
Face,S21030,7,21730,Poker Face (Amethyst)
Hair,M30010,1,30011,Hair 30011
Hair,M30010,2,30012,Hair 30012
Hair,M30010,3,30013,Hair 30013
Hair,M30010,4,30014,Hair 30014
Hair,M30010,5,30015,Hair 30015
Hair,M30010,6,30016,Hair 30016
Hair,M30010,7,30017,Hair 30017
Hair,M30380,0,30380,Black Dragon Layered Hair
Hair,M30380,1,30381,Red Dragon Layered Hair
Hair,M30380,2,30382,Orange Dragon Layered Hair
Hair,M30380,3,30383,Yellow Dragon Layered Hair
Hair,M30380,4,30384,Green Dragon Layered Hair
Hair,M30380,5,30385,Blue Dragon Layered Hair
Hair,M30380,6,30386,Purple Dragon Layered Hair
Hair,M30380,7,30387,Brown Dragon Layered Hair
Hair,M31360,0,31360,Black Wavy Ponytail
Hair,M31360,1,31361,Red Wavy Ponytail
Hair,M31360,2,31362,Orange Wavy Ponytail
Hair,M31360,3,31363,Blonde Wavy Ponytail
Hair,M31360,4,31364,Green Wavy Ponytail
Hair,M31360,5,31365,Blue Wavy Ponytail
Hair,M31360,6,31366,Purple Wavy Ponytail
Hair,M31360,7,31367,Brown Wavy Ponytail
Hair,M31370,0,31370,Hair 31370
Hair,M31370,1,31371,Hair 31371
Hair,M31370,2,31372,Hair 31372
Hair,M31370,3,31373,Hair 31373
Hair,M31370,4,31374,Hair 31374
Hair,M31370,5,31375,Hair 31375
Hair,M31370,6,31376,Hair 31376
Hair,M31370,7,31377,Hair 31377
Hair,M31380,0,31380,Black Stylish Burst Hair
Hair,M31380,1,31381,Red Stylish Burst Hair
Hair,M31380,2,31382,Orange Stylish Burst Hair
Hair,M31380,3,31383,Blonde Stylish Burst Hair
Hair,M31380,4,31384,Green Stylish Burst Hair
Hair,M31380,5,31385,Blue Stylish Burst Hair
Hair,M31380,6,31386,Purple Stylish Burst Hair
Hair,M31380,7,31387,Brown Stylish Burst Hair
Hair,M31390,0,31390,Black Shaggy Dog (JMS)
Hair,M31390,1,31391,Red Shaggy Dog (JMS)
Hair,M31390,2,31392,Orange Shaggy Dog (JMS)
Hair,M31390,3,31393,Blonde Shaggy Dog (JMS)
Hair,M31390,4,31394,Green Shaggy Dog (JMS)
Hair,M31390,5,31395,Blue Shaggy Dog (JMS)
Hair,M31390,6,31396,Purple Shaggy Dog (JMS)
Hair,M31390,7,31397,Brown Shaggy Dog (JMS)
Hair,M31900,0,31900,Hair 31900
Hair,M31900,1,31901,Hair 31901
Hair,M31900,2,31902,Hair 31902
Hair,M31900,3,31903,Hair 31903
Hair,M31900,4,31904,Hair 31904
Hair,M31900,5,31905,Hair 31905
Hair,M31900,6,31906,Hair 31906
Hair,M31900,7,31907,Hair 31907
Hair,M31960,0,31960,Black Mio
Hair,M31960,1,31961,Red Mio
Hair,M31960,2,31962,Orange Mio
Hair,M31960,3,31963,Blonde Mio
Hair,M31960,4,31964,Green Mio
Hair,M31960,5,31965,Blue Mio
Hair,M31960,6,31966,Purple Mio
Hair,M31960,7,31967,Brown Mio
Hair,M31970,0,31970,Black Asusa
Hair,M31970,1,31971,Red Asusa
Hair,M31970,2,31972,Orange Asusa
Hair,M31970,3,31973,Blonde Asusa
Hair,M31970,4,31974,Green Asusa
Hair,M31970,5,31975,Blue Asusa
Hair,M31970,6,31976,Purple Asusa
Hair,M31970,7,31977,Brown Asusa
Hair,M31980,0,31980,Black Zumogi
Hair,M31980,1,31981,Red Zumogi
Hair,M31980,2,31982,Orange Zumogi
Hair,M31980,3,31983,Blonde Zumogi
Hair,M31980,4,31984,Green Zumogi
Hair,M31980,5,31985,Blue Zumogi
Hair,M31980,6,31986,Purple Zumogi
Hair,M31980,7,31987,Brown Zumogi
Hair,M31990,0,31990,Black Evan Hair (F)
Hair,M31990,1,31991,Red Evan Hair (F)
Hair,M31990,2,31992,Orange Evan Hair (F)
Hair,M31990,3,31993,Blond Evan Hair (F)
Hair,M31990,4,31994,Silver Evan Hair (F)
Hair,M31990,5,31995,Blue Evan Hair (F)
Hair,M31990,6,31996,Purple Evan Hair (F)
Hair,M31990,7,31997,Brown Evan Hair (F)
Hair,M32020,0,32020,Hair 32020
Hair,M32020,1,32021,Hair 32021
Hair,M32020,2,32022,Hair 32022
Hair,M32020,3,32023,Hair 32023
Hair,M32020,4,32024,Hair 32024
Hair,M32020,5,32025,Hair 32025
Hair,M32020,6,32026,Hair 32026
Hair,M32020,7,32027,Hair 32027
Hair,M32030,0,32030,Hair 32030
Hair,M32030,1,32031,Hair 32031
Hair,M32030,2,32032,Hair 32032
Hair,M32030,3,32033,Hair 32033
Hair,M32030,4,32034,Hair 32034
Hair,M32030,5,32035,Hair 32035
Hair,M32030,6,32036,Hair 32036
Hair,M32030,7,32037,Hair 32037
Hair,M32040,0,32040,Hair 32040
Hair,M32040,1,32041,Hair 32041
Hair,M32040,2,32042,Hair 32042
Hair,M32040,3,32043,Hair 32043
Hair,M32040,4,32044,Hair 32044
Hair,M32040,5,32045,Hair 32045
Hair,M32040,6,32046,Hair 32046
Hair,M32040,7,32047,Hair 32047
Hair,M32050,0,32050,Black Tengu Hair
Hair,M32050,1,32051,Red Tengu Hair
Hair,M32050,2,32052,Orange Tengu Hair
Hair,M32050,3,32053,Blonde Tengu Hair
Hair,M32050,4,32054,Green Tengu Hair
Hair,M32050,5,32055,Blue Tengu Hair
Hair,M32050,6,32056,Purple Tengu Hair
Hair,M32050,7,32057,Brown Tengu Hair
Hair,M32170,0,32170,Hair 32170
Hair,M32170,1,32171,Hair 32171
Hair,M32170,2,32172,Hair 32172
Hair,M32170,3,32173,Hair 32173
Hair,M32170,4,32174,Hair 32174
Hair,M32170,5,32175,Hair 32175
Hair,M32170,6,32176,Hair 32176
Hair,M32170,7,32177,Hair 32177
Hair,M32180,0,32180,Hair 32180
Hair,M32180,1,32181,Hair 32181
Hair,M32180,2,32182,Hair 32182
Hair,M32180,3,32183,Hair 32183
Hair,M32180,4,32184,Hair 32184
Hair,M32180,5,32185,Hair 32185
Hair,M32180,6,32186,Hair 32186
Hair,M32180,7,32187,Hair 32187
Hair,M32190,0,32190,Hair 32190
Hair,M32190,1,32191,Hair 32191
Hair,M32190,2,32192,Hair 32192
Hair,M32190,3,32193,Hair 32193
Hair,M32190,4,32194,Hair 32194
Hair,M32190,5,32195,Hair 32195
Hair,M32190,6,32196,Hair 32196
Hair,M32190,7,32197,Hair 32197
Hair,M32200,0,32200,Hair 32200
Hair,M32200,1,32201,Hair 32201
Hair,M32200,2,32202,Hair 32202
Hair,M32200,3,32203,Hair 32203
Hair,M32200,4,32204,Hair 32204
Hair,M32200,5,32205,Hair 32205
Hair,M32200,6,32206,Hair 32206
Hair,M32200,7,32207,Hair 32207
Hair,M32210,0,32210,Hair 32210
Hair,M32210,1,32211,Hair 32211
Hair,M32210,2,32212,Hair 32212
Hair,M32210,3,32213,Hair 32213
Hair,M32210,4,32214,Hair 32214
Hair,M32210,5,32215,Hair 32215
Hair,M32210,6,32216,Hair 32216
Hair,M32210,7,32217,Hair 32217
Hair,M32220,0,32220,Hair 32220
Hair,M32220,1,32221,Hair 32221
Hair,M32220,2,32222,Hair 32222
Hair,M32220,3,32223,Hair 32223
Hair,M32220,4,32224,Hair 32224
Hair,M32220,5,32225,Hair 32225
Hair,M32220,6,32226,Hair 32226
Hair,M32220,7,32227,Hair 32227
Hair,M32230,0,32230,Hair 32230
Hair,M32230,1,32231,Hair 32231
Hair,M32230,2,32232,Hair 32232
Hair,M32230,3,32233,Hair 32233
Hair,M32230,4,32234,Hair 32234
Hair,M32230,5,32235,Hair 32235
Hair,M32230,6,32236,Hair 32236
Hair,M32230,7,32237,Hair 32237
Hair,M32240,0,32240,Hair 32240
Hair,M32240,1,32241,Hair 32241
Hair,M32240,2,32242,Hair 32242
Hair,M32240,3,32243,Hair 32243
Hair,M32240,4,32244,Hair 32244
Hair,M32240,5,32245,Hair 32245
Hair,M32240,6,32246,Hair 32246
Hair,M32240,7,32247,Hair 32247
Hair,M32250,0,32250,Hair 32250
Hair,M32250,1,32251,Hair 32251
Hair,M32250,2,32252,Hair 32252
Hair,M32250,3,32253,Hair 32253
Hair,M32250,4,32254,Hair 32254
Hair,M32250,5,32255,Hair 32255
Hair,M32250,6,32256,Hair 32256
Hair,M32250,7,32257,Hair 32257
Hair,M32260,0,32260,Hair 32260
Hair,M32260,1,32261,Hair 32261
Hair,M32260,2,32262,Hair 32262
Hair,M32260,3,32263,Hair 32263
Hair,M32260,4,32264,Hair 32264
Hair,M32260,5,32265,Hair 32265
Hair,M32260,6,32266,Hair 32266
Hair,M32260,7,32267,Hair 32267
Hair,M32270,0,32270,Hair 32270
Hair,M32270,1,32271,Hair 32271
Hair,M32270,2,32272,Hair 32272
Hair,M32270,3,32273,Hair 32273
Hair,M32270,4,32274,Hair 32274
Hair,M32270,5,32275,Hair 32275
Hair,M32270,6,32276,Hair 32276
Hair,M32270,7,32277,Hair 32277
Hair,M32280,0,32280,Hair 32280
Hair,M32280,1,32281,Hair 32281
Hair,M32280,2,32282,Hair 32282
Hair,M32280,3,32283,Hair 32283
Hair,M32280,4,32284,Hair 32284
Hair,M32280,5,32285,Hair 32285
Hair,M32280,6,32286,Hair 32286
Hair,M32280,7,32287,Hair 32287
Hair,M32290,0,32290,Hair 32290
Hair,M32290,1,32291,Hair 32291
Hair,M32290,2,32292,Hair 32292
Hair,M32290,3,32293,Hair 32293
Hair,M32290,4,32294,Hair 32294
Hair,M32290,5,32295,Hair 32295
Hair,M32290,6,32296,Hair 32296
Hair,M32290,7,32297,Hair 32297
Hair,M32300,0,32300,Hair 32300
Hair,M32300,1,32301,Hair 32301
Hair,M32300,2,32302,Hair 32302
Hair,M32300,3,32303,Hair 32303
Hair,M32300,4,32304,Hair 32304
Hair,M32300,5,32305,Hair 32305
Hair,M32300,6,32306,Hair 32306
Hair,M32300,7,32307,Hair 32307
Hair,M32430,0,32430,Twin Shell Hair
Hair,M32430,1,32431,Twin Shell Hair
Hair,M32430,2,32432,Twin Shell Hair
Hair,M32430,3,32433,Twin Shell Hair
Hair,M32430,4,32434,Twin Shell Hair
Hair,M32430,5,32435,Twin Shell Hair
Hair,M32430,6,32436,Twin Shell Hair
Hair,M32430,7,32437,Twin Shell Hair
Hair,M32440,0,32440,Gusty Wind Hair
Hair,M32440,1,32441,Gusty Wind Hair
Hair,M32440,2,32442,Gusty Wind Hair
Hair,M32440,3,32443,Gusty Wind Hair
Hair,M32440,4,32444,Gusty Wind Hair
Hair,M32440,5,32445,Gusty Wind Hair
Hair,M32440,6,32446,Gusty Wind Hair
Hair,M32440,7,32447,Gusty Wind Hair
Hair,M32450,0,32450,Spiky Hair
Hair,M32450,1,32451,Spiky Hair
Hair,M32450,2,32452,Spiky Hair
Hair,M32450,3,32453,Spiky Hair
Hair,M32450,4,32454,Spiky Hair
Hair,M32450,5,32455,Spiky Hair
Hair,M32450,6,32456,Spiky Hair
Hair,M32450,7,32457,Spiky Hair
Hair,M32460,0,32460,Nuclear Hair
Hair,M32460,1,32461,Nuclear Hair
Hair,M32460,2,32462,Nuclear Hair
Hair,M32460,3,32463,Nuclear Hair
Hair,M32460,4,32464,Nuclear Hair
Hair,M32460,5,32465,Nuclear Hair
Hair,M32460,6,32466,Nuclear Hair
Hair,M32460,7,32467,Nuclear Hair
Hair,M32470,0,32470,Colorful Twin Shell Hair
Hair,M32470,1,32471,Colorful Twin Shell Hair
Hair,M32470,2,32472,Colorful Twin Shell Hair
Hair,M32470,3,32473,Colorful Twin Shell Hair
Hair,M32470,4,32474,Colorful Twin Shell Hair
Hair,M32470,5,32475,Colorful Twin Shell Hair
Hair,M32470,6,32476,Colorful Twin Shell Hair
Hair,M32470,7,32477,Colorful Twin Shell Hair
Hair,M32480,0,32480,Colorful Gusty Wind Hair
Hair,M32480,1,32481,Colorful Gusty Wind Hair
Hair,M32480,2,32482,Colorful Gusty Wind Hair
Hair,M32480,3,32483,Colorful Gusty Wind Hair
Hair,M32480,4,32484,Colorful Gusty Wind Hair
Hair,M32480,5,32485,Colorful Gusty Wind Hair
Hair,M32480,6,32486,Colorful Gusty Wind Hair
Hair,M32480,7,32487,Colorful Gusty Wind Hair
Hair,M32490,0,32490,Colorful Spiky Hair
Hair,M32490,1,32491,Colorful Spiky Hair
Hair,M32490,2,32492,Colorful Spiky Hair
Hair,M32490,3,32493,Colorful Spiky Hair
Hair,M32490,4,32494,Colorful Spiky Hair
Hair,M32490,5,32495,Colorful Spiky Hair
Hair,M32490,6,32496,Colorful Spiky Hair
Hair,M32490,7,32497,Colorful Spiky Hair
Hair,M32500,0,32500,Colorful Nuclear Hair
Hair,M32500,1,32501,Colorful Nuclear Hair
Hair,M32500,2,32502,Colorful Nuclear Hair
Hair,M32500,3,32503,Colorful Nuclear Hair
Hair,M32500,4,32504,Colorful Nuclear Hair
Hair,M32500,5,32505,Colorful Nuclear Hair
Hair,M32500,6,32506,Colorful Nuclear Hair
Hair,M32500,7,32507,Colorful Nuclear Hair
Hair,M32510,0,32510,Hair 32510
Hair,M32510,1,32511,Hair 32511
Hair,M32510,2,32512,Hair 32512
Hair,M32510,3,32513,Hair 32513
Hair,M32510,4,32514,Hair 32514
Hair,M32510,5,32515,Hair 32515
Hair,M32510,6,32516,Hair 32516
Hair,M32510,7,32517,Hair 32517
Hair,M32560,0,32560,Black Succubus Hair
Hair,M32560,1,32561,Red Succubus Hair
Hair,M32560,2,32562,Orange Succubus Hair
Hair,M32560,3,32563,Blond Succubus Hair
Hair,M32560,4,32564,Green Succubus Hair
Hair,M32560,5,32565,Blue Succubus Hair
Hair,M32560,6,32566,Purple Succubus Hair
Hair,M32560,7,32567,Brown Succubus Hair
Hair,M32570,0,32570,Hair 32570
Hair,M32570,1,32571,Hair 32571
Hair,M32570,2,32572,Hair 32572
Hair,M32570,3,32573,Hair 32573
Hair,M32570,4,32574,Hair 32574
Hair,M32570,5,32575,Hair 32575
Hair,M32570,6,32576,Hair 32576
Hair,M32570,7,32577,Hair 32577
Hair,M32580,0,32580,Hair 32580
Hair,M32580,1,32581,Hair 32581
Hair,M32580,2,32582,Hair 32582
Hair,M32580,3,32583,Hair 32583
Hair,M32580,4,32584,Hair 32584
Hair,M32580,5,32585,Hair 32585
Hair,M32580,6,32586,Hair 32586
Hair,M32580,7,32587,Hair 32587
Hair,M32590,0,32590,Hair 32590
Hair,M32590,1,32591,Hair 32591
Hair,M32590,2,32592,Hair 32592
Hair,M32590,3,32593,Hair 32593
Hair,M32590,4,32594,Hair 32594
Hair,M32590,5,32595,Hair 32595
Hair,M32590,6,32596,Hair 32596
Hair,M32590,7,32597,Hair 32597
Hair,M32600,0,32600,Hair 32600
Hair,M32600,1,32601,Hair 32601
Hair,M32600,2,32602,Hair 32602
Hair,M32600,3,32603,Hair 32603
Hair,M32600,4,32604,Hair 32604
Hair,M32600,5,32605,Hair 32605
Hair,M32600,6,32606,Hair 32606
Hair,M32600,7,32607,Hair 32607
Hair,M32610,0,32610,Hair 32610
Hair,M32610,1,32611,Hair 32611
Hair,M32610,2,32612,Hair 32612
Hair,M32610,3,32613,Hair 32613
Hair,M32610,4,32614,Hair 32614
Hair,M32610,5,32615,Hair 32615
Hair,M32610,6,32616,Hair 32616
Hair,M32610,7,32617,Hair 32617
Hair,M32620,0,32620,Hair 32620
Hair,M32620,1,32621,Hair 32621
Hair,M32620,2,32622,Hair 32622
Hair,M32620,3,32623,Hair 32623
Hair,M32620,4,32624,Hair 32624
Hair,M32620,5,32625,Hair 32625
Hair,M32620,6,32626,Hair 32626
Hair,M32620,7,32627,Hair 32627
Hair,M32630,0,32630,Hair 32630
Hair,M32630,1,32631,Hair 32631
Hair,M32630,2,32632,Hair 32632
Hair,M32630,3,32633,Hair 32633
Hair,M32630,4,32634,Hair 32634
Hair,M32630,5,32635,Hair 32635
Hair,M32630,6,32636,Hair 32636
Hair,M32630,7,32637,Hair 32637
Hair,M32640,0,32640,Kirito's Hair
Hair,M32640,1,32641,Kirito's Hair
Hair,M32640,2,32642,Kirito's Hair
Hair,M32640,3,32643,Kirito's Hair
Hair,M32640,4,32644,Kirito's Hair
Hair,M32640,5,32645,Kirito's Hair
Hair,M32640,6,32646,Kirito's Hair
Hair,M32640,7,32647,Kirito's Hair
Hair,M32650,0,32650,Asuna's Hair
Hair,M32650,1,32651,Asuna's Hair
Hair,M32650,2,32652,Asuna's Hair
Hair,M32650,3,32653,Asuna's Hair
Hair,M32650,4,32654,Asuna's Hair
Hair,M32650,5,32655,Asuna's Hair
Hair,M32650,6,32656,Asuna's Hair
Hair,M32650,7,32657,Asuna's Hair
Hair,M32660,0,32660,Leafa's Hair
Hair,M32660,1,32661,Leafa's Hair
Hair,M32660,2,32662,Leafa's Hair
Hair,M32660,3,32663,Leafa's Hair
Hair,M32660,4,32664,Leafa's Hair
Hair,M32660,5,32665,Leafa's Hair
Hair,M32660,6,32666,Leafa's Hair
Hair,M32660,7,32667,Leafa's Hair
Hair,M33010,0,33010,Black Litz 
Hair,M33010,1,33011,Red Litz 
Hair,M33010,2,33012,Orange Litz 
Hair,M33010,3,33013,Blonde Litz 
Hair,M33010,4,33014,Green Litz 
Hair,M33010,5,33015,Blue Litz 
Hair,M33010,6,33016,Purple Litz 
Hair,M33010,7,33017,Brown Litz 
Hair,M33020,0,33020,Black Uie 
Hair,M33020,1,33021,Red Uie 
Hair,M33020,2,33022,Orange Uie 
Hair,M33020,3,33023,Blonde Uie 
Hair,M33020,4,33024,Green Uie 
Hair,M33020,5,33025,Blue Uie 
Hair,M33020,6,33026,Purple Uie 
Hair,M33020,7,33027,Brown Uie 
Hair,M33030,0,33030,Black Babish Hair
Hair,M33030,1,33031,Red Babish Hair
Hair,M33030,2,33032,Orange Babish Hair
Hair,M33030,3,33033,Blonde Babish Hair
Hair,M33030,4,33034,Green Babish Hair
Hair,M33030,5,33035,Blue Babish Hair
Hair,M33030,6,33036,Purple Babish Hair
Hair,M33030,7,33037,Brown Babish Hair
Hair,M33050,0,33050,Black Spiky Shag
Hair,M33050,1,33051,Red Spiky Shag
Hair,M33050,2,33052,Orange Spiky Shag
Hair,M33050,3,33053,Blonde Spiky Shag
Hair,M33050,4,33054,Green Spiky Shag
Hair,M33050,5,33055,Blue Spiky Shag
Hair,M33050,6,33056,Purple Spiky Shag
Hair,M33050,7,33057,Brown Spiky Shag
Hair,M33060,0,33060,Black Senior
Hair,M33060,1,33061,Red Senior
Hair,M33060,2,33062,Orange Senior
Hair,M33060,3,33063,Blonde Senior
Hair,M33060,4,33064,Green Senior
Hair,M33060,5,33065,Blue Senior
Hair,M33060,6,33066,Purple Senior
Hair,M33060,7,33067,Brown Senior
Hair,M33070,0,33070,Black Dreadlocks
Hair,M33070,1,33071,Red Dreadlocks
Hair,M33070,2,33072,Orange Dreadlocks
Hair,M33070,3,33073,Blonde Dreadlocks
Hair,M33070,4,33074,Green Dreadlocks
Hair,M33070,5,33075,Blue Dreadlocks
Hair,M33070,6,33076,Purple Dreadlocks
Hair,M33070,7,33077,Brown Dreadlocks
Hair,M33080,0,33080,White Aran
Hair,M33080,1,33081,Red Aran
Hair,M33080,2,33082,Orange Aran
Hair,M33080,3,33083,Blonde Aran
Hair,M33080,4,33084,Green Aran
Hair,M33080,5,33085,Blue Aran
Hair,M33080,6,33086,Purple Aran
Hair,M33080,7,33087,Brown Aran
Hair,M33090,0,33090,Black Lion Hair
Hair,M33090,1,33091,Red Lion Hair
Hair,M33090,2,33092,Orange Lion Hair
Hair,M33090,3,33093,Blonde Lion Hair
Hair,M33090,4,33094,Green Lion Hair
Hair,M33090,5,33095,Blue Lion Hair
Hair,M33090,6,33096,Purple Lion Hair
Hair,M33090,7,33097,Brown Lion Hair
Hair,M33110,0,33110,Black Free Spirit Hair
Hair,M33110,1,33111,Red Free Spirit Hair
Hair,M33110,2,33112,Orange Free Spirit Hair
Hair,M33110,3,33113,Blonde Free Spirit Hair
Hair,M33110,4,33114,Green Free Spirit Hair
Hair,M33110,5,33115,Blue Free Spirit Hair
Hair,M33110,6,33116,Purple Free Spirit Hair
Hair,M33110,7,33117,Brown Free Spirit Hair
Hair,M33120,0,33120,Black Long Bowl Cut
Hair,M33120,1,33121,Red Long Bowl Cut
Hair,M33120,2,33122,Orange Long Bowl Cut
Hair,M33120,3,33123,Blonde Long Bowl Cut
Hair,M33120,4,33124,Green Long Bowl Cut
Hair,M33120,5,33125,Blue Long Bowl Cut
Hair,M33120,6,33126,Purple Long Bowl Cut
Hair,M33120,7,33127,Brown Long Bowl Cut
Hair,M33130,0,33130,Black Dual Blade Hair
Hair,M33130,1,33131,Red Dual Blade Hair
Hair,M33130,2,33132,Orange Dual Blade Hair
Hair,M33130,3,33133,Blonde Dual Blade Hair
Hair,M33130,4,33134,Green Dual Blade Hair
Hair,M33130,5,33135,Blue Dual Blade Hair
Hair,M33130,6,33136,Purple Dual Blade Hair
Hair,M33130,7,33137,Brown Dual Blade Hair
Hair,M33140,0,33140,Bleached tie-up hair
Hair,M33140,1,33141,Red Bleached tie-up hair
Hair,M33140,2,33142,Orange Bleached tie-up hair
Hair,M33140,3,33143,Blond Bleached tie-up hair
Hair,M33140,4,33144,Green Bleached tie-up hair
Hair,M33140,5,33145,Blue Bleached tie-up hair
Hair,M33140,6,33146,Purple Bleached tie-up hair
Hair,M33140,7,33147,Brown Bleached tie-up hair
Hair,M33150,0,33150,Black Evan Hair (M)
Hair,M33150,1,33151,Red Evan Hair (M)
Hair,M33150,2,33152,Orange Evan Hair (M)
Hair,M33150,3,33153,Blond Evan Hair (M)
Hair,M33150,4,33154,Silver Evan Hair (M)
Hair,M33150,5,33155,Blue Evan Hair (M)
Hair,M33150,6,33156,Purple Evan Hair (M)
Hair,M33150,7,33157,Brown Evan Hair (M)
Hair,M33160,0,33160,Black Lilin Hair
Hair,M33160,1,33161,Red Lilin Hair
Hair,M33160,2,33162,Orange Lilin Hair
Hair,M33160,3,33163,Blond Lilin Hair
Hair,M33160,4,33164,Green Lilin Hair
Hair,M33160,5,33165,Blue Lilin Hair
Hair,M33160,6,33166,Purple Lilin Hair
Hair,M33160,7,33167,Brown Lilin Hair
Hair,M33170,0,33170,Black Gaga Hair
Hair,M33170,1,33171,Red Gaga Hair
Hair,M33170,2,33172,Orange Gaga Hair
Hair,M33170,3,33173,Blond Gaga Hair
Hair,M33170,4,33174,Green Gaga Hair
Hair,M33170,5,33175,Blue Gaga Hair
Hair,M33170,6,33176,Purple Gaga Hair
Hair,M33170,7,33177,Brown Gaga Hair
Hair,M33180,0,33180,Clash Hair
Hair,M33180,1,33181,Clash Hair
Hair,M33180,2,33182,Clash Hair
Hair,M33180,3,33183,Clash Hair
Hair,M33180,4,33184,Clash Hair
Hair,M33180,5,33185,Clash Hair
Hair,M33180,6,33186,Clash Hair
Hair,M33180,7,33187,Clash Hair
Hair,M33190,0,33190,Black Battle Mage Hair
Hair,M33190,1,33191,Red Battle Mage Hair
Hair,M33190,2,33192,Orange Battle Mage Hair
Hair,M33190,3,33193,Blonde Battle Mage Hair
Hair,M33190,4,33194,Green Battle Mage Hair
Hair,M33190,5,33195,Blue Battle Mage Hair
Hair,M33190,6,33196,Purple Battle Mage Hair
Hair,M33190,7,33197,Brown Battle Mage Hair
Hair,M33200,0,33200,Hair 33200
Hair,M33200,1,33201,Hair 33201
Hair,M33200,2,33202,Hair 33202
Hair,M33200,3,33203,Hair 33203
Hair,M33200,4,33204,Hair 33204
Hair,M33200,5,33205,Hair 33205
Hair,M33200,6,33206,Hair 33206
Hair,M33200,7,33207,Hair 33207
Hair,M33210,0,33210,Black Heavy Metal Hair
Hair,M33210,1,33211,Red Heavy Metal Hair
Hair,M33210,2,33212,Orange Heavy Metal Hair
Hair,M33210,3,33213,Blonde Heavy Metal Hair
Hair,M33210,4,33214,Green Heavy Metal Hair
Hair,M33210,5,33215,Blue Heavy Metal Hair
Hair,M33210,6,33216,Purple Heavy Metal Hair
Hair,M33210,7,33217,Brown Heavy Metal Hair
Hair,M33220,0,33220,Black Sun Bleached
Hair,M33220,1,33221,Red Sun Bleached
Hair,M33220,2,33222,Orange Sun Bleached
Hair,M33220,3,33223,Blonde Sun Bleached
Hair,M33220,4,33224,Green Sun Bleached
Hair,M33220,5,33225,Blue Sun Bleached
Hair,M33220,6,33226,Purple Sun Bleached
Hair,M33220,7,33227,Brown Sun Bleached
Hair,M33230,0,33230,Hair 33230
Hair,M33230,1,33231,Hair 33231
Hair,M33230,2,33232,Hair 33232
Hair,M33230,3,33233,Hair 33233
Hair,M33230,4,33234,Hair 33234
Hair,M33230,5,33235,Hair 33235
Hair,M33230,6,33236,Hair 33236
Hair,M33230,7,33237,Hair 33237
Hair,M33240,0,33240,Black Clean-Cut Short Hair
Hair,M33240,1,33241,Red Clean-Cut Short Hair
Hair,M33240,2,33242,Orange Clean-Cut Short Hair
Hair,M33240,3,33243,Blonde Clean-Cut Short Hair
Hair,M33240,4,33244,Green Clean-Cut Short Hair
Hair,M33240,5,33245,Blue Clean-Cut Short Hair
Hair,M33240,6,33246,Purple Clean-Cut Short Hair
Hair,M33240,7,33247,Brown Clean-Cut Short Hair
Hair,M33250,0,33250,Black Elf Hair
Hair,M33250,1,33251,Red Elf Hair
Hair,M33250,2,33252,Orange Elf Hair
Hair,M33250,3,33253,Blonde Elf Hair
Hair,M33250,4,33254,Green Elf Hair
Hair,M33250,5,33255,Blue Elf Hair
Hair,M33250,6,33256,Purple Elf Hair
Hair,M33250,7,33257,Brown Elf Hair
Hair,M33260,0,33260,Black Neinheart Hair
Hair,M33260,1,33261,Red Neinheart Hair
Hair,M33260,2,33262,Orange Neinheart Hair
Hair,M33260,3,33263,Blonde Neinheart Hair
Hair,M33260,4,33264,Green Neinheart Hair
Hair,M33260,5,33265,Blue Neinheart Hair
Hair,M33260,6,33266,Purple Neinheart Hair
Hair,M33260,7,33267,Brown Neinheart Hair
Hair,M33270,0,33270,Black Stlyish Updo
Hair,M33270,1,33271,Red Stlyish Updo
Hair,M33270,2,33272,Orange Stlyish Updo
Hair,M33270,3,33273,Blonde Stlyish Updo
Hair,M33270,4,33274,Green Stlyish Updo
Hair,M33270,5,33275,Blue Stlyish Updo
Hair,M33270,6,33276,Purple Stlyish Updo
Hair,M33270,7,33277,Brown Stlyish Updo
Hair,M33280,0,33280,Black Natural Shaggy
Hair,M33280,1,33281,Red Natural Shaggy
Hair,M33280,2,33282,Orange Natural Shaggy
Hair,M33280,3,33283,Blonde Natural Shaggy
Hair,M33280,4,33284,Green Natural Shaggy
Hair,M33280,5,33285,Blue Natural Shaggy
Hair,M33280,6,33286,Purple Natural Shaggy
Hair,M33280,7,33287,Brown Natural Shaggy
Hair,M33290,0,33290,Silver Updo
Hair,M33290,1,33291,Red Updo
Hair,M33290,2,33292,Orange Updo
Hair,M33290,3,33293,Blonde Updo
Hair,M33290,4,33294,Green Updo
Hair,M33290,5,33295,Blue Updo
Hair,M33290,6,33296,Purple Updo
Hair,M33290,7,33297,Brown Updo
Hair,M33300,0,33300,Hair 33300
Hair,M33300,1,33301,Hair 33301
Hair,M33300,2,33302,Hair 33302
Hair,M33300,3,33303,Hair 33303
Hair,M33300,4,33304,Hair 33304
Hair,M33300,5,33305,Hair 33305
Hair,M33300,6,33306,Hair 33306
Hair,M33300,7,33307,Hair 33307
Hair,M33310,0,33310,Black Eclipse Hair
Hair,M33310,1,33311,Red Eclipse Hair
Hair,M33310,2,33312,Orange Eclipse Hair
Hair,M33310,3,33313,Yellow Eclipse Hair
Hair,M33310,4,33314,Green Eclipse Hair
Hair,M33310,5,33315,Blue Eclipse Hair
Hair,M33310,6,33316,Purple Eclipse Hair
Hair,M33310,7,33317,Brown Eclipse Hair
Hair,M33320,0,33320,Black Wild Hunter (M)
Hair,M33320,1,33321,Red Wild Hunter (M)
Hair,M33320,2,33322,Orange Wild Hunter (M)
Hair,M33320,3,33323,Blonde Wild Hunter (M)
Hair,M33320,4,33324,Green Wild Hunter (M)
Hair,M33320,5,33325,Blue Wild Hunter (M)
Hair,M33320,6,33326,Purple Wild Hunter (M)
Hair,M33320,7,33327,Brown Wild Hunter (M)
Hair,M33330,0,33330,Black Cupid
Hair,M33330,1,33331,Red Cupid
Hair,M33330,2,33332,Orange Cupid
Hair,M33330,3,33333,Blonde Cupid
Hair,M33330,4,33334,Green Cupid
Hair,M33330,5,33335,Blue Cupid
Hair,M33330,6,33336,Purple Cupid
Hair,M33330,7,33337,Brown Cupid
Hair,M33340,0,33340,Hair 33340
Hair,M33340,1,33341,Hair 33341
Hair,M33340,2,33342,Hair 33342
Hair,M33340,3,33343,Hair 33343
Hair,M33340,4,33344,Hair 33344
Hair,M33340,5,33345,Hair 33345
Hair,M33340,6,33346,Hair 33346
Hair,M33340,7,33347,Hair 33347
Hair,M33350,0,33350,Black Short Flip Cut
Hair,M33350,1,33351,Red Short Regent Cut
Hair,M33350,2,33352,Orange Short Regent Cut
Hair,M33350,3,33353,Blonde Short Regent Cut
Hair,M33350,4,33354,Green Short Regent Cut
Hair,M33350,5,33355,Blue Short Regent Cut
Hair,M33350,6,33356,Purple Short Regent Cut
Hair,M33350,7,33357,Brown Short Regent Cut
Hair,M33360,0,33360,Black Scoop Hair
Hair,M33360,1,33361,Red Scoop Hair
Hair,M33360,2,33362,Orange Scoop Hair
Hair,M33360,3,33363,Blonde Scoop Hair
Hair,M33360,4,33364,Green Scoop Hair
Hair,M33360,5,33365,Blue Scoop Hair
Hair,M33360,6,33366,Purple Scoop Hair
Hair,M33360,7,33367,Brown Scoop Hair
Hair,M33370,0,33370,Black Layered Bob Hair
Hair,M33370,1,33371,Red Layered Bob Hair
Hair,M33370,2,33372,Orange Layered Bob Hair
Hair,M33370,3,33373,Yellow Layered Bob Hair
Hair,M33370,4,33374,Green Layered Bob Hair
Hair,M33370,5,33375,Blue Layered Bob Hair
Hair,M33370,6,33376,Purple Layered Bob Hair
Hair,M33370,7,33377,Brown Layered Bob Hair
Hair,M33380,0,33380,Black Super Tuft Hair
Hair,M33380,1,33381,Red Super Tuft Hair
Hair,M33380,2,33382,Orange Super Tuft Hair
Hair,M33380,3,33383,Blonde Super Tuft Hair
Hair,M33380,4,33384,Green Super Tuft Hair
Hair,M33380,5,33385,Blue Super Tuft Hair
Hair,M33380,6,33386,Purple Super Tuft Hair
Hair,M33380,7,33387,Brown Super Tuft Hair
Hair,M33390,0,33390,Black Top Knot Hair
Hair,M33390,1,33391,Red Top Knot Hair
Hair,M33390,2,33392,Orange Top Knot Hair
Hair,M33390,3,33393,Blonde Top Knot Hair
Hair,M33390,4,33394,Green Top Knot Hair
Hair,M33390,5,33395,Blue Top Knot Hair
Hair,M33390,6,33396,Purple Top Knot Hair
Hair,M33390,7,33397,Brown Top Knot Hair
Hair,M33400,0,33400,Black Overgrown Hair
Hair,M33400,1,33401,Red Overgrown Hair
Hair,M33400,2,33402,Orange Overgrown Hair
Hair,M33400,3,33403,Blonde Overgrown Hair
Hair,M33400,4,33404,Green Overgrown Hair
Hair,M33400,5,33405,Blue Overgrown Hair
Hair,M33400,6,33406,Purple Overgrown Hair
Hair,M33400,7,33407,Brown Overgrown Hair
Hair,M33410,0,33410,Black Pop Star Layered Hair
Hair,M33410,1,33411,Red Pop Star Layered Hair
Hair,M33410,2,33412,Orange Pop Star Layered Hair
Hair,M33410,3,33413,Blonde Pop Star Layered Hair
Hair,M33410,4,33414,Green Pop Star Layered Hair
Hair,M33410,5,33415,Blue Pop Star Layered Hair
Hair,M33410,6,33416,Purple Pop Star Layered Hair
Hair,M33410,7,33417,Brown Pop Star Layered Hair
Hair,M33430,0,33430,Black Cat Ears Hair
Hair,M33430,1,33431,Red Cat Ears Hair
Hair,M33430,2,33432,Orange Cat Ears Hair
Hair,M33430,3,33433,Blonde Cat Ears Hair
Hair,M33430,4,33434,Green Cat Ears Hair
Hair,M33430,5,33435,Blue Cat Ears Hair
Hair,M33430,6,33436,Purple Cat Ears Hair
Hair,M33430,7,33437,Brown Cat Ears Hair
Hair,M33440,0,33440,Black Dancing Idol Hair
Hair,M33440,1,33441,Red Dancing Idol Hair
Hair,M33440,2,33442,Orange Dancing Idol Hair
Hair,M33440,3,33443,Blonde Dancing Idol Hair
Hair,M33440,4,33444,Green Dancing Idol Hair
Hair,M33440,5,33445,Blue Dancing Idol Hair
Hair,M33440,6,33446,Purple Dancing Idol Hair
Hair,M33440,7,33447,Brown Dancing Idol Hair
Hair,M33450,0,33450,Silver Gray Highlights
Hair,M33450,1,33451,Sunset Red Highlights
Hair,M33450,2,33452,Orange Highlights
Hair,M33450,3,33453,Blonde Highlights
Hair,M33450,4,33454,Light Green Highlights
Hair,M33450,5,33455,Sky Blue Highlights
Hair,M33450,6,33456,Violet Highlights
Hair,M33450,7,33457,Golden Brown Highlights
Hair,M33460,0,33460,Black Loose Bangs
Hair,M33460,1,33461,Crimson Loose Bangs
Hair,M33460,2,33462,Orange Loose Bangs
Hair,M33460,3,33463,Blonde Loose Bangs
Hair,M33460,4,33464,Turquoise Loose Bangs
Hair,M33460,5,33465,Dark Blue Loose Bangs
Hair,M33460,6,33466,Purple Loose Bangs
Hair,M33460,7,33467,Brown Loose Bangs
Hair,M33470,0,33470,Black Neat Shaggy Hair
Hair,M33470,1,33471,Red Neat Shaggy Hair
Hair,M33470,2,33472,Orange Neat Shaggy Hair
Hair,M33470,3,33473,Blonde Neat Shaggy Hair
Hair,M33470,4,33474,Green Neat Shaggy Hair
Hair,M33470,5,33475,Blue Neat Shaggy Hair
Hair,M33470,6,33476,Purple Neat Shaggy Hair
Hair,M33470,7,33477,Brown Neat Shaggy Hair
Hair,M33480,0,33480,Black Long Mystery
Hair,M33480,1,33481,Red Long Mystery
Hair,M33480,2,33482,Orange Long Mystery
Hair,M33480,3,33483,Blonde Long Mystery
Hair,M33480,4,33484,Green Long Mystery
Hair,M33480,5,33485,Blue Long Mystery
Hair,M33480,6,33486,Purple Long Mystery
Hair,M33480,7,33487,Brown Long Mystery
Hair,M33500,0,33500,Black Mega Flip Hair
Hair,M33500,1,33501,Red Mega Flip Hair
Hair,M33500,2,33502,Orange Mega Flip Hair
Hair,M33500,3,33503,Blonde Mega Flip Hair
Hair,M33500,4,33504,Green Mega Flip Hair
Hair,M33500,5,33505,Blue Mega Flip Hair
Hair,M33500,6,33506,Purple Mega Flip Hair
Hair,M33500,7,33507,Brown Mega Flip Hair
Hair,M33510,0,33510,Black Wild Tangles Hair
Hair,M33510,1,33511,Red Wild Tangles Hair
Hair,M33510,2,33512,Orange Wild Tangles Hair
Hair,M33510,3,33513,Blonde Wild Tangles Hair
Hair,M33510,4,33514,Green Wild Tangles Hair
Hair,M33510,5,33515,Blue Wild Tangles Hair
Hair,M33510,6,33516,Purple Wild Tangles Hair
Hair,M33510,7,33517,Brown Wild Tangles Hair
Hair,M33520,0,33520,Black The Fever
Hair,M33520,1,33521,Red The Fever
Hair,M33520,2,33522,Orange The Fever
Hair,M33520,3,33523,Blonde The Fever
Hair,M33520,4,33524,Green The Fever
Hair,M33520,5,33525,Blue The Fever
Hair,M33520,6,33526,Purple The Fever
Hair,M33520,7,33527,Brown The Fever
Hair,M33530,0,33530,Pitch Black Demon Hair
Hair,M33530,1,33531,Demon Hair 
Hair,M33530,2,33532,Blaze Demon Hair
Hair,M33530,3,33533,Gold Demon Hair
Hair,M33530,4,33534,Ecto Demon Hair
Hair,M33530,5,33535,Cobalt Demon Hair
Hair,M33530,6,33536,Midnight Demon Hair
Hair,M33530,7,33537,Ash Demonic Hair
Hair,M33540,0,33540,Black Retro Romance Hair
Hair,M33540,1,33541,Red Retro Romance Hair
Hair,M33540,2,33542,Orange Retro Romance Hair
Hair,M33540,3,33543,Yellow Retro Romance Hair
Hair,M33540,4,33544,Green Retro Romance Hair
Hair,M33540,5,33545,Blue Retro Romance Hair
Hair,M33540,6,33546,Purple Retro Romance Hair
Hair,M33540,7,33547,Brown Retro Romance Hair
Hair,M33550,0,33550,Black Cute Boy Hair
Hair,M33550,1,33551,Red Cute Boy Hair
Hair,M33550,2,33552,Orange Cute Boy Hair
Hair,M33550,3,33553,Yellow Cute Boy Hair
Hair,M33550,4,33554,Green Cute Boy Hair
Hair,M33550,5,33555,Blue Cute Boy Hair
Hair,M33550,6,33556,Purple Cute Boy Hair
Hair,M33550,7,33557,Brown Cute Boy Hair
Hair,M33580,0,33580,Black Waxed Hair
Hair,M33580,1,33581,Red Waxed Hair
Hair,M33580,2,33582,Orange Waxed Hair
Hair,M33580,3,33583,Yellow Waxed Hair
Hair,M33580,4,33584,Green Waxed Hair
Hair,M33580,5,33585,Blue Waxed Hair
Hair,M33580,6,33586,Purple Waxed Hair
Hair,M33580,7,33587,Brown Waxed Hair
Hair,M33590,0,33590,Black Parisian Hair
Hair,M33590,1,33591,Red Parisian Hair
Hair,M33590,2,33592,Orange Parisian Hair
Hair,M33590,3,33593,Blonde Parisian Hair
Hair,M33590,4,33594,Green Parisian Hair
Hair,M33590,5,33595,Blue Parisian Hair
Hair,M33590,6,33596,Purple Parisian Hair
Hair,M33590,7,33597,Brown Parisian Hair
Hair,M33600,0,33600,Black Long Shaggy Cut
Hair,M33600,1,33601,Red Long Shaggy Cut
Hair,M33600,2,33602,Orange Long Shaggy Cut
Hair,M33600,3,33603,Blonde Long Shaggy Cut
Hair,M33600,4,33604,Green Long Shaggy Cut
Hair,M33600,5,33605,Blue Long Shaggy Cut
Hair,M33600,6,33606,Purple Long Shaggy Cut
Hair,M33600,7,33607,Brown Long Shaggy Cut
Hair,M33610,0,33610,Black Crow Hair
Hair,M33610,1,33611,Red Crow Hair
Hair,M33610,2,33612,Orange Crow Hair
Hair,M33610,3,33613,Blonde Crow Hair
Hair,M33610,4,33614,Green Crow Hair
Hair,M33610,5,33615,Blue Crow Hair
Hair,M33610,6,33616,Purple Crow Hair
Hair,M33610,7,33617,Brown Crow Hair
Hair,M33620,0,33620,Black Artist Hair
Hair,M33620,1,33621,Red Artist Hair
Hair,M33620,2,33622,Orange Artist Hair
Hair,M33620,3,33623,Blonde Artist Hair
Hair,M33620,4,33624,Green Artist Hair
Hair,M33620,5,33625,Blue Artist Hair
Hair,M33620,6,33626,Purple Artist Hair
Hair,M33620,7,33627,Brown Artist Hair
Hair,M33630,0,33630,Black Messy Bowl Hair
Hair,M33630,1,33631,Red Messy Bowl Hair
Hair,M33630,2,33632,Orange Messy Bowl Hair
Hair,M33630,3,33633,Blonde Messy Bowl Hair
Hair,M33630,4,33634,Green Messy Bowl Hair
Hair,M33630,5,33635,Blue Messy Bowl Hair
Hair,M33630,6,33636,Purple Messy Bowl Hair
Hair,M33630,7,33637,Brown Messy Bowl Hair
Hair,M33640,0,33640,Black I'm the Best Hair
Hair,M33640,1,33641,Red I'm the Best Hair
Hair,M33640,2,33642,Orange I'm the Best Hair
Hair,M33640,3,33643,Yellow I'm the Best Hair
Hair,M33640,4,33644,Green I'm the Best Hair
Hair,M33640,5,33645,Blue I'm the Best Hair
Hair,M33640,6,33646,Purple I'm the Best Hair
Hair,M33640,7,33647,Brown I'm the Best Hair
Hair,M33650,0,33650,Hair 33650
Hair,M33650,1,33651,Hair 33651
Hair,M33650,2,33652,Hair 33652
Hair,M33650,3,33653,Hair 33653
Hair,M33650,4,33654,Hair 33654
Hair,M33650,5,33655,Hair 33655
Hair,M33650,6,33656,Hair 33656
Hair,M33650,7,33657,Hair 33657
Hair,M33660,0,33660,Black Double Whorls
Hair,M33660,1,33661,Red Double Whorls
Hair,M33660,2,33662,Orange Double Whorls
Hair,M33660,3,33663,Blonde Double Whorls
Hair,M33660,4,33664,Green Double Whorls
Hair,M33660,5,33665,Blue Double Whorls
Hair,M33660,6,33666,Purple Double Whorls
Hair,M33660,7,33667,Brown Double Whorls
Hair,M33670,0,33670,Black Prince Ponytail
Hair,M33670,1,33671,Red Prince Ponytail
Hair,M33670,2,33672,Orange Prince Ponytail
Hair,M33670,3,33673,Blonde Prince Ponytail
Hair,M33670,4,33674,Green Prince Ponytail
Hair,M33670,5,33675,Blue Prince Ponytail
Hair,M33670,6,33676,Purple Prince Ponytail
Hair,M33670,7,33677,Brown Prince Ponytail
Hair,M33680,0,33680,Black Valentine Hair
Hair,M33680,1,33681,Red Valentine Hair
Hair,M33680,2,33682,Orange Valentine Hair
Hair,M33680,3,33683,Blonde Valentine Hair
Hair,M33680,4,33684,Green Valentine Hair
Hair,M33680,5,33685,Blue Valentine Hair
Hair,M33680,6,33686,Purple Valentine Hair
Hair,M33680,7,33687,Brown Valentine Hair
Hair,M33690,0,33690,Black Bully Hair
Hair,M33690,1,33691,Red Bully Hair
Hair,M33690,2,33692,Orange Bully Hair
Hair,M33690,3,33693,Blonde Bully Hair
Hair,M33690,4,33694,Green Bully Hair
Hair,M33690,5,33695,Blue Bully Hair
Hair,M33690,6,33696,Purple Bully Hair
Hair,M33690,7,33697,Brown Bully Hair
Hair,M33700,0,33700,Black Luxurious 'Do
Hair,M33700,1,33701,Red Luxurious 'Do
Hair,M33700,2,33702,Orange Luxurious 'Do
Hair,M33700,3,33703,Yellow Luxurious 'Do
Hair,M33700,4,33704,Green Luxurious 'Do
Hair,M33700,5,33705,Blue Luxurious 'Do
Hair,M33700,6,33706,Purple Luxurious 'Do
Hair,M33700,7,33707,Brown Luxurious 'Do
Hair,M33710,0,33710,Black Modern Samurai Hair
Hair,M33710,1,33711,Red Modern Samurai Hair
Hair,M33710,2,33712,Orange Modern Samurai Hair
Hair,M33710,3,33713,Blonde Modern Samurai Hair
Hair,M33710,4,33714,Green Modern Samurai Hair
Hair,M33710,5,33715,Blue Modern Samurai Hair
Hair,M33710,6,33716,Purple Modern Samurai Hair
Hair,M33710,7,33717,Brown Modern Samurai Hair
Hair,M33720,0,33720,Black Artistic Highlights Hair
Hair,M33720,1,33721,Red Artistic Highlights Hair
Hair,M33720,2,33722,OrangeArtistic Highlights Hair
Hair,M33720,3,33723,Blonde Artistic Highlights Hair
Hair,M33720,4,33724,Green Artistic Highlights Hair
Hair,M33720,5,33725,Blue Artistic Highlights Hair
Hair,M33720,6,33726,Purple Artistic Highlights Hair
Hair,M33720,7,33727,Brown Artistic Highlights Hair
Hair,M33730,0,33730,Black Wavy Ponytail
Hair,M33730,1,33731,Red Wavy Ponytail
Hair,M33730,2,33732,Orange Wavy Ponytail
Hair,M33730,3,33733,Yellow Wavy Ponytail
Hair,M33730,4,33734,Green Wavy Ponytail
Hair,M33730,5,33735,Blue Wavy Ponytail
Hair,M33730,6,33736,Purple Wavy Ponytail
Hair,M33730,7,33737,Brown Wavy Ponytail
Hair,M33740,0,33740,Black Chevalier Hair
Hair,M33740,1,33741,Red Chevalier Hair
Hair,M33740,2,33742,Orange Chevalier Hair
Hair,M33740,3,33743,Yellow Chevalier Hair
Hair,M33740,4,33744,Green Chevalier Hair
Hair,M33740,5,33745,Blue Chevalier Hair
Hair,M33740,6,33746,Purple Chevalier Hair
Hair,M33740,7,33747,Brown Chevalier Hair
Hair,M33750,0,33750,Black Movie Star Hair
Hair,M33750,1,33751,Red Movie Star Hair
Hair,M33750,2,33752,Orange Movie Star Hair
Hair,M33750,3,33753,Blonde Movie Star Hair
Hair,M33750,4,33754,Green Movie Star Hair
Hair,M33750,5,33755,Blue Movie Star Hair
Hair,M33750,6,33756,Purple Movie Star Hair
Hair,M33750,7,33757,Brown Movie Star Hair
Hair,M33760,0,33760,Black Romantic Perm Hair
Hair,M33760,1,33761,Red Romantic Perm Hair
Hair,M33760,2,33762,Orange Romantic Perm Hair
Hair,M33760,3,33763,Blondee Romantic Perm Hair
Hair,M33760,4,33764,Green Romantic Perm Hair
Hair,M33760,5,33765,Blue Romantic Perm Hair
Hair,M33760,6,33766,Purple Romantic Perm Hair
Hair,M33760,7,33767,Brown Romantic Perm Hair
Hair,M33770,0,33770,Black Atomic Hair
Hair,M33770,1,33771,Red Atomic Hair
Hair,M33770,2,33772,Orange Atomic Hair
Hair,M33770,3,33773,Yellow Atomic Hair
Hair,M33770,4,33774,Green Atomic Hair
Hair,M33770,5,33775,Blue Atomic Hair
Hair,M33770,6,33776,Purple Atomic Hair
Hair,M33770,7,33777,Brown Atomic Hair
Hair,M33780,0,33780,Black Upstart Hair
Hair,M33780,1,33781,Red Upstart Hair
Hair,M33780,2,33782,Orange Upstart Hair
Hair,M33780,3,33783,Blonde Upstart Hair
Hair,M33780,4,33784,Green Upstart Hair
Hair,M33780,5,33785,Blue Upstart Hair
Hair,M33780,6,33786,Purple Upstart Hair
Hair,M33780,7,33787,Brown Upstart Hair
Hair,M33790,0,33790,Black Artiste Hair
Hair,M33790,1,33791,Red Artiste Hair
Hair,M33790,2,33792,Orange Artiste Hair
Hair,M33790,3,33793,Yellow Artiste Hair
Hair,M33790,4,33794,Green Artiste Hair
Hair,M33790,5,33795,Blue Artiste Hair
Hair,M33790,6,33796,Purple Artiste Hair
Hair,M33790,7,33797,Brown Artiste Hair
Hair,M33800,0,33800,Black Flame Hair
Hair,M33800,1,33801,Red Flame Hair
Hair,M33800,2,33802,Orange Flame Hair
Hair,M33800,3,33803,Yellow Flame Hair
Hair,M33800,4,33804,Green Flame Hair
Hair,M33800,5,33805,Blue Flame Hair
Hair,M33800,6,33806,Purple Flame Hair
Hair,M33800,7,33807,Brown Flame Hair
Hair,M33810,0,33810,Black Melon Hair
Hair,M33810,1,33811,Red Melon Hair
Hair,M33810,2,33812,Orange Melon Hair
Hair,M33810,3,33813,Yellow Melon Hair
Hair,M33810,4,33814,Green Melon Hair
Hair,M33810,5,33815,Blue Melon Hair
Hair,M33810,6,33816,Purple Melon Hair
Hair,M33810,7,33817,Brown Melon Hair
Hair,M33820,0,33820,Blade-sharpened Hair
Hair,M33820,1,33821,Blade-sharpened Hair
Hair,M33820,2,33822,Blade-sharpened Hair
Hair,M33820,3,33823,Blade-sharpened Hair
Hair,M33820,4,33824,Blade-sharpened Hair
Hair,M33820,5,33825,Blade-sharpened Hair
Hair,M33820,6,33826,Blade-sharpened Hair
Hair,M33820,7,33827,Blade-sharpened Hair
Hair,M33830,0,33830,Gale Hair
Hair,M33830,1,33831,Gale Hair
Hair,M33830,2,33832,Gale Hair
Hair,M33830,3,33833,Gale Hair
Hair,M33830,4,33834,Gale Hair
Hair,M33830,5,33835,Gale Hair
Hair,M33830,6,33836,Gale Hair
Hair,M33830,7,33837,Gale Hair
Hair,M33930,0,33930,Black Wild Cut Hair
Hair,M33930,1,33931,Red Wild Cut Hair
Hair,M33930,2,33932,Orange Wild Cut Hair
Hair,M33930,3,33933,Yellow Wild Cut Hair
Hair,M33930,4,33934,Green Wild Cut Hair
Hair,M33930,5,33935,Blue Wild Cut Hair
Hair,M33930,6,33936,Purple Wild Cut Hair
Hair,M33930,7,33937,Brown Wild Cut Hair
Hair,M33940,0,33940,Black Mega Tease Hair
Hair,M33940,1,33941,Red Mega Tease Hair
Hair,M33940,2,33942,Orange Mega Tease Hair
Hair,M33940,3,33943,Blonde Mega Tease Hair
Hair,M33940,4,33944,Green Mega Tease Hair
Hair,M33940,5,33945,Blue Mega Tease Hair
Hair,M33940,6,33946,Purple Mega Tease Hair
Hair,M33940,7,33947,Brown Mega Tease Hair
Hair,M33950,0,33950,Black Can't-See-Jack Hair
Hair,M33950,1,33951,Red Can't-See-Jack Hair
Hair,M33950,2,33952,Orange Can't-See-Jack Hair
Hair,M33950,3,33953,Blonde Can't-See-Jack Hair
Hair,M33950,4,33954,Green Can't-See-Jack Hair
Hair,M33950,5,33955,Blue Can't-See-Jack Hair
Hair,M33950,6,33956,Purple Can't-See-Jack Hair
Hair,M33950,7,33957,Brown Can't-See-Jack Hair
Hair,M33960,0,33960,Black Shy Boy Hair
Hair,M33960,1,33961,Red Shy Boy Hair
Hair,M33960,2,33962,Orange Shy Boy Hair
Hair,M33960,3,33963,Blonde Shy Boy Hair
Hair,M33960,4,33964,Green Shy Boy Hair
Hair,M33960,5,33965,Blue Shy Boy Hair
Hair,M33960,6,33966,Purple Shy Boy Hair
Hair,M33960,7,33967,Brown Shy Boy Hair
Hair,M33970,0,33970,Hair 33970
Hair,M33970,1,33971,Hair 33971
Hair,M33970,2,33972,Hair 33972
Hair,M33970,3,33973,Hair 33973
Hair,M33970,4,33974,Hair 33974
Hair,M33970,5,33975,Hair 33975
Hair,M33970,6,33976,Hair 33976
Hair,M33970,7,33977,Hair 33977
Hair,M33980,0,33980,Hair 33980
Hair,M33980,1,33981,Hair 33981
Hair,M33980,2,33982,Hair 33982
Hair,M33980,3,33983,Hair 33983
Hair,M33980,4,33984,Hair 33984
Hair,M33980,5,33985,Hair 33985
Hair,M33980,6,33986,Hair 33986
Hair,M33980,7,33987,Hair 33987
Hair,M33990,0,33990,Black Hot Top Hair
Hair,M33990,1,33991,Red Hot Top Hair
Hair,M33990,2,33992,Orange Hot Top Hair
Hair,M33990,3,33993,Blonde Hot Top Hair
Hair,M33990,4,33994,Green Hot Top Hair
Hair,M33990,5,33995,Blue Hot Top Hair
Hair,M33990,6,33996,Purple Hot Top Hair
Hair,M33990,7,33997,Brown Hot Top Hair
Hair,M34040,0,34040,Black Round Curly
Hair,M34040,1,34041,Red Round Curly
Hair,M34040,2,34042,Orange Round Curly
Hair,M34040,3,34043,Blonde Round Curly
Hair,M34040,4,34044,Green Round Curly
Hair,M34040,5,34045,Blue Round Curly
Hair,M34040,6,34046,Purple Round Curly
Hair,M34040,7,34047,Brown Round Curly
Hair,M34060,0,34060,Black Bow Hair
Hair,M34060,1,34061,Red Bow Hair
Hair,M34060,2,34062,Orange Bow Hair
Hair,M34060,3,34063,Blonde Bow Hair
Hair,M34060,4,34064,Green Bow Hair
Hair,M34060,5,34065,Blue Bow Hair
Hair,M34060,6,34066,Purple Bow Hair
Hair,M34060,7,34067,Brown Bow Hair
Hair,M34120,0,34120,Black Bohemian Hair
Hair,M34120,1,34121,White Bohemian Hair
Hair,M34120,2,34122,Orange Bohemian Hair
Hair,M34120,3,34123,Blond Bohemian Hair
Hair,M34120,4,34124,Green Bohemian Hair
Hair,M34120,5,34125,Blue Bohemian Hair
Hair,M34120,6,34126,Purple Bohemian Hair
Hair,M34120,7,34127,Brown Bohemian Hair
Hair,M34130,0,34130,Black Low Cut Bob
Hair,M34130,1,34131,Red Low Cut Bob
Hair,M34130,2,34132,Orange Low Cut Bob
Hair,M34130,3,34133,Blonde Low Cut Bob
Hair,M34130,4,34134,Green Low Cut Bob
Hair,M34130,5,34135,Blue Low Cut Bob
Hair,M34130,6,34136,Purple Low Cut Bob
Hair,M34130,7,34137,Brown Low Cut Bob
Hair,M34140,0,34140,Black Dual Blade Hair
Hair,M34140,1,34141,Red Dual Blade Hair
Hair,M34140,2,34142,Orange Dual Blade Hair
Hair,M34140,3,34143,Yellow Dual Blade Hair
Hair,M34140,4,34144,Green Dual Blade Hair
Hair,M34140,5,34145,Blue Dual Blade Hair
Hair,M34140,6,34146,Purple Dual Blade Hair
Hair,M34140,7,34147,Brown Dual Blade Hair
Hair,M34150,0,34150,Black Bleached Pony Hair
Hair,M34150,1,34151,Red Bleached Pony Hair
Hair,M34150,2,34152,Orange Bleached Pony Hair
Hair,M34150,3,34153,Blonde Bleached Pony Hair
Hair,M34150,4,34154,Green Bleached Pony Hair
Hair,M34150,5,34155,Blue Bleached Pony Hair
Hair,M34150,6,34156,Purple Bleached Pony Hair
Hair,M34150,7,34157,Brown Bleached Pony Hair
Hair,M34160,0,34160,White Lilin Hair
Hair,M34160,1,34161,Red Lilin Hair
Hair,M34160,2,34162,Orange Lilin Hair
Hair,M34160,3,34163,Blond Lilin Hair
Hair,M34160,4,34164,Green Lilin Hair
Hair,M34160,5,34165,Blue Lilin Hair
Hair,M34160,6,34166,Purple Lilin Hair
Hair,M34160,7,34167,Brown Lilin Hair
Hair,M34170,0,34170,Black Pretty Girl Hair
Hair,M34170,1,34171,Red Pretty Girl Hair
Hair,M34170,2,34172,Orange Pretty Girl Hair
Hair,M34170,3,34173,Yellow Pretty Girl Hair
Hair,M34170,4,34174,Green Pretty Girl Hair
Hair,M34170,5,34175,Blue Pretty Girl Hair
Hair,M34170,6,34176,Purple Pretty Girl Hair
Hair,M34170,7,34177,Brown Pretty Girl Hair
Hair,M34180,0,34180,White Wave Ponytail
Hair,M34180,1,34181,Red Wave Ponytail
Hair,M34180,2,34182,Orange Wave Ponytail
Hair,M34180,3,34183,Blonde Wave Ponytail
Hair,M34180,4,34184,Green Wave Ponytail
Hair,M34180,5,34185,Blue Wave Ponytail
Hair,M34180,6,34186,Purple Wave Ponytail
Hair,M34180,7,34187,Brown Wave Ponytail
Hair,M34190,0,34190,Black Wild Hunter Hair
Hair,M34190,1,34191,Red Wild Hunter Hair
Hair,M34190,2,34192,Orange Wild Hunter Hair
Hair,M34190,3,34193,Blonde Wild Hunter Hair
Hair,M34190,4,34194,Green Wild Hunter Hair
Hair,M34190,5,34195,Blue Wild Hunter Hair
Hair,M34190,6,34196,Purple Wild Hunter Hair
Hair,M34190,7,34197,Brown Wild Hunter Hair
Hair,M34210,0,34210,Black Cute Wave Hair
Hair,M34210,1,34211,Red Cute Wave Hair
Hair,M34210,2,34212,Orange Cute Wave Hair
Hair,M34210,3,34213,Blond Cute Wave Hair
Hair,M34210,4,34214,Green Cute Wave Hair
Hair,M34210,5,34215,Blue Cute Wave Hair
Hair,M34210,6,34216,Purple Cute Wave Hair
Hair,M34210,7,34217,Brown Cute Wave Hair
Hair,M34220,0,34220,Black Messy Pigtails
Hair,M34220,1,34221,Red Messy Pigtails
Hair,M34220,2,34222,Orange Messy Pigtails
Hair,M34220,3,34223,Yellow Messy Pigtails
Hair,M34220,4,34224,Green Messy Pigtails
Hair,M34220,5,34225,Blue Messy Pigtails
Hair,M34220,6,34226,Purple Messy Pigtails
Hair,M34220,7,34227,Brown Messy Pigtails
Hair,M34230,0,34230,Black Tender Bowl-cut Hair
Hair,M34230,1,34231,Red Tender Bowl-cut Hair
Hair,M34230,2,34232,Orange Tender Bowl-cut Hair
Hair,M34230,3,34233,Yellow Tender Bowl-cut Hair
Hair,M34230,4,34234,Green Tender Bowl-cut Hair
Hair,M34230,5,34235,Blue Tender Bowl-cut Hair
Hair,M34230,6,34236,Purple Tender Bowl-cut Hair
Hair,M34230,7,34237,Brown Tender Bowl-cut Hair
Hair,M34240,0,34240,Black Long Tied Hair
Hair,M34240,1,34241,Red Long Tied Hair
Hair,M34240,2,34242,Orange Long Tied Hair
Hair,M34240,3,34243,Blonde Long Tied Hair
Hair,M34240,4,34244,Green Long Tied Hair
Hair,M34240,5,34245,Blue Long Tied Hair
Hair,M34240,6,34246,Purple Long Tied Hair
Hair,M34240,7,34247,Brown Long Tied Hair
Hair,M34250,0,34250,Black Volume Bang Hair
Hair,M34250,1,34251,Red Volume Bang Hair
Hair,M34250,2,34252,Orange Volume Bang Hair
Hair,M34250,3,34253,Blonde Volume Bang Hair
Hair,M34250,4,34254,Green Volume Bang Hair
Hair,M34250,5,34255,Blue Volume Bang Hair
Hair,M34250,6,34256,Purple Volume Bang Hair
Hair,M34250,7,34257,Brown Volume Bang Hair
Hair,M34260,0,34260,Black Top Tied Hair
Hair,M34260,1,34261,Red Top Tied Hair
Hair,M34260,2,34262,Orange Top Tied Hair
Hair,M34260,3,34263,Blonde Top Tied Hair
Hair,M34260,4,34264,Green Top Tied Hair
Hair,M34260,5,34265,Blue Top Tied Hair
Hair,M34260,6,34266,Purple Top Tied Hair
Hair,M34260,7,34267,Brown Top Tied Hair
Hair,M34270,0,34270,Black Front Ball Hair
Hair,M34270,1,34271,Red Front Ball Hair
Hair,M34270,2,34272,Orange Front Ball Hair
Hair,M34270,3,34273,Blonde Front Ball Hair
Hair,M34270,4,34274,Green Front Ball Hair
Hair,M34270,5,34275,Blue Front Ball Hair
Hair,M34270,6,34276,Purple Front Ball Hair
Hair,M34270,7,34277,Brown Front Ball Hair
Hair,M34280,0,34280,Black Uplifted Pigtails
Hair,M34280,1,34281,Red Uplifted Pigtails
Hair,M34280,2,34282,Orange Uplifted Pigtails
Hair,M34280,3,34283,Blonde Uplifted Pigtails
Hair,M34280,4,34284,Green Uplifted Pigtails
Hair,M34280,5,34285,Blue Uplifted Pigtails
Hair,M34280,6,34286,Purple Uplifted Pigtails
Hair,M34280,7,34287,Brown Uplifted Pigtails
Hair,M34290,0,34290,Black Battle Mage (F)
Hair,M34290,1,34291,Red Battle Mage (F)
Hair,M34290,2,34292,Orange Battle Mage (F)
Hair,M34290,3,34293,Blonde Battle Mage (F)
Hair,M34290,4,34294,Green Battle Mage (F)
Hair,M34290,5,34295,Blue Battle Mage (F)
Hair,M34290,6,34296,Purple Battle Mage (F)
Hair,M34290,7,34297,Brown Battle Mage (F)
Hair,M34300,0,34300,Black Wild Hunter (F)
Hair,M34300,1,34301,Red Wild Hunter (F)
Hair,M34300,2,34302,Orange Wild Hunter (F)
Hair,M34300,3,34303,Blonde Wild Hunter (F)
Hair,M34300,4,34304,Green Wild Hunter (F)
Hair,M34300,5,34305,Blue Wild Hunter (F)
Hair,M34300,6,34306,Purple Wild Hunter (F)
Hair,M34300,7,34307,Brown Wild Hunter (F)
Hair,M34310,0,34310,Black Jessica's Drill
Hair,M34310,1,34311,Red Jessica's Drill
Hair,M34310,2,34312,Orange Jessica's Drill
Hair,M34310,3,34313,Blonde Jessica's Drill
Hair,M34310,4,34314,Green Jessica's Drill
Hair,M34310,5,34315,Blue Jessica's Drill
Hair,M34310,6,34316,Purple Jessica's Drill
Hair,M34310,7,34317,Brown Jessica's Drill
Hair,M34320,0,34320,Black Star Upstyle Hair
Hair,M34320,1,34321,Red Star Upstyle Hair
Hair,M34320,2,34322,Orange Star Upstyle Hair
Hair,M34320,3,34323,Yellow Star Upstyle Hair
Hair,M34320,4,34324,Green Star Upstyle Hair
Hair,M34320,5,34325,Blue Star Upstyle Hair
Hair,M34320,6,34326,Purple Star Upstyle Hair
Hair,M34320,7,34327,Brown Star Upstyle Hair
Hair,M34330,0,34330,Black Bloom Hair
Hair,M34330,1,34331,Red Bloom Hair
Hair,M34330,2,34332,Orange Bloom Hair
Hair,M34330,3,34333,Yellow Bloom Hair
Hair,M34330,4,34334,Green Bloom Hair
Hair,M34330,5,34335,Blue Bloom Hair
Hair,M34330,6,34336,Purple Bloom Hair
Hair,M34330,7,34337,Brown Bloom Hair
Hair,M34340,0,34340,Black Romantic Braid Hair
Hair,M34340,1,34341,Red Romantic Braid Hair
Hair,M34340,2,34342,Orange Romantic Braid Hair
Hair,M34340,3,34343,Yellow Romantic Braid Hair
Hair,M34340,4,34344,Green Romantic Braid Hair
Hair,M34340,5,34345,Blue Romantic Braid Hair
Hair,M34340,6,34346,Purple Romantic Braid Hair
Hair,M34340,7,34347,Brown Romantic Braid Hair
Hair,M34350,0,34350,Black Updo Hair
Hair,M34350,1,34351,Red Updo Hair
Hair,M34350,2,34352,Orange Updo Hair
Hair,M34350,3,34353,Blonde Updo Hair
Hair,M34350,4,34354,Green Updo Hair
Hair,M34350,5,34355,Blue Updo Hair
Hair,M34350,6,34356,Purple Updo Hair
Hair,M34350,7,34357,Brown Updo Hair
Hair,M34360,0,34360,Black Wispy Windswept Hair
Hair,M34360,1,34361,Red Wispy Windswept Hair
Hair,M34360,2,34362,Orange Wispy Windswept Hair
Hair,M34360,3,34363,Yellow Wispy Windswept Hair
Hair,M34360,4,34364,Green Wispy Windswept Hair
Hair,M34360,5,34365,Blue Wispy Windswept Hair
Hair,M34360,6,34366,Purple Wispy Windswept Hair
Hair,M34360,7,34367,Brown Wispy Windswept Hair
Hair,M34370,0,34370,Black Shaggy Bobbed Hair
Hair,M34370,1,34371,Red Shaggy Bobbed Hair
Hair,M34370,2,34372,Orange Shaggy Bobbed Hair
Hair,M34370,3,34373,Yellow Shaggy Bobbed Hair
Hair,M34370,4,34374,Green Shaggy Bobbed Hair
Hair,M34370,5,34375,Blue Shaggy Bobbed Hair
Hair,M34370,6,34376,Purple Shaggy Bobbed Hair
Hair,M34370,7,34377,Brown Shaggy Bobbed Hair
Hair,M34380,0,34380,Black Princess Rococo Hair
Hair,M34380,1,34381,Red Princess Rococo Hair
Hair,M34380,2,34382,Orange Princess Rococo Hair
Hair,M34380,3,34383,Blonde Princess Rococo Hair
Hair,M34380,4,34384,Green Princess Rococo Hair
Hair,M34380,5,34385,Blue Princess Rococo Hair
Hair,M34380,6,34386,Purple Princess Rococo Hair
Hair,M34380,7,34387,Brown Princess Rococo Hair
Hair,M34400,0,34400,Black Front Braid Hair
Hair,M34400,1,34401,Red Front Braid Hair
Hair,M34400,2,34402,Orange Front Braid Hair
Hair,M34400,3,34403,Blonde Front Braid Hair
Hair,M34400,4,34404,Green Front Braid Hair
Hair,M34400,5,34405,Blue Front Braid Hair
Hair,M34400,6,34406,Purple Front Braid Hair
Hair,M34400,7,34407,Brown Front Braid Hair
Hair,M34410,0,34410,Pitch Black Demon Hair
Hair,M34410,1,34411,Demon Hair 
Hair,M34410,2,34412,Blaze Demon Hair
Hair,M34410,3,34413,Shock Demon Hair
Hair,M34410,4,34414,Ecto Demon Hair
Hair,M34410,5,34415,Midnight Demon Hair
Hair,M34410,6,34416,Violet Demon Hair
Hair,M34410,7,34417,Ash Demonic Hair
Hair,M34420,0,34420,Silver Gray Highlights
Hair,M34420,1,34421,Sunset Red Highlights
Hair,M34420,2,34422,Orange Highlights
Hair,M34420,3,34423,Blonde Highlights
Hair,M34420,4,34424,Light Green Highlights
Hair,M34420,5,34425,Sky Blue Highlights
Hair,M34420,6,34426,Violet Highlights
Hair,M34420,7,34427,Golden Brown Highlights
Hair,M34430,0,34430,Black Lovely Spring
Hair,M34430,1,34431,Red Lovely Spring
Hair,M34430,2,34432,Orange Lovely Spring
Hair,M34430,3,34433,Blonde Lovely Spring
Hair,M34430,4,34434,Green Lovely Spring
Hair,M34430,5,34435,Blue Lovely Spring
Hair,M34430,6,34436,Purple Lovely Spring
Hair,M34430,7,34437,Brown Lovely Spring
Hair,M34440,0,34440,White Romantic Perm Hair
Hair,M34440,1,34441,Red Romantic Perm Hair
Hair,M34440,2,34442,Orange Romantic Perm Hair
Hair,M34440,3,34443,Yellow Romantic Perm Hair
Hair,M34440,4,34444,Green Romantic Perm Hair
Hair,M34440,5,34445,Blue Romantic Perm Hair
Hair,M34440,6,34446,Purple Romantic Perm Hair
Hair,M34440,7,34447,Brown Romantic Perm Hair
Hair,M34450,0,34450,Black Cat Ears Hair
Hair,M34450,1,34451,Red Cat Ears Hair
Hair,M34450,2,34452,Orange Cat Ears Hair
Hair,M34450,3,34453,Blonde Cat Ears Hair
Hair,M34450,4,34454,Green Cat Ears Hair
Hair,M34450,5,34455,Blue Cat Ears Hair
Hair,M34450,6,34456,Purple Cat Ears Hair
Hair,M34450,7,34457,Brown Cat Ears Hair
Hair,M34470,0,34470,Black Wild Child Tied Hair
Hair,M34470,1,34471,Red Wild Child Tied Hair
Hair,M34470,2,34472,Orange Wild Child Tied Hair
Hair,M34470,3,34473,Yellow Wild Child Tied Hair
Hair,M34470,4,34474,Green Wild Child Tied Hair
Hair,M34470,5,34475,Blue Wild Child Tied Hair
Hair,M34470,6,34476,Purple Wild Child Tied Hair
Hair,M34470,7,34477,Brown Wild Child Tied Hair
Hair,M34480,0,34480,Black Lovely Tangles Hair
Hair,M34480,1,34481,Red Lovely Tangles Hair
Hair,M34480,2,34482,Orange Lovely Tangles Hair
Hair,M34480,3,34483,Yellow Lovely Tangles Hair
Hair,M34480,4,34484,Green Lovely Tangles Hair
Hair,M34480,5,34485,Blue Lovely Tangles Hair
Hair,M34480,6,34486,Purple Lovely Tangles Hair
Hair,M34480,7,34487,Brown Lovely Tangles Hair
Hair,M34490,0,34490,Black Wavy Bob
Hair,M34490,1,34491,Red Wavy Bob
Hair,M34490,2,34492,Orange Wavy Bob
Hair,M34490,3,34493,Yellow Wavy Bob
Hair,M34490,4,34494,Green Wavy Bob
Hair,M34490,5,34495,Blue Wavy Bob
Hair,M34490,6,34496,Purple Wavy Bob
Hair,M34490,7,34497,Brown Wavy Bob
Hair,M34510,0,34510,Black Wavy Layers
Hair,M34510,1,34511,Red Wavy Layers
Hair,M34510,2,34512,Orange Wavy Layers
Hair,M34510,3,34513,Blonde Wavy Layers
Hair,M34510,4,34514,Green Wavy Layers
Hair,M34510,5,34515,Blue Wavy Layers
Hair,M34510,6,34516,Purple Wavy Layers
Hair,M34510,7,34517,Brown Wavy Layers
Hair,M34540,0,34540,Black Crop Hair
Hair,M34540,1,34541,Red Crop Hair
Hair,M34540,2,34542,Orange Crop Hair
Hair,M34540,3,34543,Yellow Crop Hair
Hair,M34540,4,34544,Green Crop Hair
Hair,M34540,5,34545,Blue Crop Hair
Hair,M34540,6,34546,Purple Crop Hair
Hair,M34540,7,34547,Brown Crop Hair
Hair,M34560,0,34560,Black Wild Windswept Hair
Hair,M34560,1,34561,Red Wild Windswept Hair
Hair,M34560,2,34562,Orange Wild Windswept Hair
Hair,M34560,3,34563,Yellow Wild Windswept Hair
Hair,M34560,4,34564,Green Wild Windswept Hair
Hair,M34560,5,34565,Blue Wild Windswept Hair
Hair,M34560,6,34566,Purple Wild Windswept Hair
Hair,M34560,7,34567,Brown Wild Windswept Hair
Hair,M34580,0,34580,Black Fancy Side Buns Hair
Hair,M34580,1,34581,Red Fancy Side Buns Hair
Hair,M34580,2,34582,Orange Fancy Side Buns Hair
Hair,M34580,3,34583,Blonde Fancy Side Buns Hair
Hair,M34580,4,34584,Green Fancy Side Buns Hair
Hair,M34580,5,34585,Blue Fancy Side Buns Hair
Hair,M34580,6,34586,Purple Fancy Side Buns Hair
Hair,M34580,7,34587,Brown Fancy Side Buns Hair
Hair,M34590,0,34590,Black Short Double Ponytails
Hair,M34590,1,34591,Red Short Double Ponytails
Hair,M34590,2,34592,Orange Short Double Ponytails
Hair,M34590,3,34593,Blonde Short Double Ponytails
Hair,M34590,4,34594,Green Short Double Ponytails
Hair,M34590,5,34595,Blue Short Double Ponytails
Hair,M34590,6,34596,Purple Short Double Ponytails
Hair,M34590,7,34597,Brown Short Double Ponytails
Hair,M34600,0,34600,Black Starling Hair
Hair,M34600,1,34601,Red Starling Hair
Hair,M34600,2,34602,Orange Starling Hair
Hair,M34600,3,34603,Blonde Starling Hair
Hair,M34600,4,34604,Green Starling Hair
Hair,M34600,5,34605,Blue Starling Hair
Hair,M34600,6,34606,Purple Starling Hair
Hair,M34600,7,34607,Brown Starling Hair
Hair,M34610,0,34610,Black Luscious Locks
Hair,M34610,1,34611,Red Luscious Locks
Hair,M34610,2,34612,Orange Luscious Locks
Hair,M34610,3,34613,Yellow Luscious Locks
Hair,M34610,4,34614,Green Luscious Locks
Hair,M34610,5,34615,Blue Luscious Locks
Hair,M34610,6,34616,Purple Luscious Locks
Hair,M34610,7,34617,Brown Luscious Locks
Hair,M34620,0,34620,Black Sugar Bubble Hair
Hair,M34620,1,34621,Red Sugar Bubble Hair
Hair,M34620,2,34622,Orange Sugar Bubble Hair
Hair,M34620,3,34623,Blonde Sugar Bubble Hair
Hair,M34620,4,34624,Green Sugar Bubble Hair
Hair,M34620,5,34625,Blue Sugar Bubble Hair
Hair,M34620,6,34626,Purple Sugar Bubble Hair
Hair,M34620,7,34627,Brown Sugar Bubble Hair
Hair,M34630,0,34630,Black Gorgeous Queen Hair
Hair,M34630,1,34631,Red Gorgeous Queen Hair
Hair,M34630,2,34632,Orange Gorgeous Queen Hair
Hair,M34630,3,34633,Blonde Gorgeous Queen Hair
Hair,M34630,4,34634,Green Gorgeous Queen Hair
Hair,M34630,5,34635,Blue Gorgeous Queen Hair
Hair,M34630,6,34636,Purple Gorgeous Queen Hair
Hair,M34630,7,34637,Brown Gorgeous Queen Hair
Hair,M34640,0,34640,Black Cute Tied Bun Hair
Hair,M34640,1,34641,Red Cute Tied Bun Hair
Hair,M34640,2,34642,Orange Cute Tied Bun Hair
Hair,M34640,3,34643,Yellow Cute Tied Bun Hair
Hair,M34640,4,34644,Green Cute Tied Bun Hair
Hair,M34640,5,34645,Blue Cute Tied Bun Hair
Hair,M34640,6,34646,Purple Cute Tied Bun Hair
Hair,M34640,7,34647,Brown Cute Tied Bun Hair
Hair,M34650,0,34650,Black Charming Chinese Hair
Hair,M34650,1,34651,Red Charming Chinese Hair
Hair,M34650,2,34652,Orange Charming Chinese Hair
Hair,M34650,3,34653,Blonde Charming Chinese Hair
Hair,M34650,4,34654,Green Charming Chinese Hair
Hair,M34650,5,34655,Blue Charming Chinese Hair
Hair,M34650,6,34656,Purple Charming Chinese Hair
Hair,M34650,7,34657,Brown Charming Chinese Hair
Hair,M34660,0,34660,Black Bunny Buns
Hair,M34660,1,34661,Red Bunny Buns
Hair,M34660,2,34662,Orange Bunny Buns
Hair,M34660,3,34663,Blonde Bunny Buns
Hair,M34660,4,34664,Green Bunny Buns
Hair,M34660,5,34665,Blue Bunny Buns
Hair,M34660,6,34666,Purple Bunny Buns
Hair,M34660,7,34667,Brown Bunny Buns
Hair,M34670,0,34670,Black Side Ponytail
Hair,M34670,1,34671,Red Side Ponytail
Hair,M34670,2,34672,Orange Side Ponytail
Hair,M34670,3,34673,Blonde Side Ponytail
Hair,M34670,4,34674,Green Side Ponytail
Hair,M34670,5,34675,Blue Side Ponytail
Hair,M34670,6,34676,Purple Side Ponytail
Hair,M34670,7,34677,Brown Side Ponytail
Hair,M34680,0,34680,Black Funky Disco Hair
Hair,M34680,1,34681,Red Funky Disco Hair
Hair,M34680,2,34682,Orange Funky Disco Hair
Hair,M34680,3,34683,Blonde Funky Disco Hair
Hair,M34680,4,34684,Green Funky Disco Hair
Hair,M34680,5,34685,Blue Funky Disco Hair
Hair,M34680,6,34686,Purple Funky Disco Hair
Hair,M34680,7,34687,Brown Funky Disco Hair
Hair,M34690,0,34690,Black Coco Tresses
Hair,M34690,1,34691,Red Coco Tresses
Hair,M34690,2,34692,Orange Coco Tresses
Hair,M34690,3,34693,Blonde Coco Tresses
Hair,M34690,4,34694,Green Coco Tresses
Hair,M34690,5,34695,Blue Coco Tresses
Hair,M34690,6,34696,Purple Coco Tresses
Hair,M34690,7,34697,Brown Coco Tresses
Hair,M34700,0,34700,Black I-Like-It-Short Hair
Hair,M34700,1,34701,Red I-Like-It-Short Hair
Hair,M34700,2,34702,Orange I-Like-It-Short Hair
Hair,M34700,3,34703,Yellow I-Like-It-Short Hair
Hair,M34700,4,34704,Green I-Like-It-Short Hair
Hair,M34700,5,34705,Blue I-Like-It-Short Hair
Hair,M34700,6,34706,Purple I-Like-It-Short Hair
Hair,M34700,7,34707,Brown I-Like-It-Short Hair
Hair,M34710,0,34710,Black Antennae-For-Girls
Hair,M34710,1,34711,Red Antennae-For-Girls
Hair,M34710,2,34712,Orange Antennae-For-Girls
Hair,M34710,3,34713,Yellow Antennae-For-Girls
Hair,M34710,4,34714,Green Antennae-For-Girls
Hair,M34710,5,34715,Blue Antennae-For-Girls
Hair,M34710,6,34716,Purple Antennae-For-Girls
Hair,M34710,7,34717,Brown Antennae-For-Girls
Hair,M34720,0,34720,Black Fluffy Pigtails
Hair,M34720,1,34721,Red Fluffy Pigtails
Hair,M34720,2,34722,Orange Fluffy Pigtails
Hair,M34720,3,34723,Blonde Fluffy Pigtails
Hair,M34720,4,34724,Green Fluffy Pigtails
Hair,M34720,5,34725,Blue Fluffy Pigtails
Hair,M34720,6,34726,Purple Fluffy Pigtails
Hair,M34720,7,34727,Brown Fluffy Pigtails
Hair,M34730,0,34730,Black Voluminous Wave
Hair,M34730,1,34731,Red Voluminous Wave
Hair,M34730,2,34732,Orange Voluminous Wave
Hair,M34730,3,34733,Yellow Voluminous Wave
Hair,M34730,4,34734,Green Voluminous Wave
Hair,M34730,5,34735,Blue Voluminous Wave
Hair,M34730,6,34736,Purple Voluminous Wave
Hair,M34730,7,34737,Brown Voluminous Wave
Hair,M34740,0,34740,Black Chevalier Hair
Hair,M34740,1,34741,Red Chevalier Hair
Hair,M34740,2,34742,Orange Chevalier Hair
Hair,M34740,3,34743,Yellow Chevalier Hair
Hair,M34740,4,34744,Green Chevalier Hair
Hair,M34740,5,34745,Blue Chevalier Hair
Hair,M34740,6,34746,Purple Chevalier Hair
Hair,M34740,7,34747,Brown Chevalier Hair
Hair,M34750,0,34750,Black Ponytail-to-the-Side
Hair,M34750,1,34751,Red Ponytail-to-the-Side
Hair,M34750,2,34752,Orange Ponytail-to-the-Side
Hair,M34750,3,34753,Yellow Ponytail-to-the-Side
Hair,M34750,4,34754,Green Ponytail-to-the-Side
Hair,M34750,5,34755,Blue Ponytail-to-the-Side
Hair,M34750,6,34756,Purple Ponytail-to-the-Side
Hair,M34750,7,34757,Brown Ponytail-to-the-Side
Hair,M34760,0,34760,Black Sweetie Pie Hair
Hair,M34760,1,34761,Red Sweetie Pie Hair
Hair,M34760,2,34762,Orange Sweetie Pie Hair
Hair,M34760,3,34763,Blonde Sweetie Pie Hair
Hair,M34760,4,34764,Green Sweetie Pie Hair
Hair,M34760,5,34765,Blue Sweetie Pie Hair
Hair,M34760,6,34766,Purple Sweetie Pie Hair
Hair,M34760,7,34767,Brown Sweetie Pie Hair
Hair,M34770,0,34770,Black Aria Hair
Hair,M34770,1,34771,Red Aria Hair
Hair,M34770,2,34772,Orange Aria Hair
Hair,M34770,3,34773,Yellow Aria Hair
Hair,M34770,4,34774,Green Aria Hair
Hair,M34770,5,34775,Blue Aria Hair
Hair,M34770,6,34776,Purple Aria Hair
Hair,M34770,7,34777,Brown Aria Hair
Hair,M34780,0,34780,Black Glamor Hair
Hair,M34780,1,34781,Red Glamor Hair
Hair,M34780,2,34782,Orange Glamor Hair
Hair,M34780,3,34783,Blonde Glamor Hair
Hair,M34780,4,34784,Green Glamor Hair
Hair,M34780,5,34785,Blue Glamor Hair
Hair,M34780,6,34786,Purple Glamor Hair
Hair,M34780,7,34787,Brown Glamor Hair
Hair,M34790,0,34790,Black Spring Waltz Hair
Hair,M34790,1,34791,Red Spring Waltz Hair
Hair,M34790,2,34792,Orange Spring Waltz Hair
Hair,M34790,3,34793,Yellow Spring Waltz Hair
Hair,M34790,4,34794,Green Spring Waltz Hair
Hair,M34790,5,34795,Blue Spring Waltz Hair
Hair,M34790,6,34796,Purple Spring Waltz Hair
Hair,M34790,7,34797,Brown Spring Waltz Hair
Hair,M34800,0,34800,Black Sweet Princess Hair
Hair,M34800,1,34801,Red Sweet Princess Hair
Hair,M34800,2,34802,Orange Sweet Princess Hair
Hair,M34800,3,34803,Blonde Sweet Princess Hair
Hair,M34800,4,34804,Green Sweet Princess Hair
Hair,M34800,5,34805,Blue Sweet Princess Hair
Hair,M34800,6,34806,Purple Sweet Princess Hair
Hair,M34800,7,34807,Brown Sweet Princess Hair
Hair,M34810,0,34810,Blade-sharpened Hair
Hair,M34810,1,34811,Blade-sharpened Hair
Hair,M34810,2,34812,Blade-sharpened Hair
Hair,M34810,3,34813,Blade-sharpened Hair
Hair,M34810,4,34814,Blade-sharpened Hair
Hair,M34810,5,34815,Blade-sharpened Hair
Hair,M34810,6,34816,Blade-sharpened Hair
Hair,M34810,7,34817,Blade-sharpened Hair
Hair,M34820,0,34820,Lady Syl Hair
Hair,M34820,1,34821,Lady Syl Hair
Hair,M34820,2,34822,Lady Syl Hair
Hair,M34820,3,34823,Lady Syl Hair
Hair,M34820,4,34824,Lady Syl Hair
Hair,M34820,5,34825,Lady Syl Hair
Hair,M34820,6,34826,Lady Syl Hair
Hair,M34820,7,34827,Lady Syl Hair
Hair,M34830,0,34830,Black Nymph Hair
Hair,M34830,1,34831,Red Nymph Hair
Hair,M34830,2,34832,Orange Nymph Hair
Hair,M34830,3,34833,Blonde Nymph Hair
Hair,M34830,4,34834,Green Nymph Hair
Hair,M34830,5,34835,Blue Nymph Hair
Hair,M34830,6,34836,Purple Nymph Hair
Hair,M34830,7,34837,Brown Nymph Hair
Hair,M34840,0,34840,Black Siren Hair
Hair,M34840,1,34841,Red Siren Hair
Hair,M34840,2,34842,Orange Siren Hair
Hair,M34840,3,34843,Blonde Siren Hair
Hair,M34840,4,34844,Green Siren Hair
Hair,M34840,5,34845,Blue Siren Hair
Hair,M34840,6,34846,Purple Siren Hair
Hair,M34840,7,34847,Brown Siren Hair
Hair,M34850,0,34850,Black Double Hoop Hair
Hair,M34850,1,34851,Red Double Hoop Hair
Hair,M34850,2,34852,Orange Double Hoop Hair
Hair,M34850,3,34853,Blonde Double Hoop Hair
Hair,M34850,4,34854,Green Double Hoop Hair
Hair,M34850,5,34855,Blue Double Hoop Hair
Hair,M34850,6,34856,Purple Double Hoop Hair
Hair,M34850,7,34857,Brown Double Hoop Hair
Hair,M34860,0,34860,Black Moonlight Fairy Hair
Hair,M34860,1,34861,Red Moonlight Fairy Hair
Hair,M34860,2,34862,Orange Moonlight Fairy Hair
Hair,M34860,3,34863,Blonde Moonlight Fairy Hair
Hair,M34860,4,34864,Green Moonlight Fairy Hair
Hair,M34860,5,34865,Blue Moonlight Fairy Hair
Hair,M34860,6,34866,Purple Moonlight Fairy Hair
Hair,M34860,7,34867,Brown Moonlight Fairy Hair
Hair,M34870,0,34870,Black Wavy Pigtails Hair
Hair,M34870,1,34871,Red Wavy Pigtails Hair
Hair,M34870,2,34872,Orange Wavy Pigtails Hair
Hair,M34870,3,34873,Blonde Wavy Pigtails Hair
Hair,M34870,4,34874,Green Wavy Pigtails Hair
Hair,M34870,5,34875,Blue Wavy Pigtails Hair
Hair,M34870,6,34876,Purple Wavy Pigtails Hair
Hair,M34870,7,34877,Brown Wavy Pigtails Hair
Hair,M34880,0,34880,Black Spring Ribbon Hair
Hair,M34880,1,34881,Red Spring Ribbon Hair
Hair,M34880,2,34882,Orange Spring Ribbon Hair
Hair,M34880,3,34883,Blonde Spring Ribbon Hair
Hair,M34880,4,34884,Green Spring Ribbon Hair
Hair,M34880,5,34885,Blue Spring Ribbon Hair
Hair,M34880,6,34886,Purple Spring Ribbon Hair
Hair,M34880,7,34887,Brown Spring Ribbon Hair
Hair,M34890,0,34890,Black Princess Hair
Hair,M34890,1,34891,Red Princess Hair
Hair,M34890,2,34892,Orange Princess Hair
Hair,M34890,3,34893,Blonde Princess Hair
Hair,M34890,4,34894,Green Princess Hair
Hair,M34890,5,34895,Blue Princess Hair
Hair,M34890,6,34896,Purple Princess Hair
Hair,M34890,7,34897,Brown Princess Hair
Hair,M34900,0,34900,Black Leaf Goddess Hair
Hair,M34900,1,34901,Red Leaf Goddess Hair
Hair,M34900,2,34902,Orange Leaf Goddess Hair
Hair,M34900,3,34903,Blonde Leaf Goddess Hair
Hair,M34900,4,34904,Green Leaf Goddess Hair
Hair,M34900,5,34905,Blue Leaf Goddess Hair
Hair,M34900,6,34906,Purple Leaf Goddess Hair
Hair,M34900,7,34907,Brown Leaf Goddess Hair
Hair,M34910,0,34910,Black Squeaky Clean Hair
Hair,M34910,1,34911,Red Squeaky Clean Hair
Hair,M34910,2,34912,Orange Squeaky Clean Hair
Hair,M34910,3,34913,Blonde Squeaky Clean Hair
Hair,M34910,4,34914,Green Squeaky Clean Hair
Hair,M34910,5,34915,Blue Squeaky Clean Hair
Hair,M34910,6,34916,Purple Squeaky Clean Hair
Hair,M34910,7,34917,Brown Squeaky Clean Hair
Hair,M34940,0,34940,Black Cygnus Hair
Hair,M34940,1,34941,Red Cygnus Hair
Hair,M34940,2,34942,Orange Cygnus Hair
Hair,M34940,3,34943,Blonde Cygnus Hair
Hair,M34940,4,34944,Green Cygnus Hair
Hair,M34940,5,34945,Blue Cygnus Hair
Hair,M34940,6,34946,Purple Cygnus Hair
Hair,M34940,7,34947,Brown Cygnus Hair
Hair,M34950,0,34950,Black Irena Hair
Hair,M34950,1,34951,Red Irena Hair
Hair,M34950,2,34952,Orange Irena Hair
Hair,M34950,3,34953,Blonde Irena Hair
Hair,M34950,4,34954,Green Irena Hair
Hair,M34950,5,34955,Blue Irena Hair
Hair,M34950,6,34956,Purple Irena Hair
Hair,M34950,7,34957,Brown Irena Hair
Hair,M34960,0,34960,Black Danika Hair
Hair,M34960,1,34961,Red Danika Hair
Hair,M34960,2,34962,Orange Danika Hair
Hair,M34960,3,34963,Blonde Danika Hair
Hair,M34960,4,34964,Green Danika Hair
Hair,M34960,5,34965,Blue Danika Hair
Hair,M34960,6,34966,Purple Danika Hair
Hair,M34960,7,34967,Brown Danika Hair
Hair,M34970,0,34970,Black Uptown Hair
Hair,M34970,1,34971,Red Uptown Hair
Hair,M34970,2,34972,Orange Uptown Hair
Hair,M34970,3,34973,Blonde Uptown Hair
Hair,M34970,4,34974,Green Uptown Hair
Hair,M34970,5,34975,Blue Uptown Hair
Hair,M34970,6,34976,Purple Uptown Hair
Hair,M34970,7,34977,Brown Uptown Hair
Hair,M34980,0,34980,Black Female Jett Hair
Hair,M34980,1,34981,Red Female Jett Hair
Hair,M34980,2,34982,Orange Female Jett Hair
Hair,M34980,3,34983,Yellow Female Jett Hair
Hair,M34980,4,34984,Green Female Jett Hair
Hair,M34980,5,34985,Blue Female Jett Hair
Hair,M34980,6,34986,Purple Female Jett Hair
Hair,M34980,7,34987,Brown Female Jett Hair
Hair,M34990,0,34990,Black Budokan Hairstyle
Hair,M34990,1,34991,Red Budokan Hairstyle
Hair,M34990,2,34992,Orange Budokan Hairstyle
Hair,M34990,3,34993,Yellow Budokan Hairstyle
Hair,M34990,4,34994,Green Budokan Hairstyle
Hair,M34990,5,34995,Blue Budokan Hairstyle
Hair,M34990,6,34996,Purple Budokan Hairstyle
Hair,M34990,7,34997,Brown Budokan Hairstyle
Hair,M35000,0,35000,Black Bang-up Hair
Hair,M35000,1,35001,Red Bang-up Hair
Hair,M35000,2,35002,Orange Bang-up Hair
Hair,M35000,3,35003,Blonde Bang-up Hair
Hair,M35000,4,35004,Green Bang-up Hair
Hair,M35000,5,35005,Blue Bang-up Hair
Hair,M35000,6,35006,Purple Bang-up Hair
Hair,M35000,7,35007,Brown Bang-up Hair
Hair,M35010,0,35010,Black Oliver Hair
Hair,M35010,1,35011,Red Oliver Hair
Hair,M35010,2,35012,Orange Oliver Hair
Hair,M35010,3,35013,Yellow Oliver Hair
Hair,M35010,4,35014,Green Oliver Hair
Hair,M35010,5,35015,Blue Oliver Hair
Hair,M35010,6,35016,Purple Oliver Hair
Hair,M35010,7,35017,Brown Oliver Hair
Hair,M35020,0,35020,Black Let-it-be Hair
Hair,M35020,1,35021,Red Let-it-be Hair
Hair,M35020,2,35022,Orange Let-it-be Hair
Hair,M35020,3,35023,Yellow Let-it-be Hair
Hair,M35020,4,35024,Green Let-it-be Hair
Hair,M35020,5,35025,Blue Let-it-be Hair
Hair,M35020,6,35026,Purple Let-it-be Hair
Hair,M35020,7,35027,Brown Let-it-be Hair
Hair,M35030,0,35030,Black Cool Hair
Hair,M35030,1,35031,Red Cool Hair
Hair,M35030,2,35032,Orange Cool Hair
Hair,M35030,3,35033,Yellow Cool Hair
Hair,M35030,4,35034,Green Cool Hair
Hair,M35030,5,35035,Blue Cool Hair
Hair,M35030,6,35036,Purple Cool Hair
Hair,M35030,7,35037,Brown Cool Hair
Hair,M35040,0,35040,Black Rock Band Hair
Hair,M35040,1,35041,Red Rock Band Hair
Hair,M35040,2,35042,Orange Rock Band Hair
Hair,M35040,3,35043,Yellow Rock Band Hair
Hair,M35040,4,35044,Green Rock Band Hair
Hair,M35040,5,35045,Blue Rock Band Hair
Hair,M35040,6,35046,Purple Rock Band Hair
Hair,M35040,7,35047,Brown Rock Band Hair
Hair,M35050,0,35050,Black Hurricane Hair
Hair,M35050,1,35051,Red Hurricane Hair
Hair,M35050,2,35052,Orange Hurricane Hair
Hair,M35050,3,35053,Blonde Hurricane Hair
Hair,M35050,4,35054,Green Hurricane Hair
Hair,M35050,5,35055,Blue Hurricane Hair
Hair,M35050,6,35056,Purple Hurricane Hair
Hair,M35050,7,35057,Brown Hurricane Hair
Hair,M35060,0,35060,Black Barista Hair
Hair,M35060,1,35061,Red Barista Hair
Hair,M35060,2,35062,Orange Barista Hair
Hair,M35060,3,35063,Yellow Barista Hair
Hair,M35060,4,35064,Green Barista Hair
Hair,M35060,5,35065,Blue Barista Hair
Hair,M35060,6,35066,Purple Barista Hair
Hair,M35060,7,35067,Brown Barista Hair
Hair,M35070,0,35070,Black Kong Hair
Hair,M35070,1,35071,Red Kong Hair
Hair,M35070,2,35072,Orange Kong Hair
Hair,M35070,3,35073,Yellow Kong Hair
Hair,M35070,4,35074,Green Kong Hair
Hair,M35070,5,35075,Blue Kong Hair
Hair,M35070,6,35076,Purple Kong Hair
Hair,M35070,7,35077,Brown Kong Hair
Hair,M35080,0,35080,Black Pony Boy Hair
Hair,M35080,1,35081,Red Pony Boy Hair
Hair,M35080,2,35082,Orange Pony Boy Hair
Hair,M35080,3,35083,Yellow Pony Boy Hair
Hair,M35080,4,35084,Green Pony Boy Hair
Hair,M35080,5,35085,Blue Pony Boy Hair
Hair,M35080,6,35086,Purple Pony Boy Hair
Hair,M35080,7,35087,Brown Pony Boy Hair
Hair,M35090,0,35090,White Snow Hair
Hair,M35090,1,35091,Red Snow Hair
Hair,M35090,2,35092,Orange Snow Hair
Hair,M35090,3,35093,Yellow Snow Hair
Hair,M35090,4,35094,Green Snow Hair
Hair,M35090,5,35095,Blue Snow Hair
Hair,M35090,6,35096,Purple Snow Hair
Hair,M35090,7,35097,Brown Snow Hair
Hair,M35100,0,35100,Black Waning Moon Hair
Hair,M35100,1,35101,Red Waning Moon Hair
Hair,M35100,2,35102,Orange Waning Moon Hair
Hair,M35100,3,35103,Yellow Waning Moon Hair
Hair,M35100,4,35104,Green Waning Moon Hair
Hair,M35100,5,35105,Blue Waning Moon Hair
Hair,M35100,6,35106,Purple Waning Moon Hair
Hair,M35100,7,35107,Brown Waning Moon Hair
Hair,M35110,0,35110,Black Samurai Ponytail
Hair,M35110,1,35111,Red Samurai Ponytail
Hair,M35110,2,35112,Orange Samurai Ponytail
Hair,M35110,3,35113,Blonde Samurai Ponytail
Hair,M35110,4,35114,Green Samurai Ponytail
Hair,M35110,5,35115,Blue Samurai Ponytail
Hair,M35110,6,35116,Purple Samurai Ponytail
Hair,M35110,7,35117,Brown Samurai Ponytail
Hair,M35120,0,35120,Black Princely Bob Hair
Hair,M35120,1,35121,Red Princely Bob Hair
Hair,M35120,2,35122,Orange Princely Bob Hair
Hair,M35120,3,35123,Blonde Princely Bob Hair
Hair,M35120,4,35124,Green Princely Bob Hair
Hair,M35120,5,35125,Blue Princely Bob Hair
Hair,M35120,6,35126,Purple Princely Bob Hair
Hair,M35120,7,35127,Brown Princely Bob Hair
Hair,M35130,0,35130,Black Sharp Cut
Hair,M35130,1,35131,Red Sharp Cut
Hair,M35130,2,35132,Orange Sharp Cut
Hair,M35130,3,35133,Blonde Sharp Cut
Hair,M35130,4,35134,Green Sharp Cut
Hair,M35130,5,35135,Blue Sharp Cut
Hair,M35130,6,35136,Purple Sharp Cut
Hair,M35130,7,35137,Brown Sharp Cut
Hair,M35140,0,35140,Black Mega Layered Hair
Hair,M35140,1,35141,Red Mega Layered Hair
Hair,M35140,2,35142,White Mega Layered Hair
Hair,M35140,3,35143,Blonde Mega Layered Hair
Hair,M35140,4,35144,Green Mega Layered Hair
Hair,M35140,5,35145,Blue Mega Layered Hair
Hair,M35140,6,35146,Purple Mega Layered Hair
Hair,M35140,7,35147,Brown Mega Layered Hair
Hair,M35150,0,35150,Black Power Edge Hair
Hair,M35150,1,35151,Red Power Edge Hair
Hair,M35150,2,35152,Orange Power Edge Hair
Hair,M35150,3,35153,Yellow Power Edge Hair
Hair,M35150,4,35154,Green Power Edge Hair
Hair,M35150,5,35155,Blue Power Edge Hair
Hair,M35150,6,35156,Purple Power Edge Hair
Hair,M35150,7,35157,Brown Power Edge Hair
Hair,M35160,0,35160,Beast Tamer Male Hair 1 (Black)
Hair,M35160,1,35161,Beast Tamer Male Hair 1 (Red)
Hair,M35160,2,35162,Beast Tamer Male Hair 1 (Orange)
Hair,M35160,3,35163,Beast Tamer Male Hair 1 (Blonde)
Hair,M35160,4,35164,Beast Tamer Male Hair 1 (Green)
Hair,M35160,5,35165,Beast Tamer Male Hair 1 (Blue)
Hair,M35160,6,35166,Beast Tamer Male Hair 1 (Purple)
Hair,M35160,7,35167,Country Perm Hair
Hair,M35170,0,35170,Beast Tamer Male Hair 2 (Black)
Hair,M35170,1,35171,Beast Tamer Male Hair 2 (Red)
Hair,M35170,2,35172,Beast Tamer Male Hair 2 (Orange)
Hair,M35170,3,35173,Beast Tamer Male Hair 2 (Blonde)
Hair,M35170,4,35174,Beast Tamer Male Hair 2 (Green)
Hair,M35170,5,35175,Beast Tamer Male Hair 2 (Blue)
Hair,M35170,6,35176,Beast Tamer Male Hair 2 (Purple)
Hair,M35170,7,35177,Cute Apple Hair
Hair,M35180,0,35180,Black Victory Rider Hair
Hair,M35180,1,35181,Red Victory Rider Hair
Hair,M35180,2,35182,Orange Victory Rider Hair
Hair,M35180,3,35183,Yellow Victory Rider Hair
Hair,M35180,4,35184,Green Victory Rider Hair
Hair,M35180,5,35185,Blue Victory Rider Hair
Hair,M35180,6,35186,Purple Victory Rider Hair
Hair,M35180,7,35187,Brown Victory Rider Hair
Hair,M35190,0,35190,Black Hoy Hoy Hair
Hair,M35190,1,35191,Red Hoy Hoy Hair
Hair,M35190,2,35192,Orange Hoy Hoy Hair
Hair,M35190,3,35193,Yellow Hoy Hoy Hair
Hair,M35190,4,35194,Green Hoy Hoy Hair
Hair,M35190,5,35195,Blue Hoy Hoy Hair
Hair,M35190,6,35196,Purple Hoy Hoy Hair
Hair,M35190,7,35197,Brown Hoy Hoy Hair
Hair,M35200,0,35200,Black Super Antenna
Hair,M35200,1,35201,Red Super Antenna
Hair,M35200,2,35202,Orange Super Antenna
Hair,M35200,3,35203,Yellow Super Antenna
Hair,M35200,4,35204,Green Super Antenna
Hair,M35200,5,35205,Blue Super Antenna
Hair,M35200,6,35206,Purple Super Antenna
Hair,M35200,7,35207,Brown Super Antenna
Hair,M35210,0,35210,White Peculiar Hair
Hair,M35210,1,35211,Red Peculiar Hair
Hair,M35210,2,35212,Orange Peculiar Hair
Hair,M35210,3,35213,Yellow Peculiar Hair
Hair,M35210,4,35214,Green Peculiar Hair
Hair,M35210,5,35215,Blue Peculiar Hair
Hair,M35210,6,35216,Purple Peculiar Hair
Hair,M35210,7,35217,Brown Peculiar Hair
Hair,M35220,0,35220,Black Flare Hair
Hair,M35220,1,35221,Red Flare Hair
Hair,M35220,2,35222,Orange Flare Hair
Hair,M35220,3,35223,Blonde Flare Hair
Hair,M35220,4,35224,Green Flare Hair
Hair,M35220,5,35225,Blue Flare Hair
Hair,M35220,6,35226,Purple Flare Hair
Hair,M35220,7,35227,Brown Flare Hair
Hair,M35230,0,35230,Hair 35230
Hair,M35230,1,35231,Hair 35231
Hair,M35230,2,35232,Hair 35232
Hair,M35230,3,35233,Hair 35233
Hair,M35230,4,35234,Hair 35234
Hair,M35230,5,35235,Hair 35235
Hair,M35230,6,35236,Hair 35236
Hair,M35230,7,35237,Hair 35237
Hair,M35240,0,35240,Black Parted Cut Hair
Hair,M35240,1,35241,Red Parted Cut Hair
Hair,M35240,2,35242,Orange Parted Cut Hair
Hair,M35240,3,35243,Blonde Parted Cut Hair
Hair,M35240,4,35244,Green Parted Cut Hair
Hair,M35240,5,35245,Blue Parted Cut Hair
Hair,M35240,6,35246,Purple Parted Cut Hair
Hair,M35240,7,35247,Brown Parted Cut Hair
Hair,M35250,0,35250,Black Lazybones Hair
Hair,M35250,1,35251,Red Lazybones Hair
Hair,M35250,2,35252,Orange Lazybones Hair
Hair,M35250,3,35253,Blonde Lazybones Hair
Hair,M35250,4,35254,Green Lazybones Hair
Hair,M35250,5,35255,Blue Lazybones Hair
Hair,M35250,6,35256,Purple Lazybones Hair
Hair,M35250,7,35257,Brown Lazybones Hair
Hair,M35260,0,35260,Black Rolly Hair
Hair,M35260,1,35261,Red Rolly Hair
Hair,M35260,2,35262,Orange Rolly Hair
Hair,M35260,3,35263,Yellow Rolly Hair
Hair,M35260,4,35264,Green Rolly Hair
Hair,M35260,5,35265,Blue Rolly Hair
Hair,M35260,6,35266,Purple Rolly Hair
Hair,M35260,7,35267,Brown Rolly Hair
Hair,M35270,0,35270,Black Street Flip Hair
Hair,M35270,1,35271,Red Street Flip Hair
Hair,M35270,2,35272,Orange Street Flip Hair
Hair,M35270,3,35273,Blonde Street Flip Hair
Hair,M35270,4,35274,Green Street Flip Hair
Hair,M35270,5,35275,Blue Street Flip Hair
Hair,M35270,6,35276,Purple Street Flip Hair
Hair,M35270,7,35277,Brown Street Flip Hair
Hair,M35280,0,35280,Black Hairspray Hair
Hair,M35280,1,35281,Red Hairspray Hair
Hair,M35280,2,35282,Orange Hairspray Hair
Hair,M35280,3,35283,Yellow Hairspray Hair
Hair,M35280,4,35284,Green Hairspray Hair
Hair,M35280,5,35285,Blue Hairspray Hair
Hair,M35280,6,35286,Purple Hairspray Hair
Hair,M35280,7,35287,Brown Hairspray Hair
Hair,M35290,0,35290,Black Singer Songwriter Hair
Hair,M35290,1,35291,Red Singer Songwriter Hair
Hair,M35290,2,35292,Orange Singer Songwriter Hair
Hair,M35290,3,35293,Yellow Singer Songwriter Hair
Hair,M35290,4,35294,Green Singer Songwriter Hair
Hair,M35290,5,35295,Blue Singer Songwriter Hair
Hair,M35290,6,35296,Purple Singer Songwriter Hair
Hair,M35290,7,35297,Brown Singer Songwriter Hair
Hair,M35300,0,35300,Black Bing Bong Hair
Hair,M35300,1,35301,Red Bing Bong Hair
Hair,M35300,2,35302,Orange Bing Bong Hair
Hair,M35300,3,35303,Yellow Bing Bong Hair
Hair,M35300,4,35304,Green Bing Bong Hair
Hair,M35300,5,35305,Blue Bing Bong Hair
Hair,M35300,6,35306,Purple Bing Bong Hair
Hair,M35300,7,35307,Brown Bing Bong Hair
Hair,M35310,0,35310,[[FROZEN CONTENT]] Black Kristoff Hair
Hair,M35310,1,35311,[[FROZEN CONTENT]] Red Kristoff Hair
Hair,M35310,2,35312,[[FROZEN CONTENT]] Orange Kristoff Hair
Hair,M35310,3,35313,[[FROZEN CONTENT]] Yellow Kristoff Hair
Hair,M35310,4,35314,[[FROZEN CONTENT]] Green Kristoff Hair
Hair,M35310,5,35315,[[FROZEN CONTENT]] Blue Kristoff Hair
Hair,M35310,6,35316,[[FROZEN CONTENT]] Purple Kristoff Hair
Hair,M35310,7,35317,[[FROZEN CONTENT]] Brown Kristoff Hair
Hair,M35330,0,35330,Black Mocha Hair
Hair,M35330,1,35331,Red Mocha Hair
Hair,M35330,2,35332,Orange Mocha Hair
Hair,M35330,3,35333,Yellow Mocha Hair
Hair,M35330,4,35334,Green Mocha Hair
Hair,M35330,5,35335,Blue Mocha Hair
Hair,M35330,6,35336,Purple Mocha Hair
Hair,M35330,7,35337,Brown Mocha Hair
Hair,M35340,0,35340,Black Candy Curl Hair
Hair,M35340,1,35341,Red Candy Curl Hair
Hair,M35340,2,35342,Orange Candy Curl Hair
Hair,M35340,3,35343,Blonde Candy Curl Hair
Hair,M35340,4,35344,Green Candy Curl Hair
Hair,M35340,5,35345,Blue Candy Curl Hair
Hair,M35340,6,35346,Purple Candy Curl Hair
Hair,M35340,7,35347,Brown Candy Curl Hair
Hair,M35350,0,35350,Black Mop Top
Hair,M35350,1,35351,Red Mop Top
Hair,M35350,2,35352,Orange Mop Top
Hair,M35350,3,35353,Blonde Mop Top
Hair,M35350,4,35354,Green Mop Top
Hair,M35350,5,35355,Blue Mop Top
Hair,M35350,6,35356,Purple Mop Top
Hair,M35350,7,35357,Brown Mop Top
Hair,M35360,0,35360,Black Popcorn Hair
Hair,M35360,1,35361,Red Popcorn Hair
Hair,M35360,2,35362,Orange Popcorn Hair
Hair,M35360,3,35363,Yellow Popcorn Hair
Hair,M35360,4,35364,Green Popcorn Hair
Hair,M35360,5,35365,Blue Popcorn Hair
Hair,M35360,6,35366,Purple Popcorn Hair
Hair,M35360,7,35367,Brown Popcorn Hair
Hair,M35370,0,35370,Hair 35370
Hair,M35370,1,35371,Hair 35371
Hair,M35370,2,35372,Hair 35372
Hair,M35370,3,35373,Hair 35373
Hair,M35370,4,35374,Hair 35374
Hair,M35370,5,35375,Hair 35375
Hair,M35370,6,35376,Hair 35376
Hair,M35370,7,35377,Hair 35377
Hair,M35380,0,35380,Hair 35380
Hair,M35380,1,35381,Hair 35381
Hair,M35380,2,35382,Hair 35382
Hair,M35380,3,35383,Hair 35383
Hair,M35380,4,35384,Hair 35384
Hair,M35380,5,35385,Hair 35385
Hair,M35380,6,35386,Hair 35386
Hair,M35380,7,35387,Hair 35387
Hair,M35390,0,35390,Hair 35390
Hair,M35390,1,35391,Hair 35391
Hair,M35390,2,35392,Hair 35392
Hair,M35390,3,35393,Hair 35393
Hair,M35390,4,35394,Hair 35394
Hair,M35390,5,35395,Hair 35395
Hair,M35390,6,35396,Hair 35396
Hair,M35390,7,35397,Hair 35397
Hair,M35410,0,35410,Hair 35410
Hair,M35410,1,35411,Hair 35411
Hair,M35410,2,35412,Hair 35412
Hair,M35410,3,35413,Hair 35413
Hair,M35410,4,35414,Hair 35414
Hair,M35410,5,35415,Hair 35415
Hair,M35410,6,35416,Hair 35416
Hair,M35410,7,35417,Hair 35417
Hair,M35420,0,35420,Black Ice Spray Hair
Hair,M35420,1,35421,Red Ice Spray Hair
Hair,M35420,2,35422,Orange Ice Spray Hair
Hair,M35420,3,35423,Blonde Ice Spray Hair
Hair,M35420,4,35424,Green Ice Spray Hair
Hair,M35420,5,35425,Blue Ice Spray Hair
Hair,M35420,6,35426,Purple Ice Spray Hair
Hair,M35420,7,35427,Brown Ice Spray Hair
Hair,M35430,0,35430,Aqua Hair
Hair,M35430,1,35431,Aqua Hair
Hair,M35430,2,35432,Aqua Hair
Hair,M35430,3,35433,Aqua Hair
Hair,M35430,4,35434,Aqua Hair
Hair,M35430,5,35435,Aqua Hair
Hair,M35430,6,35436,Aqua Hair
Hair,M35430,7,35437,Aqua Hair
Hair,M35440,0,35440,Black Glowy Butterfly Hair
Hair,M35440,1,35441,Red Glowy Butterfly Hair
Hair,M35440,2,35442,Orange Glowy Butterfly Hair
Hair,M35440,3,35443,Blonde Glowy Butterfly Hair
Hair,M35440,4,35444,Green Glow Butterfly Hair
Hair,M35440,5,35445,Blue Glow Butterfly Hair
Hair,M35440,6,35446,Purple Glow Butterfly Hair
Hair,M35440,7,35447,Brown Glowy Butterfly Hair
Hair,M35450,0,35450,Rock God Hair
Hair,M35450,1,35451,Rock God Hair
Hair,M35450,2,35452,Rock God Hair
Hair,M35450,3,35453,Rock God Hair
Hair,M35450,4,35454,Rock God Hair
Hair,M35450,5,35455,Rock God Hair
Hair,M35450,6,35456,Rock God Hair
Hair,M35450,7,35457,Rock God Hair
Hair,M35460,0,35460,Black Choice Hair
Hair,M35460,1,35461,Red Choice Hair
Hair,M35460,2,35462,Orange Choice Hair
Hair,M35460,3,35463,Yellow Choice Hair
Hair,M35460,4,35464,Green Choice Hair
Hair,M35460,5,35465,Blue Choice Hair
Hair,M35460,6,35466,Purple Choice Hair
Hair,M35460,7,35467,Brown Choice Hair
Hair,M35470,0,35470,Black Rock Candy Hair
Hair,M35470,1,35471,Red Rock Candy Hair
Hair,M35470,2,35472,Orange Rock Candy Hair
Hair,M35470,3,35473,Yellow Rock Candy Hair
Hair,M35470,4,35474,Green Rock Candy Hair
Hair,M35470,5,35475,Blue Rock Candy Hair
Hair,M35470,6,35476,Purple Rock Candy Hair
Hair,M35470,7,35477,Brown Rock Candy Hair
Hair,M35490,0,35490,Black Odyssey Hair
Hair,M35490,1,35491,Red Odyssey Hair
Hair,M35490,2,35492,Orange Odyssey Hair
Hair,M35490,3,35493,Yellow Odyssey Hair
Hair,M35490,4,35494,Green Odyssey Hair
Hair,M35490,5,35495,Blue Odyssey Hair
Hair,M35490,6,35496,Purple Odyssey Hair
Hair,M35490,7,35497,Brown Odyssey Hair
Hair,M35500,0,35500,Black Ponytail Hair
Hair,M35500,1,35501,Red Ponytail Hair
Hair,M35500,2,35502,Orange Ponytail Hair
Hair,M35500,3,35503,Yellow Ponytail Hair
Hair,M35500,4,35504,Green Ponytail Hair
Hair,M35500,5,35505,Blue Ponytail Hair
Hair,M35500,6,35506,Purple Ponytail Hair
Hair,M35500,7,35507,Brown Ponytail Hair
Hair,M35510,0,35510,Black Dylan Hair
Hair,M35510,1,35511,Red Dylan Hair
Hair,M35510,2,35512,Orange Dylan Hair
Hair,M35510,3,35513,Yellow Dylan Hair
Hair,M35510,4,35514,Green Dylan Hair
Hair,M35510,5,35515,Blue Dylan Hair
Hair,M35510,6,35516,Purple Dylan Hair
Hair,M35510,7,35517,Brown Dylan Hair
Hair,M35520,0,35520,Black Spiky Hair
Hair,M35520,1,35521,Red Spiky Hair
Hair,M35520,2,35522,Orange Spiky Hair
Hair,M35520,3,35523,Blonde Spiky Hair
Hair,M35520,4,35524,Green Spiky Hair
Hair,M35520,5,35525,Blue Spiky Hair
Hair,M35520,6,35526,Purple Spiky Hair
Hair,M35520,7,35527,Brown Spiky Hair
Hair,M35530,0,35530,Black Impact Hair
Hair,M35530,1,35531,Red Impact Hair
Hair,M35530,2,35532,Orange Impact Hair
Hair,M35530,3,35533,Blonde Impact Hair
Hair,M35530,4,35534,Green Impact Hair
Hair,M35530,5,35535,Blue Impact Hair
Hair,M35530,6,35536,Purple Impact Hair
Hair,M35530,7,35537,Brown Impact Hair
Hair,M35540,0,35540,Black Tender Short Hair
Hair,M35540,1,35541,Red Tender Short Hair
Hair,M35540,2,35542,Orange Tender Short Hair
Hair,M35540,3,35543,Blonde Tender Short Hair
Hair,M35540,4,35544,Green Tender Short Hair
Hair,M35540,5,35545,Blue Tender Short Hair
Hair,M35540,6,35546,Purple Tender Short Hair
Hair,M35540,7,35547,Brown Tender Short Hair
Hair,M35550,0,35550,Black Doofus Hair
Hair,M35550,1,35551,Red Doofus Hair
Hair,M35550,2,35552,Orange Doofus Hair
Hair,M35550,3,35553,Yellow Doofus Hair
Hair,M35550,4,35554,Green Doofus Hair
Hair,M35550,5,35555,Blue Doofus Hair
Hair,M35550,6,35556,Purple Doofus Hair
Hair,M35550,7,35557,Brown Doofus Hair
Hair,M35560,0,35560,Black Soft-Curl Hair
Hair,M35560,1,35561,Red Soft-Curl Hair
Hair,M35560,2,35562,Orange Soft-Curl Hair
Hair,M35560,3,35563,Yellow Soft-Curl Hair
Hair,M35560,4,35564,Green Soft-Curl Hair
Hair,M35560,5,35565,Blue Soft-Curl Hair
Hair,M35560,6,35566,Purple Soft-Curl Hair
Hair,M35560,7,35567,Brown Soft-Curl Hair
Hair,M35570,0,35570,Black Creamy Hair
Hair,M35570,1,35571,Red Creamy Hair
Hair,M35570,2,35572,Orange Creamy Hair
Hair,M35570,3,35573,Yellow Creamy Hair
Hair,M35570,4,35574,Green Creamy Hair
Hair,M35570,5,35575,Blue Creamy Hair
Hair,M35570,6,35576,Purple Creamy Hair
Hair,M35570,7,35577,Brown Creamy Hair
Hair,M35580,0,35580,Black Singe Hair
Hair,M35580,1,35581,Red Singe Hair
Hair,M35580,2,35582,Orange Singe Hair
Hair,M35580,3,35583,Blonde Singe Hair
Hair,M35580,4,35584,Green Singe Hair
Hair,M35580,5,35585,Blue Singe Hair
Hair,M35580,6,35586,Purple Singe Hair
Hair,M35580,7,35587,Brown Singe Hair
Hair,M35590,0,35590,Black Lightning Bangs
Hair,M35590,1,35591,Red Lightning Bangs
Hair,M35590,2,35592,Orange Lightning Bangs
Hair,M35590,3,35593,Blonde Lightning Bangs
Hair,M35590,4,35594,White Lightning Bangs
Hair,M35590,5,35595,Blue Lightning Bangs
Hair,M35590,6,35596,Purple Lightning Bangs
Hair,M35590,7,35597,Brown Lightning Bangs
Hair,M35600,0,35600,Black Daylight Hair
Hair,M35600,1,35601,Red Daylight Hair
Hair,M35600,2,35602,Orange Daylight Hair
Hair,M35600,3,35603,Yellow Daylight Hair
Hair,M35600,4,35604,Green Daylight Hair
Hair,M35600,5,35605,Blue Daylight Hair
Hair,M35600,6,35606,Purple Daylight Hair
Hair,M35600,7,35607,Brown Daylight Hair
Hair,M35610,0,35610,Hair 35610
Hair,M35610,1,35611,Hair 35611
Hair,M35610,2,35612,Hair 35612
Hair,M35610,3,35613,Hair 35613
Hair,M35610,4,35614,Hair 35614
Hair,M35610,5,35615,Hair 35615
Hair,M35610,6,35616,Hair 35616
Hair,M35610,7,35617,Hair 35617
Hair,M35620,0,35620,Black Sweet Stuff Hair
Hair,M35620,1,35621,Red Sweet Stuff Hair
Hair,M35620,2,35622,Orange Sweet Stuff Hair
Hair,M35620,3,35623,Yellow Sweet Stuff Hair
Hair,M35620,4,35624,Green Sweet Stuff Hair
Hair,M35620,5,35625,Blue Sweet Stuff Hair
Hair,M35620,6,35626,Purple Sweet Stuff Hair
Hair,M35620,7,35627,Brown Sweet Stuff Hair
Hair,M35630,0,35630,Black Bestie Boy Hair
Hair,M35630,1,35631,Red Bestie Boy Hair
Hair,M35630,2,35632,Orange Bestie Boy Hair
Hair,M35630,3,35633,Yellow Bestie Boy Hair
Hair,M35630,4,35634,Green Bestie Boy Hair
Hair,M35630,5,35635,Blue Bestie Boy Hair
Hair,M35630,6,35636,Purple Bestie Boy Hair
Hair,M35630,7,35637,Brown Bestie Boy Hair
Hair,M35640,0,35640,Black Warrior Hair
Hair,M35640,1,35641,Red Warrior Hair
Hair,M35640,2,35642,Orange Warrior Hair
Hair,M35640,3,35643,Yellow Warrior Hair
Hair,M35640,4,35644,Green Warrior Hair
Hair,M35640,5,35645,Blue Warrior Hair
Hair,M35640,6,35646,Purple Warrior Hair
Hair,M35640,7,35647,Brown Warrior Hair
Hair,M35650,0,35650,Black Toth Hair
Hair,M35650,1,35651,Red Toth Hair
Hair,M35650,2,35652,Orange Toth Hair
Hair,M35650,3,35653,Yellow Toth Hair
Hair,M35650,4,35654,Green Toth Hair
Hair,M35650,5,35655,Blue Toth Hair
Hair,M35650,6,35656,Purple Toth Hair
Hair,M35650,7,35657,Brown Toth Hair
Hair,M35660,0,35660,Black Ruya Hair
Hair,M35660,1,35661,Red Ruya Hair
Hair,M35660,2,35662,Orange Ruya Hair
Hair,M35660,3,35663,Yellow Ruya Hair
Hair,M35660,4,35664,Green Ruya Hair
Hair,M35660,5,35665,Blue Ruya Hair
Hair,M35660,6,35666,Purple Ruya Hair
Hair,M35660,7,35667,Brown Ruya Hair
Hair,M35670,0,35670,Black European Style Hair
Hair,M35670,1,35671,Red European Style Hair
Hair,M35670,2,35672,Orange European Style Hair
Hair,M35670,3,35673,Yellow European Style Hair
Hair,M35670,4,35674,Green European Style Hair
Hair,M35670,5,35675,Blue European Style Hair
Hair,M35670,6,35676,Purple European Style Hair
Hair,M35670,7,35677,Brown European Style Hair
Hair,M35680,0,35680,Black Tiny Tail Hair
Hair,M35680,1,35681,Red Tiny Tail Hair
Hair,M35680,2,35682,Orange Tiny Tail Hair
Hair,M35680,3,35683,Yellow Tiny Tail Hair
Hair,M35680,4,35684,Green Tiny Tail Hair
Hair,M35680,5,35685,Blue Tiny Tail Hair
Hair,M35680,6,35686,Purple Tiny Tail Hair
Hair,M35680,7,35687,Brown Tiny Tail Hair
Hair,M35690,0,35690,Black Bedraggled Hair
Hair,M35690,1,35691,Red Bedraggled Hair
Hair,M35690,2,35692,Orange Bedraggled Hair
Hair,M35690,3,35693,Yellow Bedraggled Hair
Hair,M35690,4,35694,Green Bedraggled Hair
Hair,M35690,5,35695,Blue Bedraggled Hair
Hair,M35690,6,35696,Purple Bedraggled Hair
Hair,M35690,7,35697,Brown Bedraggled Hair
Hair,M35700,0,35700,Black Tousled Medium-length Hair
Hair,M35700,1,35701,Red Tousled Medium-length Hair
Hair,M35700,2,35702,Orange Tousled Medium-length Hair
Hair,M35700,3,35703,Yellow Tousled Medium-length Hair
Hair,M35700,4,35704,Green Tousled Medium-length Hair
Hair,M35700,5,35705,Blue Tousled Medium-length Hair
Hair,M35700,6,35706,Purple Tousled Medium-length Hair
Hair,M35700,7,35707,Brown Tousled Medium-length Hair
Hair,M35710,0,35710,Black Sprout Shiny Hair
Hair,M35710,1,35711,Red Sprout Shiny Hair
Hair,M35710,2,35712,Orange Sprout Shiny Hair
Hair,M35710,3,35713,Yellow Sprout Shiny Hair
Hair,M35710,4,35714,Green Sprout Shiny Hair
Hair,M35710,5,35715,Blue Sprout Shiny Hair
Hair,M35710,6,35716,Purple Sprout Shiny Hair
Hair,M35710,7,35717,Brown Sprout Shiny Hair
Hair,M35720,0,35720,Black Sea Hair
Hair,M35720,1,35721,Red Sea Hair
Hair,M35720,2,35722,Orange Sea Hair
Hair,M35720,3,35723,Yellow Sea Hair
Hair,M35720,4,35724,Green Sea Hair
Hair,M35720,5,35725,Blue Sea Hair
Hair,M35720,6,35726,Purple Sea Hair
Hair,M35720,7,35727,Brown Sea Hair
Hair,M35730,0,35730,Hair 35730
Hair,M35730,1,35731,Hair 35731
Hair,M35730,2,35732,Hair 35732
Hair,M35730,3,35733,Hair 35733
Hair,M35730,4,35734,Hair 35734
Hair,M35730,5,35735,Hair 35735
Hair,M35730,6,35736,Hair 35736
Hair,M35730,7,35737,Hair 35737
Hair,M35740,0,35740,Black 80's European Hair
Hair,M35740,1,35741,Red 80's European Hair
Hair,M35740,2,35742,Orange 80's European Hair
Hair,M35740,3,35743,Yellow 80's European Hair
Hair,M35740,4,35744,Green 80's European Hair
Hair,M35740,5,35745,Blue 80's European Hair
Hair,M35740,6,35746,Purple 80's European Hair
Hair,M35740,7,35747,Brown 80's European Hair
Hair,M35750,0,35750,Hair 35750
Hair,M35750,1,35751,Hair 35751
Hair,M35750,2,35752,Hair 35752
Hair,M35750,3,35753,Hair 35753
Hair,M35750,4,35754,Hair 35754
Hair,M35750,5,35755,Hair 35755
Hair,M35750,6,35756,Hair 35756
Hair,M35750,7,35757,Hair 35757
Hair,M35760,0,35760,Black Charming Fellow Hair
Hair,M35760,1,35761,Red Charming Fellow Hair
Hair,M35760,2,35762,Orange Charming Fellow Hair
Hair,M35760,3,35763,Blonde Charming Fellow Hair
Hair,M35760,4,35764,Green Charming Fellow Hair
Hair,M35760,5,35765,Blue Charming Fellow Hair
Hair,M35760,6,35766,Purple Charming Fellow Hair
Hair,M35760,7,35767,Brown Charming Fellow Hair
Hair,M35770,0,35770,Black Tough Boy Hair
Hair,M35770,1,35771,Red Tough Boy Hair
Hair,M35770,2,35772,Orange Tough Boy Hair
Hair,M35770,3,35773,Blonde Tough Boy Hair
Hair,M35770,4,35774,Green Tough Boy Hair
Hair,M35770,5,35775,Blue Tough Boy Hair
Hair,M35770,6,35776,Purple Tough Boy Hair
Hair,M35770,7,35777,Brown Tough Boy Hair
Hair,M35780,0,35780,Black Emo Boy Mid-cut Hair
Hair,M35780,1,35781,Red Emo Boy Mid-cut Hair
Hair,M35780,2,35782,Orange Emo Boy Mid-cut Hair
Hair,M35780,3,35783,Yellow Emo Boy Mid-cut Hair
Hair,M35780,4,35784,Green Emo Boy Mid-cut Hair
Hair,M35780,5,35785,Blue Emo Boy Mid-cut Hair
Hair,M35780,6,35786,Purple Emo Boy Mid-cut Hair
Hair,M35780,7,35787,Brown Emo Boy Mid-cut Hair
Hair,M35790,0,35790,Black Elwin Hair
Hair,M35790,1,35791,Red Elwin Hair
Hair,M35790,2,35792,Orange Elwin Hair
Hair,M35790,3,35793,Yellow Elwin Hair
Hair,M35790,4,35794,Green Elwin Hair
Hair,M35790,5,35795,Blue Elwin Hair
Hair,M35790,6,35796,Purple Elwin Hair
Hair,M35790,7,35797,Brown Elwin Hair
Hair,M35800,0,35800,Hair 35800
Hair,M35800,1,35801,Hair 35801
Hair,M35800,2,35802,Hair 35802
Hair,M35800,3,35803,Hair 35803
Hair,M35800,4,35804,Hair 35804
Hair,M35800,5,35805,Hair 35805
Hair,M35800,6,35806,Hair 35806
Hair,M35800,7,35807,Hair 35807
Hair,M35810,0,35810,Balayage Hair
Hair,M35810,1,35811,Balayage Hair
Hair,M35810,2,35812,Balayage Hair
Hair,M35810,3,35813,Balayage Hair
Hair,M35810,4,35814,Balayage Hair
Hair,M35810,5,35815,Balayage Hair
Hair,M35810,6,35816,Balayage Hair
Hair,M35810,7,35817,Balayage Hair
Hair,M35820,0,35820,Black Long Spirit Walker Hair
Hair,M35820,1,35821,Red Long Spirit Walker Hair
Hair,M35820,2,35822,Orange Long Spirit Walker Hair
Hair,M35820,3,35823,Yellow Long Spirit Walker Hair
Hair,M35820,4,35824,Green Long Spirit Walker Hair
Hair,M35820,5,35825,Blue Long Spirit Walker Hair
Hair,M35820,6,35826,Purple Long Spirit Walker Hair
Hair,M35820,7,35827,Brown Long Spirit Walker Hair
Hair,M35830,0,35830,Black Tied-Back Spirit Walker Hair
Hair,M35830,1,35831,Red Tied-Back Spirit Walker Hair
Hair,M35830,2,35832,Orange Tied-Back Spirit Walker Hair
Hair,M35830,3,35833,Yellow Tied-Back Spirit Walker Hair
Hair,M35830,4,35834,Green Tied-Back Spirit Walker Hair
Hair,M35830,5,35835,Blue Tied-Back Spirit Walker Hair
Hair,M35830,6,35836,Purple Tied-Back Spirit Walker Hair
Hair,M35830,7,35837,Brown Tied-Back Spirit Walker Hair
Hair,M35950,0,35950,Black Filling Hair
Hair,M35950,1,35951,Red Filling Hair
Hair,M35950,2,35952,Orange Filling Hair
Hair,M35950,3,35953,Yellow Filling Hair
Hair,M35950,4,35954,Green Filling Hair
Hair,M35950,5,35955,Blue Filling Hair
Hair,M35950,6,35956,Purple Filling Hair
Hair,M35950,7,35957,Brown Filling Hair
Hair,M35960,0,35960,Black Rover Hair
Hair,M35960,1,35961,Red Rover Hair
Hair,M35960,2,35962,Orange Rover Hair
Hair,M35960,3,35963,Yellow Rover Hair
Hair,M35960,4,35964,Green Rover Hair
Hair,M35960,5,35965,Blue Rover Hair
Hair,M35960,6,35966,Purple Rover Hair
Hair,M35960,7,35967,Brown Rover Hair
Hair,M35970,0,35970,Beastly Hair
Hair,M35970,1,35971,Beastly Hair
Hair,M35970,2,35972,Beastly Hair
Hair,M35970,3,35973,Beastly Hair
Hair,M35970,4,35974,Beastly Hair
Hair,M35970,5,35975,Beastly Hair
Hair,M35970,6,35976,Beastly Hair
Hair,M35970,7,35977,Beastly Hair
Hair,M36000,0,36000,Black Eastern Rocker Hair
Hair,M36000,1,36001,Red Eastern Rocker Hair
Hair,M36000,2,36002,Orange Eastern Rocker Hair
Hair,M36000,3,36003,Blonde Eastern Rocker Hair
Hair,M36000,4,36004,Green Eastern Rocker Hair
Hair,M36000,5,36005,Blue Eastern Rocker Hair
Hair,M36000,6,36006,Purple Eastern Rocker Hair
Hair,M36000,7,36007,Brown Eastern Rocker Hair
Hair,M36010,0,36010,Black Charisma Hair
Hair,M36010,1,36011,Red Charisma Hair
Hair,M36010,2,36012,Orange Charisma Hair
Hair,M36010,3,36013,Blonde Charisma Hair
Hair,M36010,4,36014,Green Charisma Hair
Hair,M36010,5,36015,Blue Charisma Hair
Hair,M36010,6,36016,Purple Charisma Hair
Hair,M36010,7,36017,Brown Charisma Hair
Hair,M36020,0,36020,Black Ifrit Hair
Hair,M36020,1,36021,Red Ifrit Hair
Hair,M36020,2,36022,Orange Ifrit Hair
Hair,M36020,3,36023,Blonde Ifrit Hair
Hair,M36020,4,36024,Green Ifrit Hair
Hair,M36020,5,36025,Blue Ifrit Hair
Hair,M36020,6,36026,Purple Ifrit Hair
Hair,M36020,7,36027,Brown Ifrit Hair
Hair,M36030,0,36030,Black Mihile Hair
Hair,M36030,1,36031,Red Mihile Hair
Hair,M36030,2,36032,Orange Mihile Hair
Hair,M36030,3,36033,Blonde Mihile Hair
Hair,M36030,4,36034,Green Mihile Hair
Hair,M36030,5,36035,Blue Mihile Hair
Hair,M36030,6,36036,Purple Mihile Hair
Hair,M36030,7,36037,Brown Mihile Hair
Hair,M36040,0,36040,Black Street-Smart Hair
Hair,M36040,1,36041,Red Street-Smart Hair
Hair,M36040,2,36042,Orange Street-Smart Hair
Hair,M36040,3,36043,Blonde Street-Smart Hair
Hair,M36040,4,36044,Green Street-Smart Hair
Hair,M36040,5,36045,Blue Street-Smart Hair
Hair,M36040,6,36046,Purple Street-Smart Hair
Hair,M36040,7,36047,Brown Street-Smart Hair
Hair,M36050,0,36050,Black Wavy Mop
Hair,M36050,1,36051,Red Wavy Mop
Hair,M36050,2,36052,Orange Wavy Mop
Hair,M36050,3,36053,Blonde Wavy Mop
Hair,M36050,4,36054,Green Wavy Mop
Hair,M36050,5,36055,Blue Wavy Mop
Hair,M36050,6,36056,Purple Wavy Mop
Hair,M36050,7,36057,Brown Wavy Mop
Hair,M36060,0,36060,Black Nocturne Hair
Hair,M36060,1,36061,Red Nocturne Hair
Hair,M36060,2,36062,Orange Nocturne Hair
Hair,M36060,3,36063,Blonde Nocturne Hair
Hair,M36060,4,36064,Green Nocturne Hair
Hair,M36060,5,36065,Blue Nocturne Hair
Hair,M36060,6,36066,Purple Nocturne Hair
Hair,M36060,7,36067,Brown Nocturne Hair
Hair,M36070,0,36070,Black Eckhart Hair
Hair,M36070,1,36071,Red Eckhart Hair
Hair,M36070,2,36072,Orange Eckhart Hair
Hair,M36070,3,36073,Blonde Eckhart Hair
Hair,M36070,4,36074,Green Eckhart Hair
Hair,M36070,5,36075,Blue Eckhart Hair
Hair,M36070,6,36076,Purple Eckhart Hair
Hair,M36070,7,36077,Brown Eckhart Hair
Hair,M36080,0,36080,Black Maha Hair
Hair,M36080,1,36081,Red Maha Hair
Hair,M36080,2,36082,Orange Maha Hair
Hair,M36080,3,36083,Blonde Maha Hair
Hair,M36080,4,36084,Green Maha Hair
Hair,M36080,5,36085,Blue Maha Hair
Hair,M36080,6,36086,Purple Maha Hair
Hair,M36080,7,36087,Brown Maha Hair
Hair,M36090,0,36090,Black Young Neinheart Heart
Hair,M36090,1,36091,Red Young Neinheart Heart
Hair,M36090,2,36092,Orange Young Neinheart Heart
Hair,M36090,3,36093,Blonde Young Neinheart Heart
Hair,M36090,4,36094,Green Young Neinheart Heart
Hair,M36090,5,36095,Blue Young Neinheart Heart
Hair,M36090,6,36096,Purple Young Neinheart Heart
Hair,M36090,7,36097,Brown Young Neinheart Heart
Hair,M36100,0,36100,Black Ice Pop Hair
Hair,M36100,1,36101,Red Ice Pop Hair
Hair,M36100,2,36102,Orange Ice Pop Hair
Hair,M36100,3,36103,Yellow Ice Pop Hair
Hair,M36100,4,36104,Green Ice Pop Hair
Hair,M36100,5,36105,Blue Ice Pop Hair
Hair,M36100,6,36106,Purple Ice Pop Hair
Hair,M36100,7,36107,Brown Ice Pop Hair
Hair,M36110,0,36110,Black Male Jett Hair
Hair,M36110,1,36111,Red Male Jett Hair
Hair,M36110,2,36112,Orange Male Jett Hair
Hair,M36110,3,36113,Yellow Male Jett Hair
Hair,M36110,4,36114,Green Male Jett Hair
Hair,M36110,5,36115,Blue Male Jett Hair
Hair,M36110,6,36116,Purple Male Jett Hair
Hair,M36110,7,36117,Brown Male Jett Hair
Hair,M36120,0,36120,Black Budokan Hairstyle
Hair,M36120,1,36121,Red Budokan Hairstyle
Hair,M36120,2,36122,Orange Budokan Hairstyle
Hair,M36120,3,36123,Yellow Budokan Hairstyle
Hair,M36120,4,36124,Green Budokan Hairstyle
Hair,M36120,5,36125,Blue Budokan Hairstyle
Hair,M36120,6,36126,Purple Budokan Hairstyle
Hair,M36120,7,36127,Brown Budokan Hairstyle
Hair,M36130,0,36130,White Lotus Hair
Hair,M36130,1,36131,Red Lotus Hair
Hair,M36130,2,36132,Orange Lotus Hair
Hair,M36130,3,36133,Blonde Lotus Hair
Hair,M36130,4,36134,Green Lotus Hair
Hair,M36130,5,36135,Blue Lotus Hair
Hair,M36130,6,36136,Purple Lotus Hair
Hair,M36130,7,36137,Brown Lotus Hair
Hair,M36140,0,36140,Black Beshroomed Hair
Hair,M36140,1,36141,Red Beshroomed Hair
Hair,M36140,2,36142,Orange Beshroomed Hair
Hair,M36140,3,36143,Blonde Beshroomed Hair
Hair,M36140,4,36144,Green Beshroomed Hair
Hair,M36140,5,36145,Blue Beshroomed Hair
Hair,M36140,6,36146,Purple Beshroomed Hair
Hair,M36140,7,36147,Brown Beshroomed Hair
Hair,M36150,0,36150,Black Cannoneer Hair
Hair,M36150,1,36151,Red Cannoneer Hair
Hair,M36150,2,36152,Orange Cannoneer Hair
Hair,M36150,3,36153,Yellow Cannoneer Hair
Hair,M36150,4,36154,Green Cannoneer Hair
Hair,M36150,5,36155,Blue Cannoneer Hair
Hair,M36150,6,36156,Purple Cannoneer Hair
Hair,M36150,7,36157,Brown Cannoneer Hair
Hair,M36160,0,36160,Black Zed's Dead Hair
Hair,M36160,1,36161,Red Zed's Dead Hair
Hair,M36160,2,36162,Orange Zed's Dead Hair
Hair,M36160,3,36163,Blonde Zed's Dead Hair
Hair,M36160,4,36164,Green Zed's Dead Hair
Hair,M36160,5,36165,Blue Zed's Dead Hair
Hair,M36160,6,36166,Purple Zed's Dead Hair
Hair,M36160,7,36167,Brown Zed's Dead Hair
Hair,M36170,0,36170,Black Delicate Hair
Hair,M36170,1,36171,Red Delicate Hair
Hair,M36170,2,36172,Orange Delicate Hair
Hair,M36170,3,36173,Blonde Delicate Hair
Hair,M36170,4,36174,Green Delicate Hair
Hair,M36170,5,36175,Blue Delicate Hair
Hair,M36170,6,36176,Purple Delicate Hair
Hair,M36170,7,36177,Brown Delicate Hair
Hair,M36180,0,36180,Black Macaroon Hair
Hair,M36180,1,36181,Red Macaroon Hair
Hair,M36180,2,36182,Orange Macaroon Hair
Hair,M36180,3,36183,Blonde Macaroon Hair
Hair,M36180,4,36184,Green Macaroon Hair
Hair,M36180,5,36185,Blue Macaroon Hair
Hair,M36180,6,36186,Purple Macaroon Hair
Hair,M36180,7,36187,Brown Macaroon Hair
Hair,M36190,0,36190,Black Twinkle Hair
Hair,M36190,1,36191,Red Twinkle Hair
Hair,M36190,2,36192,Orange Twinkle Hair
Hair,M36190,3,36193,Blonde Twinkle Hair
Hair,M36190,4,36194,Green Twinkle Hair
Hair,M36190,5,36195,Blue Twinkle Hair
Hair,M36190,6,36196,Purple Twinkle Hair
Hair,M36190,7,36197,Brown Twinkle Hair
Hair,M36200,0,36200,Black Hayato Hair
Hair,M36200,1,36201,Hayato Hair (Red)
Hair,M36200,2,36202,Hayato Hair (Orange)
Hair,M36200,3,36203,Hayato Hair (Yellow)
Hair,M36200,4,36204,Hayato Hair (Green)
Hair,M36200,5,36205,Hayato Hair (Blue)
Hair,M36200,6,36206,Hayato Hair (Purple)
Hair,M36200,7,36207,Hayato Hair (Brown)
Hair,M36210,0,36210,Black Spiketop Hair
Hair,M36210,1,36211,Red Spiketop Hair
Hair,M36210,2,36212,Orange Spiketop Hair
Hair,M36210,3,36213,Yellow Spiky Hair
Hair,M36210,4,36214,Green Spiketop Hair
Hair,M36210,5,36215,Blue Spiketop Hair
Hair,M36210,6,36216,Purple Spiketop Hair
Hair,M36210,7,36217,Brown Spiketop Hair
Hair,M36220,0,36220,Black Runt Hair
Hair,M36220,1,36221,Red Runt Hair
Hair,M36220,2,36222,Orange Runt Hair
Hair,M36220,3,36223,Blonde Runt Hair
Hair,M36220,4,36224,Green Runt Hair
Hair,M36220,5,36225,Blue Runt Hair
Hair,M36220,6,36226,Purple Runt Hair
Hair,M36220,7,36227,Brown Runt Hair
Hair,M36230,0,36230,Black Layered Hair 
Hair,M36230,1,36231,Red Layered Hair 
Hair,M36230,2,36232,Orange Layered Hair 
Hair,M36230,3,36233,Blonde Layered Hair 
Hair,M36230,4,36234,Green Layered Hair 
Hair,M36230,5,36235,Blue Layered Hair 
Hair,M36230,6,36236,Purple Layered Hair 
Hair,M36230,7,36237,Brown Layered Hair 
Hair,M36240,0,36240,Black Boy Warrior Hair 
Hair,M36240,1,36241,Red Boy Warrior Hair 
Hair,M36240,2,36242,Orange Boy Warrior Hair 
Hair,M36240,3,36243,Blonde Boy Warrior Hair 
Hair,M36240,4,36244,Green Boy Warrior Hair 
Hair,M36240,5,36245,Blue Boy Warrior Hair 
Hair,M36240,6,36246,Purple Boy Warrior Hair 
Hair,M36240,7,36247,Brown Boy Warrior Hair 
Hair,M36250,0,36250,Black Imposing Warrior Hair 
Hair,M36250,1,36251,Red Imposing Warrior Hair 
Hair,M36250,2,36252,Orange Imposing Warrior Hair 
Hair,M36250,3,36253,Blonde Imposing Warrior Hair 
Hair,M36250,4,36254,Green Imposing Warrior Hair 
Hair,M36250,5,36255,Blue Imposing Warrior Hair 
Hair,M36250,6,36256,Purple Imposing Warrior Hair 
Hair,M36250,7,36257,Brown Imposing Warrior Hair 
Hair,M36260,0,36260,Sweep Back Hair
Hair,M36260,1,36261,Sweep Red Hair
Hair,M36260,2,36262,Sweep Orange Hair
Hair,M36260,3,36263,Sweep Blonde Hair
Hair,M36260,4,36264,Sweep Green Hair
Hair,M36260,5,36265,Sweep Blue Hair
Hair,M36260,6,36266,Sweep Purple Hair
Hair,M36260,7,36267,Sweep Brown Hair
Hair,M36270,0,36270,Black Fop Wave Hair
Hair,M36270,1,36271,Red Fop Wave Hair
Hair,M36270,2,36272,Orange Fop Wave Hair
Hair,M36270,3,36273,Blonde Fop Wave Hair
Hair,M36270,4,36274,Green Fop Wave Hair
Hair,M36270,5,36275,Blue Fop Wave Hair
Hair,M36270,6,36276,Purple Fop Wave Hair
Hair,M36270,7,36277,Brown Fop Wave Hair
Hair,M36280,0,36280,Black Dashing Kenji Hair
Hair,M36280,1,36281,Red Dashing Kenji Hair
Hair,M36280,2,36282,Orange Dashing Kenji Hair 
Hair,M36280,3,36283,Yellow Dashing Kenji Hair
Hair,M36280,4,36284,Green Dashing Kenji Hair 
Hair,M36280,5,36285,Blue Dashing Kenji Hair
Hair,M36280,6,36286,Purple Dashing Kenji Hair
Hair,M36280,7,36287,Brown Dashing Kenji Hair
Hair,M36290,0,36290,Hair 36290
Hair,M36290,1,36291,Hair 36291
Hair,M36290,2,36292,Hair 36292
Hair,M36290,3,36293,Hair 36293
Hair,M36290,4,36294,Hair 36294
Hair,M36290,5,36295,Hair 36295
Hair,M36290,6,36296,Hair 36296
Hair,M36290,7,36297,Hair 36297
Hair,M36300,0,36300,Black Layered Cut
Hair,M36300,1,36301,Red Layered Cut
Hair,M36300,2,36302,Orange Layered Cut
Hair,M36300,3,36303,Blonde Layered Cut
Hair,M36300,4,36304,Green Layered Cut
Hair,M36300,5,36305,Blue Layered Cut
Hair,M36300,6,36306,Purple Layered Cut
Hair,M36300,7,36307,Brown Layered Cut
Hair,M36310,0,36310,Black Round Hair
Hair,M36310,1,36311,Red Round Hair
Hair,M36310,2,36312,Orange Round Hair
Hair,M36310,3,36313,Yellow Round Hair
Hair,M36310,4,36314,Green Round Hair
Hair,M36310,5,36315,Blue Round Hair
Hair,M36310,6,36316,Purple Round Hair
Hair,M36310,7,36317,Brown Round Hair
Hair,M36330,0,36330,Black Midnight Hair
Hair,M36330,1,36331,Red Midnight Hair
Hair,M36330,2,36332,Orange Midnight Hair
Hair,M36330,3,36333,Blonde Midnight Hair
Hair,M36330,4,36334,Green Midnight Hair
Hair,M36330,5,36335,Blue Midnight Hair
Hair,M36330,6,36336,Purple Midnight Hair
Hair,M36330,7,36337,Brown Midnight Hair
Hair,M36340,0,36340,Black Kerning Style Hair
Hair,M36340,1,36341,Red Kerning Style Hair
Hair,M36340,2,36342,Orange Kerning Style Hair
Hair,M36340,3,36343,Yellow Kerning Style Hair
Hair,M36340,4,36344,Green Kerning Style Hair
Hair,M36340,5,36345,Blue Kerning Style Hair
Hair,M36340,6,36346,Purple Kerning Style Hair
Hair,M36340,7,36347,Brown Kerning Style Hair
Hair,M36350,0,36350,Black Highlighted Hair
Hair,M36350,1,36351,Red Highlighted Hair
Hair,M36350,2,36352,Orange Highlighted Hair
Hair,M36350,3,36353,Blonde Highlighted Hair
Hair,M36350,4,36354,Green Highlighted Hair
Hair,M36350,5,36355,Blue Highlighted Hair
Hair,M36350,6,36356,Purple Highlighted Hair
Hair,M36350,7,36357,Brown Highlighted Hair
Hair,M36360,0,36360,Hair 36360
Hair,M36360,1,36361,Hair 36361
Hair,M36360,2,36362,Hair 36362
Hair,M36360,3,36363,Hair 36363
Hair,M36360,4,36364,Hair 36364
Hair,M36360,5,36365,Hair 36365
Hair,M36360,6,36366,Hair 36366
Hair,M36360,7,36367,Hair 36367
Hair,M36370,0,36370,Hair 36370
Hair,M36370,1,36371,Hair 36371
Hair,M36370,2,36372,Hair 36372
Hair,M36370,3,36373,Hair 36373
Hair,M36370,4,36374,Hair 36374
Hair,M36370,5,36375,Hair 36375
Hair,M36370,6,36376,Hair 36376
Hair,M36370,7,36377,Hair 36377
Hair,M36380,0,36380,Black Victory Hair
Hair,M36380,1,36381,Red Victory Hair
Hair,M36380,2,36382,Orange Victory Hair
Hair,M36380,3,36383,Blonde Victory Hair
Hair,M36380,4,36384,Green Victory Hair
Hair,M36380,5,36385,Blue Victory Hair
Hair,M36380,6,36386,Purple Victory Hair
Hair,M36380,7,36387,Brown Victory Hair
Hair,M36390,0,36390,Black Messy Hair
Hair,M36390,1,36391,Red Messy Hair
Hair,M36390,2,36392,Orange Messy Hair
Hair,M36390,3,36393,Yellow Messy Hair
Hair,M36390,4,36394,Green Messy Hair
Hair,M36390,5,36395,Blue Messy Hair
Hair,M36390,6,36396,Purple Messy Hair
Hair,M36390,7,36397,Brown Messy Hair
Hair,M36400,0,36400,Black Curly Bob
Hair,M36400,1,36401,Red Curly Bob
Hair,M36400,2,36402,Orange Curly Bob
Hair,M36400,3,36403,Yellow Curly Bob
Hair,M36400,4,36404,Green Curly Bob
Hair,M36400,5,36405,Blue Curly Bob
Hair,M36400,6,36406,Purple Curly Bob
Hair,M36400,7,36407,Brown Curly Bob
Hair,M36410,0,36410,Black Eagle Hair
Hair,M36410,1,36411,Red Eagle Hair
Hair,M36410,2,36412,Orange Eagle Hair
Hair,M36410,3,36413,Blonde Eagle Hair
Hair,M36410,4,36414,Green Eagle Hair
Hair,M36410,5,36415,Blue Eagle Hair
Hair,M36410,6,36416,Purple Eagle Hair
Hair,M36410,7,36417,Brown Eagle Hair
Hair,M36420,0,36420,Black Maestro Hair
Hair,M36420,1,36421,Red Maestro Hair
Hair,M36420,2,36422,Orange Maestro Hair
Hair,M36420,3,36423,Blonde Maestro Hair
Hair,M36420,4,36424,Green Maestro Hair
Hair,M36420,5,36425,Blue Maestro Hair
Hair,M36420,6,36426,Purple Maestro Hair
Hair,M36420,7,36427,Brown Maestro Hair
Hair,M36430,0,36430,Black Acorn Hair
Hair,M36430,1,36431,Red Acorn Hair
Hair,M36430,2,36432,Orange Acorn Hair
Hair,M36430,3,36433,Blonde Acorn Hair
Hair,M36430,4,36434,Green Acorn Hair
Hair,M36430,5,36435,Blue Acorn Hair
Hair,M36430,6,36436,Purple Acorn Hair
Hair,M36430,7,36437,Brown Acorn Hair
Hair,M36440,0,36440,Black Ballad Hair
Hair,M36440,1,36441,Red Ballad Hair
Hair,M36440,2,36442,Orange Ballad Hair
Hair,M36440,3,36443,Blonde Ballad Hair
Hair,M36440,4,36444,Green Ballad Hair
Hair,M36440,5,36445,Blue Ballad Hair
Hair,M36440,6,36446,Purple Ballad Hair
Hair,M36440,7,36447,Brown Ballad Hair
Hair,M36450,0,36450,Black Bisk Hair
Hair,M36450,1,36451,Red Bisk Hair
Hair,M36450,2,36452,Orange Bisk Hair
Hair,M36450,3,36453,Yellow Bisk Hair
Hair,M36450,4,36454,Green Bisk Hair
Hair,M36450,5,36455,Blue Bisk Hair
Hair,M36450,6,36456,Purple Bisk Hair
Hair,M36450,7,36457,Brown Bisk Hair
Hair,M36460,0,36460,Black Solitaire Hair
Hair,M36460,1,36461,Red Solitaire Hair
Hair,M36460,2,36462,Orange Solitaire Hair
Hair,M36460,3,36463,Blonde Solitaire Hair
Hair,M36460,4,36464,Green Solitaire Hair
Hair,M36460,5,36465,Blue Solitaire Hair
Hair,M36460,6,36466,Purple Solitaire Hair
Hair,M36460,7,36467,Brown Solitaire Hair
Hair,M36470,0,36470,Black Cybernetic
Hair,M36470,1,36471,Red Cybernetic
Hair,M36470,2,36472,Orange Cybernetic
Hair,M36470,3,36473,Blonde Cybernetic
Hair,M36470,4,36474,Green Cybernetic
Hair,M36470,5,36475,Blue Cybernetic
Hair,M36470,6,36476,Purple Cybernetic
Hair,M36470,7,36477,Brown Cybernetic
Hair,M36480,0,36480,Black Neo Lotus
Hair,M36480,1,36481,Red Neo Lotus
Hair,M36480,2,36482,Orange Neo Lotus
Hair,M36480,3,36483,Blonde Neo Lotus
Hair,M36480,4,36484,Green Neo Lotus
Hair,M36480,5,36485,Blue Neo Lotus
Hair,M36480,6,36486,Purple Neo Lotus
Hair,M36480,7,36487,Brown Neo Lotus
Hair,M36490,0,36490,Black Sun Hair
Hair,M36490,1,36491,Red Sun Hair
Hair,M36490,2,36492,Orange Sun Hair
Hair,M36490,3,36493,Blonde Sun Hair
Hair,M36490,4,36494,Green Sun Hair
Hair,M36490,5,36495,Blue Sun Hair
Hair,M36490,6,36496,Purple Sun Hair
Hair,M36490,7,36497,Brown Sun Hair
Hair,M36500,0,36500,Black Billionaire Hair
Hair,M36500,1,36501,Red Billionaire Hair
Hair,M36500,2,36502,Orange Billionaire Hair
Hair,M36500,3,36503,Blonde Billionaire Hair
Hair,M36500,4,36504,Green Billionaire Hair
Hair,M36500,5,36505,Blue Billionaire Hair
Hair,M36500,6,36506,Purple Billionaire Hair
Hair,M36500,7,36507,Brown Billionaire Hair
Hair,M36510,0,36510,Black Tone Block Hair
Hair,M36510,1,36511,Red Tone Block Hair
Hair,M36510,2,36512,Orange Tone Block Hair
Hair,M36510,3,36513,Blonde Tone Block Hair
Hair,M36510,4,36514,Green Tone Block Hair
Hair,M36510,5,36515,Blue Tone Block Hair
Hair,M36510,6,36516,Purple Tone Block Hair
Hair,M36510,7,36517,Brown Tone Block Hair
Hair,M36520,0,36520,Black Line Hair
Hair,M36520,1,36521,Red Line Hair
Hair,M36520,2,36522,Orange Line Hair
Hair,M36520,3,36523,Blonde Line Hair
Hair,M36520,4,36524,Green Line Hair
Hair,M36520,5,36525,Blue Line Hair
Hair,M36520,6,36526,Purple Line Hair
Hair,M36520,7,36527,Brown Line Hair
Hair,M36530,0,36530,Black Hermes Hair
Hair,M36530,1,36531,Red Hermes Hair
Hair,M36530,2,36532,Orange Hermes Hair
Hair,M36530,3,36533,Blonde Hermes Hair
Hair,M36530,4,36534,Green Hermes Hair
Hair,M36530,5,36535,Blue Hermes Hair
Hair,M36530,6,36536,Purple Hermes Hair
Hair,M36530,7,36537,Brown Hermes Hair
Hair,M36540,0,36540,Hair 36540
Hair,M36540,1,36541,Hair 36541
Hair,M36540,2,36542,Hair 36542
Hair,M36540,3,36543,Hair 36543
Hair,M36540,4,36544,Hair 36544
Hair,M36540,5,36545,Hair 36545
Hair,M36540,6,36546,Hair 36546
Hair,M36540,7,36547,Hair 36547
Hair,M36550,0,36550,Hair 36550
Hair,M36550,1,36551,Hair 36551
Hair,M36550,2,36552,Hair 36552
Hair,M36550,3,36553,Hair 36553
Hair,M36550,4,36554,Hair 36554
Hair,M36550,5,36555,Hair 36555
Hair,M36550,6,36556,Hair 36556
Hair,M36550,7,36557,Hair 36557
Hair,M36560,0,36560,Black Intense Hair
Hair,M36560,1,36561,Red Intense Hair
Hair,M36560,2,36562,Orange Intense Hair
Hair,M36560,3,36563,Yellow Intense Hair
Hair,M36560,4,36564,Green Intense Hair
Hair,M36560,5,36565,Blue Intense Hair
Hair,M36560,6,36566,Purple Intense Hair
Hair,M36560,7,36567,Brown Intense Hair
Hair,M36570,0,36570,Noblesse Hair
Hair,M36570,1,36571,Noblesse Hair
Hair,M36570,2,36572,Noblesse Hair
Hair,M36570,3,36573,Noblesse Hair
Hair,M36570,4,36574,Noblesse Hair
Hair,M36570,5,36575,Noblesse Hair
Hair,M36570,6,36576,Noblesse Hair
Hair,M36570,7,36577,Noblesse Hair
Hair,M36580,0,36580,Black Cotton Candy Hair
Hair,M36580,1,36581,Red Cotton Candy Hair
Hair,M36580,2,36582,Orange Cotton Candy Hair
Hair,M36580,3,36583,Yellow Cotton Candy Hair
Hair,M36580,4,36584,Green Cotton Candy Hair
Hair,M36580,5,36585,Blue Cotton Candy Hair
Hair,M36580,6,36586,Purple Cotton Candy Hair
Hair,M36580,7,36587,Brown Cotton Candy Hair
Hair,M36590,0,36590,Black Shy Bob
Hair,M36590,1,36591,Red Shy Bob
Hair,M36590,2,36592,Orange Shy Bob
Hair,M36590,3,36593,Yellow Shy Bob
Hair,M36590,4,36594,Green Shy Bob
Hair,M36590,5,36595,Blue Shy Bob
Hair,M36590,6,36596,Purple Shy Bob
Hair,M36590,7,36597,Brown Shy Bob
Hair,M36600,0,36600,Black Kanna Boy Hair
Hair,M36600,1,36601,Red Kanna Boy Hair
Hair,M36600,2,36602,Orange Kanna Boy Hair
Hair,M36600,3,36603,Blonde Kanna Boy Hair
Hair,M36600,4,36604,Green Kanna Boy Hair
Hair,M36600,5,36605,Blue Kanna Boy Hair
Hair,M36600,6,36606,Purple Kanna Boy Hair
Hair,M36600,7,36607,Brown Kanna Boy Hair
Hair,M36610,0,36610,Black Sengoku Slick 'Do
Hair,M36610,1,36611,Red Sengoku Slick 'Do
Hair,M36610,2,36612,Orange Sengoku Slick 'Do
Hair,M36610,3,36613,Blonde Sengoku Slick 'Do
Hair,M36610,4,36614,Green Sengoku Slick 'Do
Hair,M36610,5,36615,Blue Sengoku Slick 'Do
Hair,M36610,6,36616,Purple Sengoku Slick 'Do
Hair,M36610,7,36617,Brown Sengoku Slick 'Do
Hair,M36620,0,36620,Black Well-Conditioned Shag
Hair,M36620,1,36621,Red Well-Conditioned Shag
Hair,M36620,2,36622,Orange Well-Conditioned Shag
Hair,M36620,3,36623,Yellow Well-Conditioned Shag
Hair,M36620,4,36624,Green Well-Conditioned Shag
Hair,M36620,5,36625,Blue Well-Conditioned Shag
Hair,M36620,6,36626,Purple Well-Conditioned Shag
Hair,M36620,7,36627,Brown Well-Conditioned Shag
Hair,M36630,0,36630,Black Rough Shaggy Cut
Hair,M36630,1,36631,Red Rough Shaggy Cut
Hair,M36630,2,36632,Orange Rough Shaggy Cut
Hair,M36630,3,36633,Yellow Rough Shaggy Cut
Hair,M36630,4,36634,Green Rough Shaggy Cut
Hair,M36630,5,36635,Blue Rough Shaggy Cut
Hair,M36630,6,36636,Purple Rough Shaggy Cut
Hair,M36630,7,36637,Brown Rough Shaggy Cut
Hair,M36640,0,36640,Black Acoustic Hair
Hair,M36640,1,36641,Red Acoustic Hair
Hair,M36640,2,36642,Orange Acoustic Hair
Hair,M36640,3,36643,Blonde Acoustic Hair
Hair,M36640,4,36644,Green Acoustic Hair
Hair,M36640,5,36645,Blue Acoustic Hair
Hair,M36640,6,36646,Purple Acoustic Hair
Hair,M36640,7,36647,Brown Acoustic Hair
Hair,M36650,0,36650,Black Myst Hair
Hair,M36650,1,36651,Red Myst Hair
Hair,M36650,2,36652,Orange Myst Hair
Hair,M36650,3,36653,Yellow Myst Hair
Hair,M36650,4,36654,Green Myst Hair
Hair,M36650,5,36655,Blue Myst Hair
Hair,M36650,6,36656,Purple Myst Hair
Hair,M36650,7,36657,Brown Myst Hair
Hair,M36660,0,36660,Hair 36660
Hair,M36660,1,36661,Hair 36661
Hair,M36660,2,36662,Hair 36662
Hair,M36660,3,36663,Hair 36663
Hair,M36660,4,36664,Hair 36664
Hair,M36660,5,36665,Hair 36665
Hair,M36660,6,36666,Hair 36666
Hair,M36660,7,36667,Hair 36667
Hair,M36670,0,36670,Black Saturday Night Hair
Hair,M36670,1,36671,Red Saturday Night Hair
Hair,M36670,2,36672,Orange Saturday Night Hair
Hair,M36670,3,36673,Blonde Saturday Night Hair
Hair,M36670,4,36674,Green Saturday Night Hair
Hair,M36670,5,36675,Blue Saturday Night Hair
Hair,M36670,6,36676,Purple Saturday Night Hair
Hair,M36670,7,36677,Brown Saturday Night Hair
Hair,M36680,0,36680,Black Spade Hair
Hair,M36680,1,36681,Red Spade Hair
Hair,M36680,2,36682,Orange Spade Hair
Hair,M36680,3,36683,Yellow Spade Hair
Hair,M36680,4,36684,Green Spade Hair
Hair,M36680,5,36685,Blue Spade Hair
Hair,M36680,6,36686,Purple Spade Hair
Hair,M36680,7,36687,Brown Spade Hair
Hair,M36690,0,36690,Black Wolf Tail Hair (M)
Hair,M36690,1,36691,Red Wolf Tail Hair (M)
Hair,M36690,2,36692,Orange Wolf Tail Hair (M)
Hair,M36690,3,36693,Yellow Wolf Tail Hair (M)
Hair,M36690,4,36694,Green Wolf Tail Hair (M)
Hair,M36690,5,36695,Blue Wolf Tail Hair (M)
Hair,M36690,6,36696,Purple Wolf Tail Hair (M)
Hair,M36690,7,36697,Brown Wolf Tail Hair (M)
Hair,M36700,0,36700,White Ultra-Bubble Hair
Hair,M36700,1,36701,Red Ultra-Bubble Hair
Hair,M36700,2,36702,Orange Ultra-Bubble Hair
Hair,M36700,3,36703,Blonde Ultra-Bubble Hair
Hair,M36700,4,36704,Green Ultra-Bubble Hair
Hair,M36700,5,36705,Blue Ultra-Bubble Hair
Hair,M36700,6,36706,Purple Ultra-Bubble Hair
Hair,M36700,7,36707,Brown Ultra-Bubble Hair
Hair,M36710,0,36710,Black Can't-See-Jack Hair
Hair,M36710,1,36711,Red Can't-See-Jack Hair
Hair,M36710,2,36712,Orange Can't-See-Jack Hair
Hair,M36710,3,36713,Blonde Can't-See-Jack Hair
Hair,M36710,4,36714,Green Can't-See-Jack Hair
Hair,M36710,5,36715,Blue Can't-See-Jack Hair
Hair,M36710,6,36716,Purple Can't-See-Jack Hair
Hair,M36710,7,36717,Brown Can't-See-Jack Hair
Hair,M36720,0,36720,Black Earthworm Perm Hair
Hair,M36720,1,36721,Red Earthworm Perm Hair
Hair,M36720,2,36722,Orange Earthworm Perm Hair
Hair,M36720,3,36723,Yellow Earthworm Perm Hair
Hair,M36720,4,36724,Green Earthworm Perm Hair
Hair,M36720,5,36725,Blue Earthworm Perm Hair
Hair,M36720,6,36726,Purple Earthworm Perm Hair
Hair,M36720,7,36727,Brown Earthworm Perm Hair
Hair,M36730,0,36730,Black My-Dear-Prince Hair
Hair,M36730,1,36731,Red My-Dear-Prince Hair
Hair,M36730,2,36732,Orange My-Dear-Prince Hair
Hair,M36730,3,36733,Yellow My-Dear-Prince Hair
Hair,M36730,4,36734,Green My-Dear-Prince Hair
Hair,M36730,5,36735,Blue My-Dear-Prince Hair
Hair,M36730,6,36736,Purple My-Dear-Prince Hair
Hair,M36730,7,36737,Brown My-Dear-Prince Hair
Hair,M36740,0,36740,Black Tropical Hair
Hair,M36740,1,36741,Red Tropical Hair
Hair,M36740,2,36742,Orange Tropical Hair
Hair,M36740,3,36743,Blonde Tropical Hair
Hair,M36740,4,36744,Green Tropical Hair
Hair,M36740,5,36745,Blue Tropical Hair
Hair,M36740,6,36746,Purple Tropical Hair
Hair,M36740,7,36747,Brown Tropical Hair
Hair,M36750,0,36750,Black Argent Hair
Hair,M36750,1,36751,Red Argent Hair
Hair,M36750,2,36752,Orange Argent Hair
Hair,M36750,3,36753,Blonde Argent Hair
Hair,M36750,4,36754,Green Argent Hair
Hair,M36750,5,36755,Blue Argent Hair
Hair,M36750,6,36756,Purple Argent Hair
Hair,M36750,7,36757,Brown Argent Hair
Hair,M36760,0,36760,White Windy Hair
Hair,M36760,1,36761,Red Windy Hair
Hair,M36760,2,36762,Orange Windy Hair
Hair,M36760,3,36763,Blonde Windy Hair
Hair,M36760,4,36764,Green Windy Hair
Hair,M36760,5,36765,Blue Windy Hair
Hair,M36760,6,36766,Purple Windy Hair
Hair,M36760,7,36767,Brown Windy Hair
Hair,M36770,0,36770,Black Wild Wolf Hair
Hair,M36770,1,36771,Red Wild Wolf Hair
Hair,M36770,2,36772,Orange Wild Wolf Hair
Hair,M36770,3,36773,Yellow Wild Wolf Hair
Hair,M36770,4,36774,Green Wild Wolf Hair
Hair,M36770,5,36775,Blue Wild Wolf Hair
Hair,M36770,6,36776,Purple Wild Wolf Hair
Hair,M36770,7,36777,Brown Wild Wolf Hair
Hair,M36780,0,36780,Black Perion Hair
Hair,M36780,1,36781,Red Perion Hair
Hair,M36780,2,36782,Orange Perion Hair
Hair,M36780,3,36783,Blonde Perion Hair
Hair,M36780,4,36784,Green Perion Hair
Hair,M36780,5,36785,Blue Perion Hair
Hair,M36780,6,36786,Purple Perion Hair
Hair,M36780,7,36787,Brown Perion Hair
Hair,M36790,0,36790,Black Kerning City Hair
Hair,M36790,1,36791,Red Kerning City Hair
Hair,M36790,2,36792,Orange Kerning City Hair
Hair,M36790,3,36793,Blonde Kerning City Hair
Hair,M36790,4,36794,Green Kerning City Hair
Hair,M36790,5,36795,Blue Kerning City Hair
Hair,M36790,6,36796,Purple Kerning City Hair
Hair,M36790,7,36797,Brown Kerning City Hair
Hair,M36800,0,36800,Black Slick Shine Hair
Hair,M36800,1,36801,Red Slick Shine Hair
Hair,M36800,2,36802,Orange Slick Shine Hair
Hair,M36800,3,36803,Yellow Slick Shine Hair
Hair,M36800,4,36804,Green Slick Shine Hair
Hair,M36800,5,36805,Blue Slick Shine Hair
Hair,M36800,6,36806,Purple Slick Shine Hair
Hair,M36800,7,36807,Brown Slick Shine Hair
Hair,M36810,0,36810,Black Crayon Hair
Hair,M36810,1,36811,Red Crayon Hair
Hair,M36810,2,36812,Orange Crayon Hair
Hair,M36810,3,36813,Yellow Crayon Hair
Hair,M36810,4,36814,Green Crayon Hair
Hair,M36810,5,36815,Blue Crayon Hair
Hair,M36810,6,36816,Purple Crayon Hair
Hair,M36810,7,36817,Brown Crayon Hair
Hair,M36820,0,36820,Black Bless Hair
Hair,M36820,1,36821,Red Bless Hair
Hair,M36820,2,36822,Orange Bless Hair
Hair,M36820,3,36823,Yellow Bless Hair
Hair,M36820,4,36824,Green Bless Hair
Hair,M36820,5,36825,Blue Bless Hair
Hair,M36820,6,36826,Purple Bless Hair
Hair,M36820,7,36827,Brown Bless Hair
Hair,M36830,0,36830,Black Silver Rain Hair
Hair,M36830,1,36831,Red Silver Rain Hair
Hair,M36830,2,36832,Orange Silver Rain Hair
Hair,M36830,3,36833,Yellow Silver Rain Hair
Hair,M36830,4,36834,Green Silver Rain Hair
Hair,M36830,5,36835,Blue Silver Rain Hair
Hair,M36830,6,36836,Purple Silver Rain Hair
Hair,M36830,7,36837,Brown Silver Rain Hair
Hair,M36840,0,36840,Black Tess Hair
Hair,M36840,1,36841,Red Tess Hair
Hair,M36840,2,36842,Orange Tess Hair
Hair,M36840,3,36843,Yellow Tess Hair
Hair,M36840,4,36844,Green Tess Hair
Hair,M36840,5,36845,Blue Tess Hair
Hair,M36840,6,36846,Purple Tess Hair
Hair,M36840,7,36847,Brown Tess Hair
Hair,M36850,0,36850,Black Rondo Hair
Hair,M36850,1,36851,Red Rondo Hair
Hair,M36850,2,36852,Orange Rondo Hair
Hair,M36850,3,36853,Yellow Rondo Hair
Hair,M36850,4,36854,Green Rondo Hair
Hair,M36850,5,36855,Blue Rondo Hair
Hair,M36850,6,36856,Purple Rondo Hair
Hair,M36850,7,36857,Brown Rondo Hair
Hair,M36860,0,36860,Black Foil Perm Hair
Hair,M36860,1,36861,Red Foil Perm Hair
Hair,M36860,2,36862,Orange Foil Perm Hair
Hair,M36860,3,36863,Blondee Foil Perm Hair
Hair,M36860,4,36864,Green Foil Perm Hair
Hair,M36860,5,36865,Blue Foil Perm Hair
Hair,M36860,6,36866,Purple Foil Perm Hair
Hair,M36860,7,36867,Brown Foil Perm Hair
Hair,M36870,0,36870,Hair 36870
Hair,M36870,1,36871,Hair 36871
Hair,M36870,2,36872,Hair 36872
Hair,M36870,3,36873,Hair 36873
Hair,M36870,4,36874,Hair 36874
Hair,M36870,5,36875,Hair 36875
Hair,M36870,6,36876,Hair 36876
Hair,M36870,7,36877,Hair 36877
Hair,M36880,0,36880,Black Light 'n' Layered Hair
Hair,M36880,1,36881,Red Light 'n' Layered Hair
Hair,M36880,2,36882,White Light 'n' Layered Hair
Hair,M36880,3,36883,Blondee Light 'n' Layered Hair
Hair,M36880,4,36884,Green Light 'n' Layered Hair
Hair,M36880,5,36885,Blue Light 'n' Layered Hair
Hair,M36880,6,36886,Purple Light 'n' Layered Hair
Hair,M36880,7,36887,Brown Light 'n' Layered Hair
Hair,M36890,0,36890,Hair 36890
Hair,M36890,1,36891,Hair 36891
Hair,M36890,2,36892,Hair 36892
Hair,M36890,3,36893,Hair 36893
Hair,M36890,4,36894,Hair 36894
Hair,M36890,5,36895,Hair 36895
Hair,M36890,6,36896,Hair 36896
Hair,M36890,7,36897,Hair 36897
Hair,M36900,0,36900,Black Lop Ear Hair
Hair,M36900,1,36901,Red Lop Ear Hair
Hair,M36900,2,36902,White Lop Ear Hair
Hair,M36900,3,36903,Yellow Lop Ear Hair
Hair,M36900,4,36904,Green Lop Ear Hair
Hair,M36900,5,36905,Blue Lop Ear Hair
Hair,M36900,6,36906,Purple Lop Ear Hair
Hair,M36900,7,36907,Brown Lop Ear Hair
Hair,M36910,0,36910,Black Daredevil Hair
Hair,M36910,1,36911,Red Daredevil Hair
Hair,M36910,2,36912,Orange Daredevil Hair
Hair,M36910,3,36913,Yellow Daredevil Hair
Hair,M36910,4,36914,Green Daredevil Hair
Hair,M36910,5,36915,Blue Daredevil Hair
Hair,M36910,6,36916,Purple Daredevil Hair
Hair,M36910,7,36917,Brown Daredevil Hair
Hair,M36920,0,36920,Black Randy Hair
Hair,M36920,1,36921,Red Randy Hair
Hair,M36920,2,36922,White Randy Hair
Hair,M36920,3,36923,Yellow Randy Hair
Hair,M36920,4,36924,Green Randy Hair
Hair,M36920,5,36925,Blue Randy Hair
Hair,M36920,6,36926,Purple Randy Hair
Hair,M36920,7,36927,Brown Randy Hair
Hair,M36930,0,36930,Futuroid Male Hair
Hair,M36930,1,36931,Futuroid Male Hair
Hair,M36930,2,36932,Futuroid Male Hair
Hair,M36930,3,36933,Futuroid Male Hair
Hair,M36930,4,36934,Futuroid Male Hair
Hair,M36930,5,36935,Futuroid Male Hair
Hair,M36930,6,36936,Futuroid Male Hair
Hair,M36930,7,36937,Futuroid Male Hair
Hair,M36940,0,36940,Black Bean Jawbreaker Hair
Hair,M36940,1,36941,Strawberry Jawbreaker Hair
Hair,M36940,2,36942,Orange Jawbreaker Hair
Hair,M36940,3,36943,Lemon Jawbreaker Hair
Hair,M36940,4,36944,Melon Jawbreaker Hair
Hair,M36940,5,36945,Soda Jawbreaker Hair
Hair,M36940,6,36946,Grape Jawbreaker Hair
Hair,M36940,7,36947,Chocolate Jawbreaker Hair
Hair,M36950,0,36950,Black Alpha Hair
Hair,M36950,1,36951,Red Alpha Hair
Hair,M36950,2,36952,Orange Alpha Hair
Hair,M36950,3,36953,Yellow Alpha Hair
Hair,M36950,4,36954,Green Alpha Hair
Hair,M36950,5,36955,Blue Alpha Hair
Hair,M36950,6,36956,Purple Alpha Hair
Hair,M36950,7,36957,Brown Alpha Hair
Hair,M36980,0,36980,White Fairy King Oberon Hair
Hair,M36980,1,36981,Red Fairy King Oberon Hair
Hair,M36980,2,36982,Orange Fairy King Oberon Hair
Hair,M36980,3,36983,Yellow Fairy King Oberon Hair
Hair,M36980,4,36984,Green Fairy King Oberon Hair
Hair,M36980,5,36985,Blue Fairy King Oberon Hair
Hair,M36980,6,36986,Purple Fairy King Oberon Hair
Hair,M36980,7,36987,Brown Fairy King Oberon Hair
Hair,M36990,0,36990,Black Big Point Hair
Hair,M36990,1,36991,Red Big Point Hair
Hair,M36990,2,36992,Orange Big Point Hair
Hair,M36990,3,36993,Yellow Big Point Hair
Hair,M36990,4,36994,Green Big Point Hair
Hair,M36990,5,36995,Blue Big Point Hair
Hair,M36990,6,36996,Purple Big Point Hair
Hair,M36990,7,36997,Brown Big Point Hair
Hair,M37000,0,37000,Black Orchid Hair
Hair,M37000,1,37001,Red Orchid Hair
Hair,M37000,2,37002,Orange Orchid Hair
Hair,M37000,3,37003,Blonde Orchid Hair
Hair,M37000,4,37004,Green Orchid Hair
Hair,M37000,5,37005,Blue Orchid Hair
Hair,M37000,6,37006,Purple Orchid Hair
Hair,M37000,7,37007,Brown Orchid Hair
Hair,M37010,0,37010,Black Valerie Hair
Hair,M37010,1,37011,Red Valerie Hair
Hair,M37010,2,37012,Orange Valerie Hair
Hair,M37010,3,37013,Blonde Valerie Hair
Hair,M37010,4,37014,Green Valerie Hair
Hair,M37010,5,37015,Blue Valerie Hair
Hair,M37010,6,37016,Purple Valerie Hair
Hair,M37010,7,37017,Brown Valerie Hair
Hair,M37020,0,37020,Black Crystal Hair
Hair,M37020,1,37021,Red Crystal Hair
Hair,M37020,2,37022,Orange Crystal Hair
Hair,M37020,3,37023,Blonde Crystal Hair
Hair,M37020,4,37024,Green Crystal Hair
Hair,M37020,5,37025,Blue Crystal Hair
Hair,M37020,6,37026,Purple Crystal Hair
Hair,M37020,7,37027,Brown Crystal Hair
Hair,M37030,0,37030,Black Double Duchess Hair
Hair,M37030,1,37031,Red Double Duchess Hair
Hair,M37030,2,37032,Orange Double Duchess Hair
Hair,M37030,3,37033,Blonde Double Duchess Hair
Hair,M37030,4,37034,Green Double Duchess Hair
Hair,M37030,5,37035,Blue Double Duchess Hair
Hair,M37030,6,37036,Purple Double Duchess Hair
Hair,M37030,7,37037,Brown Double Duchess Hair
Hair,M37040,0,37040,Delicate Hair
Hair,M37040,1,37041,Red Delicate Hair
Hair,M37040,2,37042,Orange Delicate Hair
Hair,M37040,3,37043,Blonde Delicate Hair
Hair,M37040,4,37044,Green Delicate Hair
Hair,M37040,5,37045,Blue Delicate Hair
Hair,M37040,6,37046,Purple Delicate Hair
Hair,M37040,7,37047,Brown Delicate Hair
Hair,M37050,0,37050,Black Rough Pigtails
Hair,M37050,1,37051,Red Rough Pigtails
Hair,M37050,2,37052,Orange Rough Pigtails
Hair,M37050,3,37053,Blonde Rough Pigtails
Hair,M37050,4,37054,Green Rough Pigtails
Hair,M37050,5,37055,Blue Rough Pigtails
Hair,M37050,6,37056,Purple Rough Pigtails
Hair,M37050,7,37057,Brown Rough Pigtails
Hair,M37060,0,37060,Black Muse Hair
Hair,M37060,1,37061,Red Muse Hair
Hair,M37060,2,37062,Orange Muse Hair
Hair,M37060,3,37063,Blonde Muse Hair
Hair,M37060,4,37064,Green Muse Hair
Hair,M37060,5,37065,Blue Muse Hair
Hair,M37060,6,37066,Purple Muse Hair
Hair,M37060,7,37067,Brown Muse Hair
Hair,M37070,0,37070,Twinkle Hair
Hair,M37070,1,37071,Red Twinkle Hair
Hair,M37070,2,37072,Orange Twinkle Hair
Hair,M37070,3,37073,Blonde Twinkle Hair
Hair,M37070,4,37074,Green Twinkle Hair
Hair,M37070,5,37075,Blue Twinkle Hair
Hair,M37070,6,37076,Purple Twinkle Hair
Hair,M37070,7,37077,Brown Twinkle Hair
Hair,M37080,0,37080,Black Kanna Hair
Hair,M37080,1,37081,Red Kanna Hair
Hair,M37080,2,37082,Orange Kanna Hair
Hair,M37080,3,37083,Yellow Kanna Hair 
Hair,M37080,4,37084,Green Kanna Hair
Hair,M37080,5,37085,Blue Kanna Hair
Hair,M37080,6,37086,Purple Kanna Hair 
Hair,M37080,7,37087,Brown Kanna Hair 
Hair,M37090,0,37090,Black Twinkling Hair
Hair,M37090,1,37091,Red Twinkling Hair
Hair,M37090,2,37092,Orange Twinkling Hair
Hair,M37090,3,37093,Blonde Twinkling Hair
Hair,M37090,4,37094,Green Twinkling Hair
Hair,M37090,5,37095,Blue Twinkling Hair
Hair,M37090,6,37096,Purple Twinkling Hair
Hair,M37090,7,37097,Brown Twinkling Hair
Hair,M37100,0,37100,Black Dorothy Hair
Hair,M37100,1,37101,Red Dorothy Hair
Hair,M37100,2,37102,Orange Dorothy Hair
Hair,M37100,3,37103,Blonde Dorothy Hair
Hair,M37100,4,37104,Green Dorothy Hair
Hair,M37100,5,37105,Blue Dorothy Hair
Hair,M37100,6,37106,Purple Dorothy Hair
Hair,M37100,7,37107,Brown Dorothy Hair
Hair,M37110,0,37110,Black Cutesy Hair
Hair,M37110,1,37111,Red Cutesy Hair
Hair,M37110,2,37112,Orange Cutesy Hair
Hair,M37110,3,37113,Blonde Cutesy Hair
Hair,M37110,4,37114,Green Cutesy Hair
Hair,M37110,5,37115,Blue Cutesy Hair
Hair,M37110,6,37116,Purple Cutesy Hair
Hair,M37110,7,37117,Brown Cutesy Hair
Hair,M37120,0,37120,Black Neat Boyish Hair 
Hair,M37120,1,37121,Red Neat Boyish Hair 
Hair,M37120,2,37122,Orange Neat Boyish Hair 
Hair,M37120,3,37123,Blonde Neat Boyish Hair 
Hair,M37120,4,37124,Green Neat Boyish Hair 
Hair,M37120,5,37125,Blue Neat Boyish Hair 
Hair,M37120,6,37126,Purple Neat Boyish Hair 
Hair,M37120,7,37127,Brown Neat Boyish Hair 
Hair,M37130,0,37130,Black Pure Bouncy Hair 
Hair,M37130,1,37131,Red Bouncy Hair 
Hair,M37130,2,37132,Orange Pure Bouncy Hair 
Hair,M37130,3,37133,Blonde Pure Bouncy Hair 
Hair,M37130,4,37134,Green Pure Bouncy Hair 
Hair,M37130,5,37135,Blue Pure Bouncy Hair 
Hair,M37130,6,37136,Purple Pure Bouncy Hair 
Hair,M37130,7,37137,Brown Pure Bouncy Hair 
Hair,M37140,0,37140,Black Angelic Buster Hair
Hair,M37140,1,37141,Red Angelic Buster Hair
Hair,M37140,2,37142,Orange Angelic Buster Hair
Hair,M37140,3,37143,Yellow Angelic Buster Hair
Hair,M37140,4,37144,Green Angelic Buster Hair
Hair,M37140,5,37145,Blue Angelic Buster Hair
Hair,M37140,6,37146,Purple Angelic Buster Hair
Hair,M37140,7,37147,Brown Angelic Buster Hair
Hair,M37150,0,37150,Black Practical Hair
Hair,M37150,1,37151,Red Practical Hair
Hair,M37150,2,37152,Orange Practical Hair
Hair,M37150,3,37153,Blonde Practical Hair
Hair,M37150,4,37154,Green Practical Hair
Hair,M37150,5,37155,Blue Practical Hair
Hair,M37150,6,37156,Purple Practical Hair
Hair,M37150,7,37157,Brown Practical Hair
Hair,M37160,0,37160,Black Fluffy Fringe Hair
Hair,M37160,1,37161,Red Fluffy Fringe Hair
Hair,M37160,2,37162,Orange Fluffy Fringe Hair
Hair,M37160,3,37163,Blonde Fluffy Fringe Hair
Hair,M37160,4,37164,Green Fluffy Fringe Hair
Hair,M37160,5,37165,Blue Fluffy Fringe Hair
Hair,M37160,6,37166,Purple Fluffy Fringe Hair
Hair,M37160,7,37167,Brown Fluffy Fringe Hair
Hair,M37170,0,37170,Black Flyaway Fringe Hair
Hair,M37170,1,37171,Red Flyaway Fringe Hair
Hair,M37170,2,37172,Orange Flyaway Fringe Hair
Hair,M37170,3,37173,Blonde Flyaway Fringe Hair
Hair,M37170,4,37174,Green Flyaway Fringe Hair
Hair,M37170,5,37175,Blue Flyaway Fringe Hair
Hair,M37170,6,37176,Purple Flyaway Fringe Hair
Hair,M37170,7,37177,Brown Flyaway Fringe Hair
Hair,M37180,0,37180,Hair 37180
Hair,M37180,1,37181,Hair 37181
Hair,M37180,2,37182,Hair 37182
Hair,M37180,3,37183,Hair 37183
Hair,M37180,4,37184,Hair 37184
Hair,M37180,5,37185,Hair 37185
Hair,M37180,6,37186,Hair 37186
Hair,M37180,7,37187,Hair 37187
Hair,M37190,0,37190,Black Cute Honey Hair
Hair,M37190,1,37191,Red Cute Honey Hair
Hair,M37190,2,37192,Orange Cute Honey Hair
Hair,M37190,3,37193,Yellow Cute Honey Hair
Hair,M37190,4,37194,Green Cute Honey Hair
Hair,M37190,5,37195,Blue Cute Honey Hair
Hair,M37190,6,37196,Purple Cute Honey Hair
Hair,M37190,7,37197,Brown Cute Honey Hair
Hair,M37200,0,37200,Black Elegant Wave Hair
Hair,M37200,1,37201,Red Elegant Wave Hair
Hair,M37200,2,37202,Orange Elegant Wave Hair
Hair,M37200,3,37203,Blonde Elegant Wave Hair
Hair,M37200,4,37204,Green Elegant Wave Hair
Hair,M37200,5,37205,Blue Elegant Wave Hair
Hair,M37200,6,37206,Purple Elegant Wave Hair
Hair,M37200,7,37207,Brown Elegant Wave Hair
Hair,M37210,0,37210,Black Dip Dyed Hair
Hair,M37210,1,37211,Red Dip Dyed Hair
Hair,M37210,2,37212,Orange Dip Dyed Hair
Hair,M37210,3,37213,Blonde Dip Dyed Hair
Hair,M37210,4,37214,Green Dip Dyed Hair
Hair,M37210,5,37215,Blue Dip Dyed Hair
Hair,M37210,6,37216,Purple Dip Dyed Hair
Hair,M37210,7,37217,Brown Dip Dyed Hair
Hair,M37220,0,37220,Black Ultra Bangs
Hair,M37220,1,37221,Red Ultra Bangs
Hair,M37220,2,37222,Orange Ultra Bangs
Hair,M37220,3,37223,Yellow Ultra Bangs
Hair,M37220,4,37224,Green Ultra Bangs
Hair,M37220,5,37225,Blue Ultra Bangs
Hair,M37220,6,37226,Purple Ultra Bangs
Hair,M37220,7,37227,Brown Ultra Bangs
Hair,M37230,0,37230,Black Flower Bun
Hair,M37230,1,37231,Red Flower Bun
Hair,M37230,2,37232,Orange Flower Bun
Hair,M37230,3,37233,Yellow Flower Bun
Hair,M37230,4,37234,Green Flower Bun
Hair,M37230,5,37235,Blue Flower Bun
Hair,M37230,6,37236,Purple Flower Bun
Hair,M37230,7,37237,Brown Flower Bun
Hair,M37240,0,37240,Black Nova Bob Cut
Hair,M37240,1,37241,Red Nova Bob Cut
Hair,M37240,2,37242,Orange Nova Bob Cut
Hair,M37240,3,37243,Blonde Nova Bob Cut
Hair,M37240,4,37244,Green Nova Bob Cut
Hair,M37240,5,37245,Blue Nova Bob Cut
Hair,M37240,6,37246,Purple Nova Bob Cut
Hair,M37240,7,37247,Brown Nova Bob Cut
Hair,M37250,0,37250,Black Nova Long Curly Hair
Hair,M37250,1,37251,Red Nova Long Curly Hair
Hair,M37250,2,37252,Orange Nova Long Curly Hair
Hair,M37250,3,37253,Blonde Nova Long Curly Hair
Hair,M37250,4,37254,Green Nova Long Curly Hair
Hair,M37250,5,37255,Blue Nova Long Curly Hair
Hair,M37250,6,37256,Purple Nova Long Curly Hair
Hair,M37250,7,37257,Brown Nova Long Curly Hair
Hair,M37260,0,37260,Black Angelica Hair
Hair,M37260,1,37261,Red Angelica Hair
Hair,M37260,2,37262,Orange Angelica Hair
Hair,M37260,3,37263,Yellow Angelica Hair
Hair,M37260,4,37264,Green Angelica Hair
Hair,M37260,5,37265,Blue Angelica Hair
Hair,M37260,6,37266,Purple Angelica Hair
Hair,M37260,7,37267,Brown Angelica Hair
Hair,M37270,0,37270,Cute Kanna Bob (Black)
Hair,M37270,1,37271,Cute Kanna Bob (Red)
Hair,M37270,2,37272,Cute Kanna Bob (Orange)
Hair,M37270,3,37273,Cute Kanna Bob (Yellow)
Hair,M37270,4,37274,Cute Kanna Bob (Green)
Hair,M37270,5,37275,Cute Kanna Bob (Blue)
Hair,M37270,6,37276,Cute Kanna Bob (Purple)
Hair,M37270,7,37277,Cute Kanna Bob (Brown)
Hair,M37280,0,37280,Black Twisted Sister Hair
Hair,M37280,1,37281,Red Twisted Sister Hair
Hair,M37280,2,37282,Orange Twisted Sister Hair
Hair,M37280,3,37283,Blonde Twisted Sister Hair
Hair,M37280,4,37284,Green Twisted Sister Hair
Hair,M37280,5,37285,Blue Twisted Sister Hair
Hair,M37280,6,37286,Purple Twisted Sister Hair
Hair,M37280,7,37287,Brown Twisted Sister Hair
Hair,M37290,0,37290,Black Matilda Hair
Hair,M37290,1,37291,Red Matilda Hair
Hair,M37290,2,37292,Orange Matilda Hair
Hair,M37290,3,37293,Blonde Matilda Hair
Hair,M37290,4,37294,Green Matilda Hair
Hair,M37290,5,37295,Blue Matilda Hair
Hair,M37290,6,37296,Purple Matilda Hair
Hair,M37290,7,37297,Brown Matilda Hair
Hair,M37300,0,37300,Black Sylph Hair
Hair,M37300,1,37301,Red Sylph Hair
Hair,M37300,2,37302,Orange Sylph Hair
Hair,M37300,3,37303,Blonde Sylph Hair
Hair,M37300,4,37304,Green Sylph Hair
Hair,M37300,5,37305,Blue Sylph Hair
Hair,M37300,6,37306,Purple Sylph Hair
Hair,M37300,7,37307,Brown Sylph Hair
Hair,M37310,0,37310,Black Cotton Candy Hair
Hair,M37310,1,37311,Red Cotton Candy Hair
Hair,M37310,2,37312,Orange Cotton Candy Hair
Hair,M37310,3,37313,Blonde Cotton Candy Hair
Hair,M37310,4,37314,Green Cotton Candy Hair
Hair,M37310,5,37315,Blue Cotton Candy Hair
Hair,M37310,6,37316,Purple Cotton Candy Hair
Hair,M37310,7,37317,Brown Cotton Candy Hair
Hair,M37320,0,37320,Black Lilac Hair
Hair,M37320,1,37321,Red Lilac Hair
Hair,M37320,2,37322,Orange Lilac Hair
Hair,M37320,3,37323,Blonde Lilac Hair
Hair,M37320,4,37324,Green Lilac Hair
Hair,M37320,5,37325,Blue Lilac Hair
Hair,M37320,6,37326,Purple Lilac Hair
Hair,M37320,7,37327,Brown Lilac Hair
Hair,M37330,0,37330,Hair 37330
Hair,M37330,1,37331,Hair 37331
Hair,M37330,2,37332,Hair 37332
Hair,M37330,3,37333,Hair 37333
Hair,M37330,4,37334,Hair 37334
Hair,M37330,5,37335,Hair 37335
Hair,M37330,6,37336,Hair 37336
Hair,M37330,7,37337,Hair 37337
Hair,M37340,0,37340,Black Silky Locks
Hair,M37340,1,37341,Red Silky Locks
Hair,M37340,2,37342,Orange Silky Locks
Hair,M37340,3,37343,Blonde Silky Locks
Hair,M37340,4,37344,Green Silky Locks
Hair,M37340,5,37345,Blue Silky Locks
Hair,M37340,6,37346,Purple Silky Locks
Hair,M37340,7,37347,Brown Silky Locks
Hair,M37350,0,37350,Hair 37350
Hair,M37350,1,37351,Hair 37351
Hair,M37350,2,37352,Hair 37352
Hair,M37350,3,37353,Hair 37353
Hair,M37350,4,37354,Hair 37354
Hair,M37350,5,37355,Hair 37355
Hair,M37350,6,37356,Hair 37356
Hair,M37350,7,37357,Hair 37357
Hair,M37370,0,37370,Black Flora Hair
Hair,M37370,1,37371,Red Flora Hair
Hair,M37370,2,37372,Orange Flora Hair
Hair,M37370,3,37373,Blonde Flora Hair
Hair,M37370,4,37374,Green Flora Hair
Hair,M37370,5,37375,Blue Flora Hair
Hair,M37370,6,37376,Purple Flora Hair
Hair,M37370,7,37377,Brown Flora Hair
Hair,M37380,0,37380,Black Shaolin Hair
Hair,M37380,1,37381,Red Shaolin Hair
Hair,M37380,2,37382,Orange Shaolin Hair
Hair,M37380,3,37383,Blonde Shaolin Hair
Hair,M37380,4,37384,Green Shaolin Hair
Hair,M37380,5,37385,Purple Shaolin Hair
Hair,M37380,6,37386,Purple Shaolin Hair
Hair,M37380,7,37387,Brown Shaolin Hair
Hair,M37400,0,37400,Black Foxy Tail Hair
Hair,M37400,1,37401,Red Foxy Tail Hair
Hair,M37400,2,37402,Orange Foxy Tail Hair
Hair,M37400,3,37403,Blonde Foxy Tail Hair
Hair,M37400,4,37404,Green Foxy Tail Hair
Hair,M37400,5,37405,Blue Foxy Tail Hair
Hair,M37400,6,37406,Purple Foxy Tail Hair
Hair,M37400,7,37407,Brown Foxy Tail Hair
Hair,M37410,0,37410,Hair 37410
Hair,M37410,1,37411,Hair 37411
Hair,M37410,2,37412,Hair 37412
Hair,M37410,3,37413,Hair 37413
Hair,M37410,4,37414,Hair 37414
Hair,M37410,5,37415,Hair 37415
Hair,M37410,6,37416,Hair 37416
Hair,M37410,7,37417,Hair 37417
Hair,M37420,0,37420,Black Cutesy Twin Tail Hair
Hair,M37420,1,37421,Red Cutesy Twin Tail Hair
Hair,M37420,2,37422,Orange Cutesy Twin Tail Hair
Hair,M37420,3,37423,Blonde Cutesy Twin Tail Hair
Hair,M37420,4,37424,Green Cutesy Twin Tail Hair
Hair,M37420,5,37425,Blue Cutesy Twin Tail Hair
Hair,M37420,6,37426,Purple Cutesy Twin Tail Hair
Hair,M37420,7,37427,Brown Cutesy Twin Tail Hair
Hair,M37430,0,37430,Hair 37430
Hair,M37430,1,37431,Hair 37431
Hair,M37430,2,37432,Hair 37432
Hair,M37430,3,37433,Hair 37433
Hair,M37430,4,37434,Hair 37434
Hair,M37430,5,37435,Hair 37435
Hair,M37430,6,37436,Hair 37436
Hair,M37430,7,37437,Hair 37437
Hair,M37440,0,37440,Black Empress Aria Hair
Hair,M37440,1,37441,Red Empress Aria Hair
Hair,M37440,2,37442,Orange Empress Aria Hair
Hair,M37440,3,37443,Yellow Empress Aria Hair
Hair,M37440,4,37444,Green Empress Aria Hair
Hair,M37440,5,37445,Blue Empress Aria Hair
Hair,M37440,6,37446,Purple Empress Aria Hair
Hair,M37440,7,37447,Brown Empress Aria Hair
Hair,M37450,0,37450,Black Nostalgia Hair
Hair,M37450,1,37451,Red Nostalgia Hair
Hair,M37450,2,37452,Orange Vintage Hair
Hair,M37450,3,37453,Blonde Vintage Hair
Hair,M37450,4,37454,Green Vintage Hair
Hair,M37450,5,37455,Blue Vintage Hair
Hair,M37450,6,37456,Purple Vintage Hair
Hair,M37450,7,37457,Brown Vintage Hair
Hair,M37460,0,37460,Black Neo Orchid
Hair,M37460,1,37461,Red Neo Orchid
Hair,M37460,2,37462,Orange Neo Orchid
Hair,M37460,3,37463,Blonde Neo Orchid
Hair,M37460,4,37464,Green Neo Orchid
Hair,M37460,5,37465,Blue Neo Orchid
Hair,M37460,6,37466,Purple Neo Orchid
Hair,M37460,7,37467,Brown Neo Orchid
Hair,M37470,0,37470,Black Calm Wave Hair
Hair,M37470,1,37471,Red Calm Wave Hair
Hair,M37470,2,37472,Orange Calm Wave Hair
Hair,M37470,3,37473,Blonde Calm Wave Hair
Hair,M37470,4,37474,Green Calm Wave Hair
Hair,M37470,5,37475,Blue Calm Wave Hair
Hair,M37470,6,37476,Purple Calm Wave Hair
Hair,M37470,7,37477,Brown Calm Wave Hair
Hair,M37480,0,37480,Black Lopez Ponytail
Hair,M37480,1,37481,Red Lopez Ponytail
Hair,M37480,2,37482,Orange Lopez Ponytail
Hair,M37480,3,37483,Blonde Lopez Ponytail
Hair,M37480,4,37484,Green Lopez Ponytail
Hair,M37480,5,37485,Blue Lopez Ponytail
Hair,M37480,6,37486,Purple Lopez Ponytail
Hair,M37480,7,37487,Brown Lopez Ponytail
Hair,M37490,0,37490,Black Memorial
Hair,M37490,1,37491,Red Memorial
Hair,M37490,2,37492,Orange Memorial
Hair,M37490,3,37493,Blonde Memorial
Hair,M37490,4,37494,Green Memorial
Hair,M37490,5,37495,Blue Memorial
Hair,M37490,6,37496,Purple Memorial
Hair,M37490,7,37497,Brown Memorial
Hair,M37500,0,37500,Black Beryl Hair
Hair,M37500,1,37501,Red Beryl Hair
Hair,M37500,2,37502,Orange Beryl Hair
Hair,M37500,3,37503,Blonde Beryl Hair
Hair,M37500,4,37504,Green Beryl Hair
Hair,M37500,5,37505,Blue Beryl Hair
Hair,M37500,6,37506,Purple Beryl Hair
Hair,M37500,7,37507,Brown Beryl Hair
Hair,M37510,0,37510,Black C-Curl Perm Hair
Hair,M37510,1,37511,Red C-Curl Perm Hair
Hair,M37510,2,37512,Orange C-Curl Perm Hair
Hair,M37510,3,37513,Blonde C-Curl Perm Hair
Hair,M37510,4,37514,Green C-Curl Perm Hair
Hair,M37510,5,37515,Blue C-Curl Perm Hair
Hair,M37510,6,37516,Purple C-Curl Perm Hair
Hair,M37510,7,37517,Brown C-Curl Perm Hair
Hair,M37520,0,37520,Black Purty Parted Hair
Hair,M37520,1,37521,Red Purty Parted Hair
Hair,M37520,2,37522,Orange Purty Parted Hair
Hair,M37520,3,37523,Blonde Purty Parted Hair
Hair,M37520,4,37524,Green Purty Parted Hair
Hair,M37520,5,37525,Blue Purty Parted Hair
Hair,M37520,6,37526,Purple Purty Parted Hair
Hair,M37520,7,37527,Brown Purty Parted Hair
Hair,M37530,0,37530,Iris Hair
Hair,M37530,1,37531,Iris Hair
Hair,M37530,2,37532,Iris Hair
Hair,M37530,3,37533,Iris Hair
Hair,M37530,4,37534,Iris Hair
Hair,M37530,5,37535,Iris Hair
Hair,M37530,6,37536,Iris Hair
Hair,M37530,7,37537,Iris Hair
Hair,M37540,0,37540,Hair 37540
Hair,M37540,1,37541,Hair 37541
Hair,M37540,2,37542,Hair 37542
Hair,M37540,3,37543,Hair 37543
Hair,M37540,4,37544,Hair 37544
Hair,M37540,5,37545,Hair 37545
Hair,M37540,6,37546,Hair 37546
Hair,M37540,7,37547,Hair 37547
Hair,M37550,0,37550,Hair 37550
Hair,M37550,1,37551,Hair 37551
Hair,M37550,2,37552,Hair 37552
Hair,M37550,3,37553,Hair 37553
Hair,M37550,4,37554,Hair 37554
Hair,M37550,5,37555,Hair 37555
Hair,M37550,6,37556,Hair 37556
Hair,M37550,7,37557,Hair 37557
Hair,M37560,0,37560,Black Bow Bleached Hair
Hair,M37560,1,37561,Red Bow Bleached Hair
Hair,M37560,2,37562,Orange Bow Bleached Hair
Hair,M37560,3,37563,Yellow Bow Bleached Hair
Hair,M37560,4,37564,Green Bow Bleached Hair
Hair,M37560,5,37565,Blue Bow Bleached Hair
Hair,M37560,6,37566,Purple Bow Bleached Hair
Hair,M37560,7,37567,Brown Bow Bleached Hair
Hair,M37570,0,37570,Black Noblesse Hair
Hair,M37570,1,37571,Red Noblesse Hair
Hair,M37570,2,37572,Orange Noblesse Hair
Hair,M37570,3,37573,Blonde Noblesse Hair
Hair,M37570,4,37574,Green Noblesse Hair
Hair,M37570,5,37575,Blue Noblesse Hair
Hair,M37570,6,37576,Purple Noblesse Hair
Hair,M37570,7,37577,Brown Noblesse Hair
Hair,M37580,0,37580,Black Time-Saver Hair
Hair,M37580,1,37581,Red Time-Saver Hair
Hair,M37580,2,37582,Orange Time-Saver Hair
Hair,M37580,3,37583,Yellow Time-Saver Hair
Hair,M37580,4,37584,Green Time-Saver Hair
Hair,M37580,5,37585,Blue Time-Saver Hair
Hair,M37580,6,37586,Purple Time-Saver Hair
Hair,M37580,7,37587,Brown Time-Saver Hair
Hair,M37590,0,37590,Black Hayato Ponytail
Hair,M37590,1,37591,Red Hayato Ponytail
Hair,M37590,2,37592,Orange Hayato Ponytail
Hair,M37590,3,37593,Blonde Hayato Ponytail
Hair,M37590,4,37594,Green Hayato Ponytail
Hair,M37590,5,37595,Blue Hayato Ponytail\r\n
Hair,M37590,6,37596,Purple Hayato Ponytail
Hair,M37590,7,37597,Brown Hayato Ponytail
Hair,M37600,0,37600,Black Kenji Girl Hair
Hair,M37600,1,37601,Red Kenji Girl Hair
Hair,M37600,2,37602,Orange Kenji Girl Hair
Hair,M37600,3,37603,Blonde Kenji Girl Hair
Hair,M37600,4,37604,Green Kenji Girl Hair
Hair,M37600,5,37605,Blue Kenji Girl Hair
Hair,M37600,6,37606,Purple Kenji Girl Hair
Hair,M37600,7,37607,Brown Kenji Girl Hair
Hair,M37610,0,37610,Black Creampuff Hair
Hair,M37610,1,37611,Red Creampuff Hair
Hair,M37610,2,37612,Orange Creampuff Hair
Hair,M37610,3,37613,Yellow Creampuff Hair
Hair,M37610,4,37614,Green Creampuff Hair
Hair,M37610,5,37615,Blue Creampuff Hair
Hair,M37610,6,37616,Purple Creampuff Hair
Hair,M37610,7,37617,Brown Creampuff Hair
Hair,M37620,0,37620,Black Smoothie Ponytail
Hair,M37620,1,37621,Red Smoothie Ponytail
Hair,M37620,2,37622,Orange Smoothie Ponytail
Hair,M37620,3,37623,Yellow Smoothie Ponytail
Hair,M37620,4,37624,Green Smoothie Ponytail
Hair,M37620,5,37625,Blue Smoothie Ponytail
Hair,M37620,6,37626,Purple Smoothie Ponytail
Hair,M37620,7,37627,Brown Smoothie Ponytail
Hair,M37630,0,37630,Black Princess Roll Hair
Hair,M37630,1,37631,Red Princess Roll Hair
Hair,M37630,2,37632,Orange Princess Roll Hair
Hair,M37630,3,37633,Yellow Princess Roll Hair
Hair,M37630,4,37634,Green Princess Roll Hair
Hair,M37630,5,37635,Blue Princess Roll Hair
Hair,M37630,6,37636,Purple Princess Roll Hair
Hair,M37630,7,37637,Brown Princess Roll Hair
Hair,M37640,0,37640,White Eternal Wind Hair
Hair,M37640,1,37641,Red Eternal Wind Hair
Hair,M37640,2,37642,Orange Eternal Wind Hair
Hair,M37640,3,37643,Yellow Eternal Wind Hair
Hair,M37640,4,37644,Green Eternal Wind Hair
Hair,M37640,5,37645,Blue Eternal Wind Hair
Hair,M37640,6,37646,Purple Eternal Wind Hair
Hair,M37640,7,37647,Brown Eternal Wind Hair
Hair,M37650,0,37650,Black Star Candy Hair
Hair,M37650,1,37651,Red Star Candy Hair
Hair,M37650,2,37652,Orange Star Candy Hair
Hair,M37650,3,37653,Yellow Star Candy Hair
Hair,M37650,4,37654,Green Star Candy Hair
Hair,M37650,5,37655,Blue Star Candy Hair
Hair,M37650,6,37656,Purple Star Candy Hair
Hair,M37650,7,37657,Brown Star Candy Hair
Hair,M37660,0,37660,Black Succubus Hair
Hair,M37660,1,37661,Red Succubus Hair
Hair,M37660,2,37662,Orange Succubus Hair
Hair,M37660,3,37663,Yellow Succubus Hair
Hair,M37660,4,37664,Green Succubus Hair
Hair,M37660,5,37665,Blue Succubus Hair
Hair,M37660,6,37666,Purple Succubus Hair
Hair,M37660,7,37667,Brown Succubus Hair
Hair,M37670,0,37670,Black Colorful Hair
Hair,M37670,1,37671,Red Colorful Hair
Hair,M37670,2,37672,Orange Colorful Hair
Hair,M37670,3,37673,Yellow Colorful Hair
Hair,M37670,4,37674,Green Colorful Hair
Hair,M37670,5,37675,Blue Colorful Hair
Hair,M37670,6,37676,Purple Colorful Hair
Hair,M37670,7,37677,Brown Colorful Hair
Hair,M37680,0,37680,Black Straight Hair
Hair,M37680,1,37681,Red Straight Hair
Hair,M37680,2,37682,Orange Straight Hair
Hair,M37680,3,37683,Yellow Straight Hair
Hair,M37680,4,37684,Green Straight Hair
Hair,M37680,5,37685,Blue Straight Hair
Hair,M37680,6,37686,Purple Straight Hair
Hair,M37680,7,37687,Brown Straight Hair
Hair,M37690,0,37690,Black Wolf Tail Hair (F)
Hair,M37690,1,37691,Red Wolf Tail Hair (F)
Hair,M37690,2,37692,Orange Wolf Tail Hair (F)
Hair,M37690,3,37693,Yellow Wolf Tail Hair (F)
Hair,M37690,4,37694,Green Wolf Tail Hair (F)
Hair,M37690,5,37695,Blue Wolf Tail Hair (F)
Hair,M37690,6,37696,Purple Wolf Tail Hair (F)
Hair,M37690,7,37697,Brown Wolf Tail Hair (F)
Hair,M37700,0,37700,Black Juliet Hair
Hair,M37700,1,37701,Red Juliet Hair
Hair,M37700,2,37702,Orange Juliet Hair
Hair,M37700,3,37703,Yellow Juliet Hair
Hair,M37700,4,37704,Green Juliet Hair
Hair,M37700,5,37705,Blue Juliet Hair
Hair,M37700,6,37706,Purple Juliet Hair
Hair,M37700,7,37707,Brown Juliet Hair
Hair,M37710,0,37710,Black Soprano Hair
Hair,M37710,1,37711,Red Soprano Hair
Hair,M37710,2,37712,Orange Soprano Hair
Hair,M37710,3,37713,Yellow Soprano Hair
Hair,M37710,4,37714,Green Soprano Hair
Hair,M37710,5,37715,Blue Soprano Hair
Hair,M37710,6,37716,Purple Soprano Hair
Hair,M37710,7,37717,Brown Soprano Hair
Hair,M37720,0,37720,Black Papaya Hair
Hair,M37720,1,37721,Red Papaya Hair
Hair,M37720,2,37722,Orange Papaya Hair
Hair,M37720,3,37723,Yellow Papaya Hair
Hair,M37720,4,37724,Green Papaya Hair
Hair,M37720,5,37725,Blue Papaya Hair
Hair,M37720,6,37726,Purple Papaya Hair
Hair,M37720,7,37727,Brown Papaya Hair
Hair,M37730,0,37730,Black Boyish Bob
Hair,M37730,1,37731,Red Boyish Bob Hair
Hair,M37730,2,37732,Orange Boyish Bob Hair
Hair,M37730,3,37733,Yellow Boyish Bob
Hair,M37730,4,37734,Green Boyish Bob
Hair,M37730,5,37735,Blue Boyish Bob
Hair,M37730,6,37736,Purple Boyish Bob
Hair,M37730,7,37737,Brown Boyish Bob
Hair,M37740,0,37740,Black Marron Hair
Hair,M37740,1,37741,Red Marron Hair
Hair,M37740,2,37742,Orange Marron Hair
Hair,M37740,3,37743,Blonde Marron Hair
Hair,M37740,4,37744,Green Marron Hair
Hair,M37740,5,37745,Blue Marron Hair
Hair,M37740,6,37746,Purple Marron Hair
Hair,M37740,7,37747,Brown Marron Hair
Hair,M37750,0,37750,Black Aerial Hair
Hair,M37750,1,37751,Red Aerial Hair
Hair,M37750,2,37752,Orange Aerial Hair
Hair,M37750,3,37753,Blonde Aerial Hair
Hair,M37750,4,37754,Green Aerial Hair
Hair,M37750,5,37755,Blue Aerial Hair
Hair,M37750,6,37756,Purple Aerial Hair
Hair,M37750,7,37757,Brown Aerial Hair
Hair,M37760,0,37760,Black Dear You Hair
Hair,M37760,1,37761,Red Dear You Hair
Hair,M37760,2,37762,Orange Dear You Hair
Hair,M37760,3,37763,Blonde Dear You Hair
Hair,M37760,4,37764,Green Dear You Hair
Hair,M37760,5,37765,Blue Dear You Hair
Hair,M37760,6,37766,Purple Dear You Hair
Hair,M37760,7,37767,Brown Dear You Hair
Hair,M37770,0,37770,Black Ellinia Hair
Hair,M37770,1,37771,Red Ellinia Hair
Hair,M37770,2,37772,Orange Ellinia Hair
Hair,M37770,3,37773,Blonde Ellinia Hair
Hair,M37770,4,37774,Green Ellinia Hair
Hair,M37770,5,37775,Blue Ellinia Hair
Hair,M37770,6,37776,Purple Ellinia Hair
Hair,M37770,7,37777,Brown Ellinia Hair
Hair,M37780,0,37780,Black Henesys Hair
Hair,M37780,1,37781,Red Henesys Hair
Hair,M37780,2,37782,Orange Henesys Hair
Hair,M37780,3,37783,Blonde Henesys Hair
Hair,M37780,4,37784,Green Henesys Hair
Hair,M37780,5,37785,Blue Henesys Hair
Hair,M37780,6,37786,Purple Henesys Hair
Hair,M37780,7,37787,Brown Henesys Hair
Hair,M37790,0,37790,Black Nautilus Hair
Hair,M37790,1,37791,Red Nautilus Hair
Hair,M37790,2,37792,Orange Nautilus Hair
Hair,M37790,3,37793,Blonde Nautilus Hair
Hair,M37790,4,37794,Green Nautilus Hair
Hair,M37790,5,37795,Blue Nautilus Hair
Hair,M37790,6,37796,Purple Nautilus Hair
Hair,M37790,7,37797,Brown Nautilus Hair
Hair,M37800,0,37800,Black Upturned Pigtails Hair
Hair,M37800,1,37801,Red Upturned Pigtails Hair
Hair,M37800,2,37802,Orange Upturned Pigtails Hair
Hair,M37800,3,37803,Yellow Upturned Pigtails Hair
Hair,M37800,4,37804,Green Upturned Pigtails Hair
Hair,M37800,5,37805,Blue Upturned Pigtails Hair
Hair,M37800,6,37806,Purple Upturned Pigtails Hair
Hair,M37800,7,37807,Brown Upturned Pigtails Hair
Hair,M37810,0,37810,Black Daisy Bun
Hair,M37810,1,37811,Red Daisy Bun
Hair,M37810,2,37812,Orange Daisy Bun
Hair,M37810,3,37813,Yellow Daisy Bun
Hair,M37810,4,37814,Green Daisy Bun
Hair,M37810,5,37815,Blue Daisy Bun
Hair,M37810,6,37816,Purple Daisy Bun
Hair,M37810,7,37817,Brown Daisy Bun
Hair,M37820,0,37820,Black Aurora Hair
Hair,M37820,1,37821,Red Aurora Hair
Hair,M37820,2,37822,Orange Aurora Hair
Hair,M37820,3,37823,Yellow Aurora Hair
Hair,M37820,4,37824,Green Aurora Hair
Hair,M37820,5,37825,Blue Aurora Hair
Hair,M37820,6,37826,Purple Aurora Hair
Hair,M37820,7,37827,Brown Aurora Hair
Hair,M37830,0,37830,White Lavender Hair
Hair,M37830,1,37831,Red Lavender Hair
Hair,M37830,2,37832,Orange Lavender Hair
Hair,M37830,3,37833,Yellow Lavender Hair
Hair,M37830,4,37834,Green Lavender Hair
Hair,M37830,5,37835,Blue Lavender Hair
Hair,M37830,6,37836,Purple Lavender Hair
Hair,M37830,7,37837,Brown Lavender Hair
Hair,M37840,0,37840,Black Sugar Hair
Hair,M37840,1,37841,Red Sugar Hair
Hair,M37840,2,37842,Orange Sugar Hair
Hair,M37840,3,37843,Blonde Sugar Hair
Hair,M37840,4,37844,Green Sugar Hair
Hair,M37840,5,37845,Blue Sugar Hair
Hair,M37840,6,37846,Purple Sugar Hair
Hair,M37840,7,37847,Brown Sugar Hair
Hair,M37850,0,37850,Black Olive Hair
Hair,M37850,1,37851,Red Olive Hair
Hair,M37850,2,37852,Orange Olive Hair
Hair,M37850,3,37853,Yellow Olive Hair
Hair,M37850,4,37854,Green Olive Hair
Hair,M37850,5,37855,Blue Olive Hair
Hair,M37850,6,37856,Purple Olive Hair
Hair,M37850,7,37857,Brown Olive Hair
Hair,M37860,0,37860,Black Fluffy Cloud Hair
Hair,M37860,1,37861,Red Fluffy Cloud Hair
Hair,M37860,2,37862,Orange Fluffy Cloud Hair
Hair,M37860,3,37863,Yellow Fluffy Cloud Hair
Hair,M37860,4,37864,Green Fluffy Cloud Hair
Hair,M37860,5,37865,Blue Fluffy Cloud Hair
Hair,M37860,6,37866,Purple Fluffy Cloud Hair
Hair,M37860,7,37867,Brown Fluffy Cloud Hair
Hair,M37870,0,37870,Hair 37870
Hair,M37870,1,37871,Hair 37871
Hair,M37870,2,37872,Hair 37872
Hair,M37870,3,37873,Hair 37873
Hair,M37870,4,37874,Hair 37874
Hair,M37870,5,37875,Hair 37875
Hair,M37870,6,37876,Hair 37876
Hair,M37870,7,37877,Hair 37877
Hair,M37880,0,37880,Black Dahlia Hair
Hair,M37880,1,37881,Red Dahlia Hair
Hair,M37880,2,37882,Orange Dahlia Hair
Hair,M37880,3,37883,Yellow Dahlia Hair
Hair,M37880,4,37884,Green Dahlia Hair
Hair,M37880,5,37885,Blue Dahlia Hair
Hair,M37880,6,37886,Purple Dahlia Hair
Hair,M37880,7,37887,Brown Dahlia Hair
Hair,M37890,0,37890,Hair 37890
Hair,M37890,1,37891,Hair 37891
Hair,M37890,2,37892,Hair 37892
Hair,M37890,3,37893,Hair 37893
Hair,M37890,4,37894,Hair 37894
Hair,M37890,5,37895,Hair 37895
Hair,M37890,6,37896,Hair 37896
Hair,M37890,7,37897,Hair 37897
Hair,M37900,0,37900,Black Heroine Ponytail
Hair,M37900,1,37901,Red Heroine Ponytail
Hair,M37900,2,37902,White Heroine Ponytail
Hair,M37900,3,37903,Yellow Heroine Ponytail
Hair,M37900,4,37904,Green Heroine Ponytail
Hair,M37900,5,37905,Blue Heroine Ponytail
Hair,M37900,6,37906,Purple Heroine Ponytail
Hair,M37900,7,37907,Brown Heroine Ponytail
Hair,M37910,0,37910,Black Croissant Hair
Hair,M37910,1,37911,Red Croissant Hair
Hair,M37910,2,37912,Orange Croissant Hair
Hair,M37910,3,37913,Yellow Croissant Hair
Hair,M37910,4,37914,Green Croissant Hair
Hair,M37910,5,37915,Blue Croissant Hair
Hair,M37910,6,37916,Purple Croissant Hair
Hair,M37910,7,37917,Brown Croissant Hair
Hair,M37920,0,37920,Black Lop Ear Hair
Hair,M37920,1,37921,Red Lop Ear Hair
Hair,M37920,2,37922,White Lop Ear Hair
Hair,M37920,3,37923,Yellow Lop Ear Hair
Hair,M37920,4,37924,Green Lop Ear Hair
Hair,M37920,5,37925,Blue Lop Ear Hair
Hair,M37920,6,37926,Purple Lop Ear Hair
Hair,M37920,7,37927,Brown Lop Ear Hair
Hair,M37930,0,37930,Futuroid Female Hair
Hair,M37930,1,37931,Futuroid Female Hair
Hair,M37930,2,37932,Futuroid Female Hair
Hair,M37930,3,37933,Futuroid Female Hair
Hair,M37930,4,37934,Futuroid Female Hair
Hair,M37930,5,37935,Futuroid Female Hair
Hair,M37930,6,37936,Futuroid Female Hair
Hair,M37930,7,37937,Futuroid Female Hair
Hair,M37940,0,37940,Black Love Me Hair
Hair,M37940,1,37941,Red Love Me Hair
Hair,M37940,2,37942,Orange Love Me Hair
Hair,M37940,3,37943,Yellow Love Me Hair
Hair,M37940,4,37944,Green Love Me Hair
Hair,M37940,5,37945,Blue Love Me Hair
Hair,M37940,6,37946,Purple Love Me Hair
Hair,M37940,7,37947,Brown Love Me Hair
Hair,M37950,0,37950,Black Beta Hair
Hair,M37950,1,37951,Red Beta Hair
Hair,M37950,2,37952,Orange Beta Hair
Hair,M37950,3,37953,Yellow Beta Hair
Hair,M37950,4,37954,Green Beta Hair
Hair,M37950,5,37955,Blue Beta Hair
Hair,M37950,6,37956,Purple Beta Hair
Hair,M37950,7,37957,Brown Beta Hair
Hair,M37960,0,37960,White Fairy Queen Titania Hair
Hair,M37960,1,37961,Red Fairy Queen Titania Hair
Hair,M37960,2,37962,Orange Fairy Queen Titania Hair
Hair,M37960,3,37963,Yellow Fairy Queen Titania Hair
Hair,M37960,4,37964,Green Fairy Queen Titania Hair
Hair,M37960,5,37965,Blue Fairy Queen Titania Hair
Hair,M37960,6,37966,Purple Fairy Queen Titania Hair
Hair,M37960,7,37967,Pink Fairy Queen Titania Hair
Hair,M37970,0,37970,Black Olive Hair
Hair,M37970,1,37971,Red Olive Hair
Hair,M37970,2,37972,Orange Olive Hair
Hair,M37970,3,37973,Blonde Olive Hair
Hair,M37970,4,37974,Green Olive Hair
Hair,M37970,5,37975,Blue Olive Hair
Hair,M37970,6,37976,Purple Olive Hair
Hair,M37970,7,37977,Brown Olive Hair
Hair,M37980,0,37980,Black Jubilee Hair
Hair,M37980,1,37981,Red Jubilee Hair
Hair,M37980,2,37982,Orange Jubilee Hair
Hair,M37980,3,37983,Blonde Jubilee Hair
Hair,M37980,4,37984,Green Jubilee Hair
Hair,M37980,5,37985,Blue Jubilee Hair
Hair,M37980,6,37986,Purple Jubilee Hair
Hair,M37980,7,37987,Brown Jubilee Hair
Hair,M37990,0,37990,Black Apple Tea Hair
Hair,M37990,1,37991,Red Apple Tea Hair
Hair,M37990,2,37992,Orange Apple Tea Hair
Hair,M37990,3,37993,Yellow Apple Tea Hair
Hair,M37990,4,37994,Green Apple Tea Hair
Hair,M37990,5,37995,Blue Apple Tea Hair
Hair,M37990,6,37996,Purple Apple Tea Hair
Hair,M37990,7,37997,Brown Apple Tea Hair
Hair,M38000,0,38000,Black Harmony Hair
Hair,M38000,1,38001,Red Harmony Hair
Hair,M38000,2,38002,Orange Harmony Hair
Hair,M38000,3,38003,Yellow Harmony Hair
Hair,M38000,4,38004,Green Harmony Hair
Hair,M38000,5,38005,Blue Harmony Hair
Hair,M38000,6,38006,Purple Harmony Hair
Hair,M38000,7,38007,Brown Harmony Hair
Hair,M38010,0,38010,Black Blow Dry Hair
Hair,M38010,1,38011,Red Blow Dry Hair
Hair,M38010,2,38012,Orange Blow Dry Hair
Hair,M38010,3,38013,Yellow Blow Dry Hair
Hair,M38010,4,38014,Green Blow Dry Hair
Hair,M38010,5,38015,Blue Blow Dry Hair
Hair,M38010,6,38016,Purple Blow Dry Hair
Hair,M38010,7,38017,Brown Blow Dry Hair
Hair,M38020,0,38020,Black Moon Child Hair
Hair,M38020,1,38021,Red Moon Child Hair
Hair,M38020,2,38022,Orange Moon Child Hair
Hair,M38020,3,38023,Yellow Moon Child Hair
Hair,M38020,4,38024,Green Moon Child Hair
Hair,M38020,5,38025,Blue Moon Child Hair
Hair,M38020,6,38026,Purple Moon Child Hair
Hair,M38020,7,38027,Brown Moon Child Hair
Hair,M38030,0,38030,Black Donna Hair
Hair,M38030,1,38031,Red Donna Hair
Hair,M38030,2,38032,Orange Donna Hair
Hair,M38030,3,38033,Yellow Donna Hair
Hair,M38030,4,38034,Green Donna Hair
Hair,M38030,5,38035,Blue Donna Hair
Hair,M38030,6,38036,Purple Donna Hair
Hair,M38030,7,38037,Brown Donna Hair
Hair,M38040,0,38040,Black Ribbon Wave Hair
Hair,M38040,1,38041,Red Ribbon Wave Hair
Hair,M38040,2,38042,Orange Ribbon Wave Hair
Hair,M38040,3,38043,Yellow Ribbon Wave Hair
Hair,M38040,4,38044,Green Ribbon Wave Hair
Hair,M38040,5,38045,Blue Ribbon Wave Hair
Hair,M38040,6,38046,Purple Ribbon Wave Hair
Hair,M38040,7,38047,Brown Ribbon Wave Hair
Hair,M38050,0,38050,Black Tornado Twin Hair
Hair,M38050,1,38051,Red Tornado Twin Hair
Hair,M38050,2,38052,Orange Tornado Twin Hair
Hair,M38050,3,38053,Yellow Tornado Twin Hair
Hair,M38050,4,38054,Green Tornado Twin Hair
Hair,M38050,5,38055,Blue Tornado Twin Hair
Hair,M38050,6,38056,Purple Tornado Twin Hair
Hair,M38050,7,38057,Brown Tornado Twin Hair
Hair,M38060,0,38060,Black Conch Hair
Hair,M38060,1,38061,Red Conch Hair
Hair,M38060,2,38062,Orange Conch Hair
Hair,M38060,3,38063,Yellow Conch Hair
Hair,M38060,4,38064,Green Conch Hair
Hair,M38060,5,38065,Blue Conch Hair
Hair,M38060,6,38066,Purple Conch Hair
Hair,M38060,7,38067,Brown Conch Hair
Hair,M38070,0,38070,Black Princessy Hair
Hair,M38070,1,38071,Red Princessy Hair
Hair,M38070,2,38072,Orange Princessy Hair
Hair,M38070,3,38073,Yellow Princessy Hair
Hair,M38070,4,38074,Green Princessy Hair
Hair,M38070,5,38075,Blue Princessy Hair
Hair,M38070,6,38076,Purple Princessy Hair
Hair,M38070,7,38077,Brown Princessy Hair
Hair,M38080,0,38080,Black Long Bob Hair
Hair,M38080,1,38081,Red Long Bob Hair
Hair,M38080,2,38082,Orange Long Bob Hair
Hair,M38080,3,38083,Yellow Long Bob Hair
Hair,M38080,4,38084,Green Long Bob Hair
Hair,M38080,5,38085,Blue Long Bob Hair
Hair,M38080,6,38086,Purple Long Bob Hair
Hair,M38080,7,38087,Brown Long Bob Hair
Hair,M38090,0,38090,Black Ram Hair
Hair,M38090,1,38091,Red Ram Hair
Hair,M38090,2,38092,Ram Hair
Hair,M38090,3,38093,Yellow Ram Hair
Hair,M38090,4,38094,Green Ram Hair
Hair,M38090,5,38095,Blue Ram Hair
Hair,M38090,6,38096,Purple Ram Hair
Hair,M38090,7,38097,Brown Ram Hair
Hair,M38100,0,38100,Black Sugar Candy Hair
Hair,M38100,1,38101,Red Sugar Candy Hair
Hair,M38100,2,38102,Orange Sugar Candy Hair
Hair,M38100,3,38103,Yellow Sugar Candy Hair
Hair,M38100,4,38104,Green Sugar Candy Hair
Hair,M38100,5,38105,Blue Sugar Candy Hair
Hair,M38100,6,38106,Purple Sugar Candy Hair
Hair,M38100,7,38107,Brown Sugar Candy Hair
Hair,M38110,0,38110,Black Innocent Hair
Hair,M38110,1,38111,Red Innocent Hair
Hair,M38110,2,38112,Orange Innocent Hair
Hair,M38110,3,38113,Yellow Innocent Hair
Hair,M38110,4,38114,Green Innocent Hair
Hair,M38110,5,38115,Blue Innocent Hair
Hair,M38110,6,38116,Purple Innocent Hair
Hair,M38110,7,38117,Brown Innocent Hair
Hair,M38120,0,38120,Black Parfait Hair
Hair,M38120,1,38121,Red Parfait Hair
Hair,M38120,2,38122,Orange Parfait Hair
Hair,M38120,3,38123,Yellow Parfait Hair
Hair,M38120,4,38124,Green Parfait Hair
Hair,M38120,5,38125,Blue Parfait Hair
Hair,M38120,6,38126,Purple Parfait Hair
Hair,M38120,7,38127,Brown Parfait Hair
Hair,M38130,0,38130,Black Waxing Moon Hair
Hair,M38130,1,38131,Red Waxing Moon Hair
Hair,M38130,2,38132,Orange Waxing Moon Hair
Hair,M38130,3,38133,Yellow Waxing Moon Hair
Hair,M38130,4,38134,Green Waxing Moon Hair
Hair,M38130,5,38135,Blue Waxing Moon Hair
Hair,M38130,6,38136,Purple Waxing Moon Hair
Hair,M38130,7,38137,Brown Waxing Moon Hair
Hair,M38140,0,38140,Black Flower Pigtails
Hair,M38140,1,38141,Red Flower Pigtails
Hair,M38140,2,38142,Orange Flower Pigtails
Hair,M38140,3,38143,Yellow Flower Pigtails
Hair,M38140,4,38144,Green Flower Pigtails
Hair,M38140,5,38145,Blue Flower Pigtails
Hair,M38140,6,38146,Purple Flower Pigtails
Hair,M38140,7,38147,Brown Flower Pigtails
Hair,M38140,8,38148,Hair 38148
Hair,M38150,0,38150,Black Young Bob Hair
Hair,M38150,1,38151,Red Young Bob Hair
Hair,M38150,2,38152,White Young Bob Hair
Hair,M38150,3,38153,Yellow Young Bob Hair
Hair,M38150,4,38154,Pink Young Bob Hair
Hair,M38150,5,38155,Blue Young Bob Hair
Hair,M38150,6,38156,Purple Young Bob Hair
Hair,M38150,7,38157,Brown Young Bob Hair
Hair,M38160,0,38160,Black Side Ponytail
Hair,M38160,1,38161,Red Side Ponytail
Hair,M38160,2,38162,Orange Side Ponytail
Hair,M38160,3,38163,Blonde Side Ponytail
Hair,M38160,4,38164,Green Side Ponytail
Hair,M38160,5,38165,Blue Side Ponytail
Hair,M38160,6,38166,Purple Side Ponytail
Hair,M38160,7,38167,Brown Side Ponytail
Hair,M38170,0,38170,Hair 38170
Hair,M38170,1,38171,Hair 38171
Hair,M38170,2,38172,Hair 38172
Hair,M38170,3,38173,Hair 38173
Hair,M38170,4,38174,Hair 38174
Hair,M38170,5,38175,Hair 38175
Hair,M38170,6,38176,Hair 38176
Hair,M38170,7,38177,Hair 38177
Hair,M38180,0,38180,Black Short 'n' Sharp Hair
Hair,M38180,1,38181,Red Short 'n' Sharp Hair
Hair,M38180,2,38182,Orange Short 'n' Sharp Hair
Hair,M38180,3,38183,Blonde Short 'n' Sharp Hair
Hair,M38180,4,38184,Green Short 'n' Sharp Hair
Hair,M38180,5,38185,Blue Short 'n' Sharp Hair
Hair,M38180,6,38186,Purple Short 'n' Sharp Hair
Hair,M38180,7,38187,Brown Short 'n' Sharp Hair
Hair,M38190,0,38190,Hair 38190
Hair,M38190,1,38191,Hair 38191
Hair,M38190,2,38192,Hair 38192
Hair,M38190,3,38193,Hair 38193
Hair,M38190,4,38194,Hair 38194
Hair,M38190,5,38195,Hair 38195
Hair,M38190,6,38196,Hair 38196
Hair,M38190,7,38197,Hair 38197
Hair,M38200,0,38200,Hair 38200
Hair,M38200,1,38201,Hair 38201
Hair,M38200,2,38202,Hair 38202
Hair,M38200,3,38203,Hair 38203
Hair,M38200,4,38204,Hair 38204
Hair,M38200,5,38205,Hair 38205
Hair,M38200,6,38206,Hair 38206
Hair,M38200,7,38207,Hair 38207
Hair,M38210,0,38210,Hair 38210
Hair,M38210,1,38211,Hair 38211
Hair,M38210,2,38212,Hair 38212
Hair,M38210,3,38213,Hair 38213
Hair,M38210,4,38214,Hair 38214
Hair,M38210,5,38215,Hair 38215
Hair,M38210,6,38216,Hair 38216
Hair,M38210,7,38217,Hair 38217
Hair,M38220,0,38220,Hair 38220
Hair,M38220,1,38221,Hair 38221
Hair,M38220,2,38222,Hair 38222
Hair,M38220,3,38223,Hair 38223
Hair,M38220,4,38224,Hair 38224
Hair,M38220,5,38225,Hair 38225
Hair,M38220,6,38226,Hair 38226
Hair,M38220,7,38227,Hair 38227
Hair,M38230,0,38230,Hair 38230
Hair,M38230,1,38231,Hair 38231
Hair,M38230,2,38232,Hair 38232
Hair,M38230,3,38233,Hair 38233
Hair,M38230,4,38234,Hair 38234
Hair,M38230,5,38235,Hair 38235
Hair,M38230,6,38236,Hair 38236
Hair,M38230,7,38237,Hair 38237
Hair,M38240,0,38240,Black Lily Wave Hair
Hair,M38240,1,38241,Red Lily Wave Hair
Hair,M38240,2,38242,Orange Lily Wave Hair
Hair,M38240,3,38243,Blonde Lily Wave Hair
Hair,M38240,4,38244,Green Lily Wave Hair
Hair,M38240,5,38245,Blue Lily Wave Hair
Hair,M38240,6,38246,Purple Lily Wave Hair
Hair,M38240,7,38247,Brown Lily Wave Hair
Hair,M38250,0,38250,Black Lovely Kitty Hair
Hair,M38250,1,38251,Red Lovely Kitty Hair
Hair,M38250,2,38252,Orange Lovely Kitty Hair
Hair,M38250,3,38253,Blonde Lovely Kitty Hair
Hair,M38250,4,38254,Green Lovely Kitty Hair
Hair,M38250,5,38255,Blue Lovely Kitty Hair
Hair,M38250,6,38256,Purple Lovely Kitty Hair
Hair,M38250,7,38257,Brown Lovely Kitty Hair
Hair,M38260,0,38260,Black Cute Medium Hair
Hair,M38260,1,38261,Red Cute Medium Hair
Hair,M38260,2,38262,Orange Cute Medium Hair
Hair,M38260,3,38263,Blonde Cute Medium Hair
Hair,M38260,4,38264,Green Cute Medium Hair
Hair,M38260,5,38265,Blue Cute Medium Hair
Hair,M38260,6,38266,Purple Cute Medium Hair
Hair,M38260,7,38267,Brown Cute Medium Hair
Hair,M38270,0,38270,Black Puffram Hair
Hair,M38270,1,38271,Red Puffram Hair
Hair,M38270,2,38272,Orange Puffram Hair
Hair,M38270,3,38273,Yellow Puffram Hair
Hair,M38270,4,38274,Green Puffram Hair
Hair,M38270,5,38275,Blue Puffram Hair
Hair,M38270,6,38276,Purple Puffram Hair
Hair,M38270,7,38277,Brown Puffram Hair
Hair,M38280,0,38280,Black Cruller Hair
Hair,M38280,1,38281,Red Cruller Hair
Hair,M38280,2,38282,Orange Cruller Hair
Hair,M38280,3,38283,Yellow Cruller Hair
Hair,M38280,4,38284,Green Cruller Hair
Hair,M38280,5,38285,Blue Cruller Hair
Hair,M38280,6,38286,Purple Cruller Hair
Hair,M38280,7,38287,Brown Cruller Hair
Hair,M38290,0,38290,Black Star Rider Hair
Hair,M38290,1,38291,Red Star Rider Hair
Hair,M38290,2,38292,Orange Star Rider Hair
Hair,M38290,3,38293,Yellow Star Rider Hair
Hair,M38290,4,38294,Green Star Rider Hair
Hair,M38290,5,38295,Blue Star Rider Hair
Hair,M38290,6,38296,Blue Star Rider Hair
Hair,M38290,7,38297,Brown Star Rider Hair
Hair,M38300,0,38300,Black Bubbling Hair
Hair,M38300,1,38301,Red Bubbling Hair
Hair,M38300,2,38302,Orange Bubbling Hair
Hair,M38300,3,38303,Yellow Bubbling Hair
Hair,M38300,4,38304,Green Bubbling Hair
Hair,M38300,5,38305,Blue Bubbling Hair
Hair,M38300,6,38306,Purple Bubbling Hair
Hair,M38300,7,38307,Brown Bubbling Hair
Hair,M38310,0,38310,White Wonder Bunny
Hair,M38310,1,38311,Red Wonder Bunny
Hair,M38310,2,38312,Orange Wonder Bunny
Hair,M38310,3,38313,Yellow Wonder Bunny
Hair,M38310,4,38314,Green Wonder Bunny
Hair,M38310,5,38315,Blue Wonder Bunny
Hair,M38310,6,38316,Purple Wonder Bunny
Hair,M38310,7,38317,Brown Wonder Bunny
Hair,M38320,0,38320,Black Lovely Lass Hair
Hair,M38320,1,38321,Red Lovely Lass Hair
Hair,M38320,2,38322,Orange Lovely Lass Hair
Hair,M38320,3,38323,Blonde Lovely Lass Hair
Hair,M38320,4,38324,Green Lovely Lass Hair
Hair,M38320,5,38325,Blue Lovely Lass Hair
Hair,M38320,6,38326,Purple Lovely Lass Hair
Hair,M38320,7,38327,Brown Lovely Lass Hair
Hair,M38330,0,38330,Black Pinned Wave Hair
Hair,M38330,1,38331,Red Pinned Wave Hair
Hair,M38330,2,38332,Orange Pinned Wave Hair
Hair,M38330,3,38333,Blonde Pinned Wave Hair
Hair,M38330,4,38334,Green Pinned Wave Hair
Hair,M38330,5,38335,Blue Pinned Wave Hair
Hair,M38330,6,38336,Purple Pinned Wave Hair
Hair,M38330,7,38337,Brown Pinned Wave Hair
Hair,M38340,0,38340,Hair 38340
Hair,M38340,1,38341,Hair 38341
Hair,M38340,2,38342,Hair 38342
Hair,M38340,3,38343,Hair 38343
Hair,M38340,4,38344,Hair 38344
Hair,M38340,5,38345,Hair 38345
Hair,M38340,6,38346,Hair 38346
Hair,M38340,7,38347,Hair 38347
Hair,M38350,0,38350,Black Half Up Ponytail
Hair,M38350,1,38351,Red Half Up Ponytail
Hair,M38350,2,38352,Orange Half Up Ponytail
Hair,M38350,3,38353,Blonde Half Up Ponytail
Hair,M38350,4,38354,Green Half Up Ponytail
Hair,M38350,5,38355,Blue Half Up Ponytail
Hair,M38350,6,38356,Purple Half Up Ponytail
Hair,M38350,7,38357,Brown Half Up Ponytail
Hair,M38360,0,38360,Hair 38360
Hair,M38360,1,38361,Hair 38361
Hair,M38360,2,38362,Hair 38362
Hair,M38360,3,38363,Hair 38363
Hair,M38360,4,38364,Hair 38364
Hair,M38360,5,38365,Hair 38365
Hair,M38360,6,38366,Hair 38366
Hair,M38360,7,38367,Hair 38367
Hair,M38370,0,38370,Hair 38370
Hair,M38370,1,38371,Hair 38371
Hair,M38370,2,38372,Hair 38372
Hair,M38370,3,38373,Hair 38373
Hair,M38370,4,38374,Hair 38374
Hair,M38370,5,38375,Hair 38375
Hair,M38370,6,38376,Hair 38376
Hair,M38370,7,38377,Hair 38377
Hair,M38380,0,38380,Black Soft Curl Hair
Hair,M38380,1,38381,Red Soft Curl Hair
Hair,M38380,2,38382,Orange Soft Curl Hair
Hair,M38380,3,38383,Yellow Soft Curl Hair
Hair,M38380,4,38384,Green Soft Curl Hair
Hair,M38380,5,38385,Blue Soft Curl Hair
Hair,M38380,6,38386,Purple Soft Curl Hair
Hair,M38380,7,38387,Brown Soft Curl Hair
Hair,M38390,0,38390,Black Super Cutie Hair
Hair,M38390,1,38391,Red Super Cutie Hair
Hair,M38390,2,38392,Orange Super Cutie Hair
Hair,M38390,3,38393,Yellow Super Cutie Hair
Hair,M38390,4,38394,Green Super Cutie Hair
Hair,M38390,5,38395,Blue Super Cutie Hair
Hair,M38390,6,38396,Purple Super Cutie Hair
Hair,M38390,7,38397,Brown Super Cutie Hair
Hair,M38400,0,38400,Black Sweet Honey Hair
Hair,M38400,1,38401,Red Sweet Honey Hair
Hair,M38400,2,38402,Orange Sweet Honey Hair
Hair,M38400,3,38403,Yellow Sweet Honey Hair
Hair,M38400,4,38404,Green Sweet Honey Hair
Hair,M38400,5,38405,Blue Sweet Honey Hair
Hair,M38400,6,38406,Purple Sweet Honey Hair
Hair,M38400,7,38407,Brown Sweet Honey Hair
Hair,M38410,0,38410,Black Natural Hair
Hair,M38410,1,38411,Red Natural Hair
Hair,M38410,2,38412,Orange Natural Hair
Hair,M38410,3,38413,Yellow Natural Hair
Hair,M38410,4,38414,Green Natural Hair
Hair,M38410,5,38415,Blue Natural Hair
Hair,M38410,6,38416,Purple Natural Hair
Hair,M38410,7,38417,Brown Natural Hair
Hair,M38420,0,38420,Black Roly Poly Hair
Hair,M38420,1,38421,Red Roly Poly Hair
Hair,M38420,2,38422,Orange Roly Poly Hair
Hair,M38420,3,38423,Yellow Roly Poly Hair
Hair,M38420,4,38424,Green Roly Poly Hair
Hair,M38420,5,38425,Blue Roly Poly Hair
Hair,M38420,6,38426,Purple Roly Poly Hair
Hair,M38420,7,38427,Brown Roly Poly Hair
Hair,M38430,0,38430,Black Scarf Hair
Hair,M38430,1,38431,Red Scarf Hair
Hair,M38430,2,38432,Orange Scarf Hair
Hair,M38430,3,38433,Yellow Scarf Hair
Hair,M38430,4,38434,Green Scarf Hair
Hair,M38430,5,38435,Blue Scarf Hair
Hair,M38430,6,38436,Purple Scarf Hair
Hair,M38430,7,38437,Brown Scarf Hair
Hair,M38440,0,38440,[[FROZEN CONTENT]] Black Elsa Hair
Hair,M38440,1,38441,[[FROZEN CONTENT]] Red Elsa Hair
Hair,M38440,2,38442,[[FROZEN CONTENT]] Orange Elsa Hair
Hair,M38440,3,38443,[[FROZEN CONTENT]] Yellow Elsa Hair
Hair,M38440,4,38444,[[FROZEN CONTENT]] Green Elsa Hair
Hair,M38440,5,38445,[[FROZEN CONTENT]] Blue Elsa Hair
Hair,M38440,6,38446,[[FROZEN CONTENT]] Purple Elsa Hair
Hair,M38440,7,38447,[[FROZEN CONTENT]] Brown Elsa Hair
Hair,M38450,0,38450,Black Krinkle Cut  Hair
Hair,M38450,1,38451,Red Krinkle Cut  Hair
Hair,M38450,2,38452,Orange Krinkle Cut  Hair
Hair,M38450,3,38453,Yellow Krinkle Cut  Hair
Hair,M38450,4,38454,Green Krinkle Cut  Hair
Hair,M38450,5,38455,Blue Krinkle Cut  Hair
Hair,M38450,6,38456,Purple Krinkle Cut  Hair
Hair,M38450,7,38457,Brown Krinkle Cut  Hair
Hair,M38460,0,38460,Black Twinny Hair
Hair,M38460,1,38461,Red Twinny Hair
Hair,M38460,2,38462,Orange Twinny Hair
Hair,M38460,3,38463,Yellow Twinny Hair
Hair,M38460,4,38464,Green Twinny Hair
Hair,M38460,5,38465,Blue Twinny Hair
Hair,M38460,6,38466,Purple Twinny Hair
Hair,M38460,7,38467,Brown Twinny Hair
Hair,M38470,0,38470,Black Loverly Hair
Hair,M38470,1,38471,Red Loverly Hair
Hair,M38470,2,38472,Orange Loverly Hair
Hair,M38470,3,38473,Yellow Loverly Hair
Hair,M38470,4,38474,Green Loverly Hair
Hair,M38470,5,38475,Blue Loverly Hair
Hair,M38470,6,38476,Purple Loverly Hair
Hair,M38470,7,38477,Brown Loverly Hair
Hair,M38480,0,38480,Black Mermaid Curl Hair
Hair,M38480,1,38481,Red Mermaid Curl Hair
Hair,M38480,2,38482,Orange Mermaid Curl Hair
Hair,M38480,3,38483,Blonde Mermaid Curl Hair
Hair,M38480,4,38484,Green Mermaid Curl Hair
Hair,M38480,5,38485,Blue Mermaid Curl Hair
Hair,M38480,6,38486,Purple Mermaid Curl Hair
Hair,M38480,7,38487,Brown Mermaid Curl Hair
Hair,M38490,0,38490,Black Sugarbang Hair
Hair,M38490,1,38491,Red Sugarbang Hair
Hair,M38490,2,38492,Orange Sugarbang Hair
Hair,M38490,3,38493,Yellow Sugarbang Hair
Hair,M38490,4,38494,Green Sugarbang Hair
Hair,M38490,5,38495,Blue Sugarbang Hair
Hair,M38490,6,38496,Purple Sugarbang Hair
Hair,M38490,7,38497,Brown Sugarbang Hair
Hair,M38500,0,38500,Black Forest Wave
Hair,M38500,1,38501,Red Forest Wave
Hair,M38500,2,38502,Orange Forest Wave
Hair,M38500,3,38503,Blonde Forest Wave
Hair,M38500,4,38504,Green Forest Wave
Hair,M38500,5,38505,Blue Forest Wave
Hair,M38500,6,38506,Purple Forest Wave
Hair,M38500,7,38507,Brown Forest Wave
Hair,M38510,0,38510,Black Mystic Bobbed Hair
Hair,M38510,1,38511,Red Mystic Bobbed Hair
Hair,M38510,2,38512,White Mystic Bobbed Hair
Hair,M38510,3,38513,Blonde Mystic Bobbed Hair
Hair,M38510,4,38514,Green Mystic Bobbed Hair
Hair,M38510,5,38515,Blue Mystic Bobbed Hair
Hair,M38510,6,38516,Purple Mystic Bobbed Hair
Hair,M38510,7,38517,Brown Mystic Bobbed Hair
Hair,M38520,0,38520,Black Whipped Pigtails
Hair,M38520,1,38521,Red Whipped Pigtails
Hair,M38520,2,38522,White Whipped Pigtails
Hair,M38520,3,38523,Yellow Whipped Pigtails
Hair,M38520,4,38524,Green Whipped Pigtails
Hair,M38520,5,38525,Blue Whipped Pigtails
Hair,M38520,6,38526,Purple Whipped Pigtails
Hair,M38520,7,38527,Brown Whipped Pigtails
Hair,M38530,0,38530,Hair 38530
Hair,M38530,1,38531,Hair 38531
Hair,M38530,2,38532,Hair 38532
Hair,M38530,3,38533,Hair 38533
Hair,M38530,4,38534,Hair 38534
Hair,M38530,5,38535,Hair 38535
Hair,M38530,6,38536,Hair 38536
Hair,M38530,7,38537,Hair 38537
Hair,M38540,0,38540,Black Twenty Hair
Hair,M38540,1,38541,Red Twenty Hair
Hair,M38540,2,38542,Orange Twenty Hair
Hair,M38540,3,38543,Yellow Twenty Hair
Hair,M38540,4,38544,Green Twenty Hair
Hair,M38540,5,38545,Blue Twenty Hair
Hair,M38540,6,38546,Purple Twenty Hair
Hair,M38540,7,38547,Brown Twenty Hair
Hair,M38560,0,38560,Black Glowy Butterfly Hair
Hair,M38560,1,38561,Red Glowy Butterfly Hair
Hair,M38560,2,38562,Orange Glowy Butterfly Hair
Hair,M38560,3,38563,Blonde Glowy Butterfly Hair
Hair,M38560,4,38564,Green Glow Butterfly Hair
Hair,M38560,5,38565,Blue Glow Butterfly Hair
Hair,M38560,6,38566,Purple Glow Butterfly Hair
Hair,M38560,7,38567,Brown Glowy Butterfly Hair
Hair,M38570,0,38570,Black Rainbow Hair
Hair,M38570,1,38571,Red Rainbow Hair
Hair,M38570,2,38572,Orange Rainbow Hair
Hair,M38570,3,38573,Blonde Rainbow Hair
Hair,M38570,4,38574,Green Rainbow Hair
Hair,M38570,5,38575,Blue Rainbow Hair
Hair,M38570,6,38576,Purple Rainbow Hair
Hair,M38570,7,38577,Brown Rainbow Hair
Hair,M38580,0,38580,Marigold Hair
Hair,M38580,1,38581,Marigold Hair
Hair,M38580,2,38582,Marigold Hair
Hair,M38580,3,38583,Marigold Hair
Hair,M38580,4,38584,Marigold Hair
Hair,M38580,5,38585,Marigold Hair
Hair,M38580,6,38586,Marigold Hair
Hair,M38580,7,38587,Marigold Hair
Hair,M38590,0,38590,Black Odyssey Hair
Hair,M38590,1,38591,Red Odyssey Hair
Hair,M38590,2,38592,Orange Odyssey Hair
Hair,M38590,3,38593,Yellow Odyssey Hair
Hair,M38590,4,38594,Green Odyssey Hair
Hair,M38590,5,38595,Blue Odyssey Hair
Hair,M38590,6,38596,Purple Odyssey Hair
Hair,M38590,7,38597,Brown Odyssey Hair
Hair,M38600,0,38600,Black Ribbon Top Hair
Hair,M38600,1,38601,Red Ribbon Top Hair
Hair,M38600,2,38602,Orange Ribbon Top Hair
Hair,M38600,3,38603,Yellow Ribbon Top Hair
Hair,M38600,4,38604,Green Ribbon Top Hair
Hair,M38600,5,38605,Blue Ribbon Top Hair
Hair,M38600,6,38606,Purple Ribbon Top Hair
Hair,M38600,7,38607,Brown Ribbon Top Hair
Hair,M38610,0,38610,Black Shiny Ribbon Hair
Hair,M38610,1,38611,Red Shiny Ribbon Hair
Hair,M38610,2,38612,Orange Shiny Ribbon Hair
Hair,M38610,3,38613,Yellow Shiny Ribbon Hair
Hair,M38610,4,38614,Green Shiny Ribbon Hair
Hair,M38610,5,38615,Blue Shiny Ribbon Hair
Hair,M38610,6,38616,Purple Shiny Ribbon Hair
Hair,M38610,7,38617,Brown Shiny Ribbon Hair
Hair,M38620,0,38620,Black Pure Bob Cut
Hair,M38620,1,38621,Red Pure Bob Cut
Hair,M38620,2,38622,Orange Pure Bob Cut
Hair,M38620,3,38623,Yellow Pure Bob Cut
Hair,M38620,4,38624,Green Pure Bob Cut
Hair,M38620,5,38625,Blue Pure Bob Cut
Hair,M38620,6,38626,Purple Pure Bob Cut
Hair,M38620,7,38627,Brown Pure Bob Cut
Hair,M38630,0,38630,Black Rosalia Hair
Hair,M38630,1,38631,Red Rosalia Hair
Hair,M38630,2,38632,Orange Rosalia Hair
Hair,M38630,3,38633,Yellow Rosalia Hair
Hair,M38630,4,38634,Green Rosalia Hair
Hair,M38630,5,38635,Blue Rosalia Hair
Hair,M38630,6,38636,Purple Rosalia Hair
Hair,M38630,7,38637,Brown Rosalia Hair
Hair,M38640,0,38640,Black Sunny Hair
Hair,M38640,1,38641,Red Sunny Hair
Hair,M38640,2,38642,Orange Sunny Hair
Hair,M38640,3,38643,Yellow Sunny Hair
Hair,M38640,4,38644,Green Sunny Hair
Hair,M38640,5,38645,Blue Sunny Hair
Hair,M38640,6,38646,Purple Sunny Hair
Hair,M38640,7,38647,Brown Sunny Hair
Hair,M38650,0,38650,Black High Ponytail Hair
Hair,M38650,1,38651,Red High Ponytail Hair
Hair,M38650,2,38652,Orange High Ponytail Hair
Hair,M38650,3,38653,Yellow High Ponytail Hair
Hair,M38650,4,38654,Green High Ponytail Hair
Hair,M38650,5,38655,Blue High Ponytail Hair
Hair,M38650,6,38656,Purple High Ponytail Hair
Hair,M38650,7,38657,Brown High Ponytail Hair
Hair,M38660,0,38660,Black Chic Tail Hair
Hair,M38660,1,38661,Red Chic Tail Hair
Hair,M38660,2,38662,Orange Chic Tail Hair
Hair,M38660,3,38663,Yellow Chic Tail Hair
Hair,M38660,4,38664,Green Chic Tail Hair
Hair,M38660,5,38665,Blue Chic Tail Hair
Hair,M38660,6,38666,Purple Chic Tail Hair
Hair,M38660,7,38667,Brown Chic Tail Hair
Hair,M38670,0,38670,Black Powerful Short Hair
Hair,M38670,1,38671,Red Powerful Short Hair
Hair,M38670,2,38672,Orange Powerful Short Hair
Hair,M38670,3,38673,Yellow Powerful Short Hair
Hair,M38670,4,38674,Green Powerful Short Hair
Hair,M38670,5,38675,Blue Powerful Short Hair
Hair,M38670,6,38676,Purple Powerful Short Hair
Hair,M38670,7,38677,Brown Powerful Short Hair
Hair,M38680,0,38680,Black Airhead Hair
Hair,M38680,1,38681,Red Airhead Hair
Hair,M38680,2,38682,Orange Airhead Hair
Hair,M38680,3,38683,Yellow Airhead Hair
Hair,M38680,4,38684,Green Airhead Hair
Hair,M38680,5,38685,Blue Airhead Hair
Hair,M38680,6,38686,Purple Airhead Hair
Hair,M38680,7,38687,Brown Airhead Hair
Hair,M38690,0,38690,Black Sweet Creme Hair
Hair,M38690,1,38691,Red Sweet Creme Hair
Hair,M38690,2,38692,Orange Sweet Creme Hair
Hair,M38690,3,38693,Yellow Sweet Creme Hair
Hair,M38690,4,38694,Green Sweet Creme Hair
Hair,M38690,5,38695,Blue Sweet Creme Hair
Hair,M38690,6,38696,Purple Sweet Creme Hair
Hair,M38690,7,38697,Brown Sweet Creme Hair
Hair,M38700,0,38700,Black Cammy Hair
Hair,M38700,1,38701,Red Cammy Hair
Hair,M38700,2,38702,Orange Cammy Hair
Hair,M38700,3,38703,Yellow Cammy Hair
Hair,M38700,4,38704,Green Cammy Hair
Hair,M38700,5,38705,Blue Cammy Hair
Hair,M38700,6,38706,Purple Cammy Hair
Hair,M38700,7,38707,Brown Cammy Hair
Hair,M38710,0,38710,Black Noble Waves
Hair,M38710,1,38711,Red Noble Waves
Hair,M38710,2,38712,Orange Noble Waves
Hair,M38710,3,38713,Blonde Noble Waves
Hair,M38710,4,38714,Green Noble Waves
Hair,M38710,5,38715,Blue Noble Waves
Hair,M38710,6,38716,Purple Noble Waves
Hair,M38710,7,38717,Brown Noble Waves
Hair,M38720,0,38720,Hair 38720
Hair,M38720,1,38721,Hair 38721
Hair,M38720,2,38722,Hair 38722
Hair,M38720,3,38723,Hair 38723
Hair,M38720,4,38724,Hair 38724
Hair,M38720,5,38725,Hair 38725
Hair,M38720,6,38726,Hair 38726
Hair,M38720,7,38727,Hair 38727
Hair,M38730,0,38730,Black Tangy Top Hair
Hair,M38730,1,38731,Red Tangy Top Hair
Hair,M38730,2,38732,Orange Tangy Top Hair
Hair,M38730,3,38733,Yellow Tangy Top Hair
Hair,M38730,4,38734,Green Tangy Top Hair
Hair,M38730,5,38735,Blue Tangy Top Hair
Hair,M38730,6,38736,Purple Tangy Top Hair
Hair,M38730,7,38737,Brown Tangy Top Hair
Hair,M38740,0,38740,Black Bestie Girl Hair
Hair,M38740,1,38741,Red Bestie Girl Hair
Hair,M38740,2,38742,Orange Bestie Girl Hair
Hair,M38740,3,38743,Yellow Bestie Girl Hair
Hair,M38740,4,38744,Green Bestie Girl Hair
Hair,M38740,5,38745,Blue Bestie Girl Hair
Hair,M38740,6,38746,Purple Bestie Girl Hair
Hair,M38740,7,38747,Brown Bestie Girl Hair
Hair,M38750,0,38750,Black Sylvan Forest Hair
Hair,M38750,1,38751,Red Sylvan Forest Hair
Hair,M38750,2,38752,Orange Sylvan Forest Hair
Hair,M38750,3,38753,Yellow Sylvan Forest Hair
Hair,M38750,4,38754,Green Sylvan Forest Hair
Hair,M38750,5,38755,Blue Sylvan Forest Hair
Hair,M38750,6,38756,Purple Sylvan Forest Hair
Hair,M38750,7,38757,Brown Sylvan Forest Hair
Hair,M38760,0,38760,Black Vella Hair
Hair,M38760,1,38761,Red Vella Hair
Hair,M38760,2,38762,Orange Vella Hair
Hair,M38760,3,38763,Yellow Vella Hair
Hair,M38760,4,38764,Green Vella Hair
Hair,M38760,5,38765,Blue Vella Hair
Hair,M38760,6,38766,Purple Vella Hair
Hair,M38760,7,38767,Brown Vella Hair
Hair,M38770,0,38770,Black Darkhound Hair
Hair,M38770,1,38771,Red Darkhound Hair
Hair,M38770,2,38772,Orange Darkhound Hair
Hair,M38770,3,38773,Blonde Darkhound Hair
Hair,M38770,4,38774,Green Darkhound Hair
Hair,M38770,5,38775,Blue Darkhound Hair
Hair,M38770,6,38776,Purple Darkhound Hair
Hair,M38770,7,38777,Brown Darkhound Hair
Hair,M38780,0,38780,Black European Style Hair
Hair,M38780,1,38781,Red European Style Hair
Hair,M38780,2,38782,Orange European Style Hair
Hair,M38780,3,38783,Yellow European Style Hair
Hair,M38780,4,38784,Green European Style Hair
Hair,M38780,5,38785,Blue European Style Hair
Hair,M38780,6,38786,Purple European Style Hair
Hair,M38780,7,38787,Brown European Style Hair
Hair,M38790,0,38790,Black Voluminous Pigtails
Hair,M38790,1,38791,Red Voluminous Pigtails
Hair,M38790,2,38792,Orange Voluminous Pigtails
Hair,M38790,3,38793,Blonde Voluminous Pigtails
Hair,M38790,4,38794,Greend Voluminous Pigtails
Hair,M38790,5,38795,Blue Voluminous Pigtails
Hair,M38790,6,38796,Purple Voluminous Pigtails
Hair,M38790,7,38797,Brown Voluminous Pigtails
Hair,M38800,0,38800,Black Rough Volume Hair
Hair,M38800,1,38801,Red Rough Volume Hair
Hair,M38800,2,38802,Orange Rough Volume Hair
Hair,M38800,3,38803,Yellow Rough Volume Hair
Hair,M38800,4,38804,Green Rough Volume Hair
Hair,M38800,5,38805,Blue Rough Volume Hair
Hair,M38800,6,38806,Purple Rough Volume Hair
Hair,M38800,7,38807,Brown Rough Volume Hair
Hair,M38810,0,38810,Black Spring Flower Hair
Hair,M38810,1,38811,Red Spring Flower Hair
Hair,M38810,2,38812,Orange Spring Flower Hair
Hair,M38810,3,38813,Yellow Spring Flower Hair
Hair,M38810,4,38814,Green Spring Flower Hair
Hair,M38810,5,38815,Blue Spring Flower Hair
Hair,M38810,6,38816,Purple Spring Flower Hair
Hair,M38810,7,38817,Brown Spring Flower Hair
Hair,M38820,0,38820,Black Princess Hair
Hair,M38820,1,38821,Red Princess Hair
Hair,M38820,2,38822,Orange Princess Hair
Hair,M38820,3,38823,Yellow Princess Hair
Hair,M38820,4,38824,Green Princess Hair
Hair,M38820,5,38825,Blue Princess Hair
Hair,M38820,6,38826,Purple Princess Hair
Hair,M38820,7,38827,Brown Princess Hair
Hair,M38830,0,38830,Black 80's European Hair
Hair,M38830,1,38831,Red 80's European Hair
Hair,M38830,2,38832,Orange 80's European Hair
Hair,M38830,3,38833,Yellow 80's European Hair
Hair,M38830,4,38834,Green 80's European Hair
Hair,M38830,5,38835,Blue 80's European Hair
Hair,M38830,6,38836,Purple 80's European Hair
Hair,M38830,7,38837,Brown 80's European Hair
Hair,M38840,0,38840,Black Lily Hair
Hair,M38840,1,38841,Red Lily Hair
Hair,M38840,2,38842,Orange Lily Hair
Hair,M38840,3,38843,Yellow Lily Hair
Hair,M38840,4,38844,Green Lily Hair
Hair,M38840,5,38845,Blue Lily Hair
Hair,M38840,6,38846,Purple Lily Hair
Hair,M38840,7,38847,Brown Lily Hair
Hair,M38850,0,38850,Hair 38850
Hair,M38850,1,38851,Hair 38851
Hair,M38850,2,38852,Hair 38852
Hair,M38850,3,38853,Hair 38853
Hair,M38850,4,38854,Hair 38854
Hair,M38850,5,38855,Hair 38855
Hair,M38850,6,38856,Hair 38856
Hair,M38850,7,38857,Hair 38857
Hair,M38860,0,38860,Black Irena Buddy Hair
Hair,M38860,1,38861,Red Irena Buddy Hair
Hair,M38860,2,38862,Orange Irena Buddy Hair
Hair,M38860,3,38863,Blonde Irena Buddy Hair
Hair,M38860,4,38864,Green Irena Buddy Hair
Hair,M38860,5,38865,Blue Irena Buddy Hair
Hair,M38860,6,38866,Purple Irena Buddy Hair
Hair,M38860,7,38867,Brown Irena Buddy Hair
Hair,M38880,0,38880,Black Cygnus Buddy Hair
Hair,M38880,1,38881,Red Cygnus Buddy Hair
Hair,M38880,2,38882,Orange Cygnus Buddy Hair
Hair,M38880,3,38883,Blonde Cygnus Buddy Hair
Hair,M38880,4,38884,Green Cygnus Buddy Hair
Hair,M38880,5,38885,Blue Cygnus Buddy Hair
Hair,M38880,6,38886,Purple Cygnus Buddy Hair
Hair,M38880,7,38887,Brown Cygnus Buddy Hair
Hair,M38890,0,38890,Black Long Swordswoman Hair
Hair,M38890,1,38891,Red Long Swordswoman Hair
Hair,M38890,2,38892,Orange Long Swordswoman Hair
Hair,M38890,3,38893,Yellow Long Swordswoman Hair
Hair,M38890,4,38894,Green Long Swordswoman Hair
Hair,M38890,5,38895,Blue Long Swordswoman Hair
Hair,M38890,6,38896,Purple Long Swordswoman Hair
Hair,M38890,7,38897,Bown Long Swordswoman Hair
Hair,M38900,0,38900,Black Short Swordswoman Hair
Hair,M38900,1,38901,Red Short Swordswoman Hair
Hair,M38900,2,38902,Orange Short Swordswoman Hair
Hair,M38900,3,38903,Yellow Short Swordswoman Hair
Hair,M38900,4,38904,Green Short Swordswoman Hair
Hair,M38900,5,38905,Blue Short Swordswoman Hair
Hair,M38900,6,38906,Purple Short Swordswoman Hair
Hair,M38900,7,38907,Brown Short Swordswoman Hair
Hair,M38910,0,38910,Black Slip Hair
Hair,M38910,1,38911,Red Slip Hair
Hair,M38910,2,38912,Orange Slip Hair
Hair,M38910,3,38913,Yellow Slip Hair
Hair,M38910,4,38914,Green Slip Hair
Hair,M38910,5,38915,Blue Slip Hair
Hair,M38910,6,38916,Purple Slip Hair
Hair,M38910,7,38917,Brown Slip Hair
Hair,M38920,0,38920,Haku Hair
Hair,M38930,0,38930,Black Royal Twin Tails Hair
Hair,M38930,1,38931,Red Royal Twin Tails Hair
Hair,M38930,2,38932,Orange Royal Twin Tails Hair
Hair,M38930,3,38933,Blonde Royal Twin Tails Hair
Hair,M38930,4,38934,Green Royal Twin Tails Hair
Hair,M38930,5,38935,Blue Royal Twin Tails Hair
Hair,M38930,6,38936,Purple Royal Twin Tails Hair
Hair,M38930,7,38937,Brown Royal Twin Tails Hair
Hair,M38940,0,38940,Black Glam Shiny Hair
Hair,M38940,1,38941,Red Glam Shiny Hair
Hair,M38940,2,38942,Orange Glam Shiny Hair
Hair,M38940,3,38943,Yellow Glam Shiny Hair
Hair,M38940,4,38944,Green Glam Shiny Hair
Hair,M38940,5,38945,Blue Glam Shiny Hair
Hair,M38940,6,38946,Purple Glam Shiny Hair
Hair,M38940,7,38947,Brown Glam Shiny Hair
Hair,M39000,0,39000,Black PSY Hair 
Hair,M39000,1,39001,Red PSY Hair 
Hair,M39000,2,39002,Orange PSY Hair 
Hair,M39000,3,39003,Blonde PSY Hair 
Hair,M39000,4,39004,Green PSY Hair 
Hair,M39000,5,39005,Blue PSY Hair 
Hair,M39000,6,39006,Purple PSY Hair 
Hair,M39000,7,39007,Brown PSY Hair 
Hair,M39040,0,39040,Black Flyaway Fringe Hair
Hair,M39040,1,39041,Red Flyaway Fringe Hair
Hair,M39040,2,39042,Orange Flyaway Fringe Hair
Hair,M39040,3,39043,Blonde Flyaway Fringe Hair
Hair,M39040,4,39044,Green Flyaway Fringe Hair
Hair,M39040,5,39045,Blue Flyaway Fringe Hair
Hair,M39040,6,39046,Purple Flyaway Fringe Hair
Hair,M39040,7,39047,Brown Flyaway Fringe Hair
Hair,M39050,0,39050,Black Cygnus Hair
Hair,M39050,1,39051,Red Cygnus Hair
Hair,M39050,2,39052,Orange Cygnus Hair
Hair,M39050,3,39053,Blonde Cygnus Hair
Hair,M39050,4,39054,Green Cygnus Hair
Hair,M39050,5,39055,Blue Cygnus Hair
Hair,M39050,6,39056,Purple Cygnus Hair
Hair,M39050,7,39057,Brown Cygnus Hair
Hair,M39060,0,39060,Black Billionaire Hair
Hair,M39060,1,39061,Red Billionaire Hair
Hair,M39060,2,39062,Orange Billionaire Hair
Hair,M39060,3,39063,Blonde Billionaire Hair
Hair,M39060,4,39064,Green Billionaire Hair
Hair,M39060,5,39065,Blue Billionaire Hair
Hair,M39060,6,39066,Purple Billionaire Hair
Hair,M39060,7,39067,Brown Billionaire Hair
Hair,M39070,0,39070,Black Eastern Rocker Hair
Hair,M39070,1,39071,Red Eastern Rocker Hair
Hair,M39070,2,39072,Orange Eastern Rocker Hair
Hair,M39070,3,39073,Blonde Eastern Rocker Hair
Hair,M39070,4,39074,Green Eastern Rocker Hair
Hair,M39070,5,39075,Blue Eastern Rocker Hair
Hair,M39070,6,39076,Purple Eastern Rocker Hair
Hair,M39070,7,39077,Brown Eastern Rocker Hair
Hair,M39080,0,39080,Black Hipster Wave Hair
Hair,M39080,1,39081,Red Hipster Wave Hair
Hair,M39080,2,39082,Orange Hipster Wave Hair
Hair,M39080,3,39083,Blonde Hipster Wave Hair
Hair,M39080,4,39084,Green Hipster Wave Hair
Hair,M39080,5,39085,Blue Hipster Wave Hair
Hair,M39080,6,39086,Purple Hipster Wave Hair
Hair,M39080,7,39087,Brown Hipster Wave Hair
Hair,M39090,0,39090,검은색 아야메 헤어
Hair,M39090,1,39091,빨간색 아야메 헤어
Hair,M39090,2,39092,주황색 아야메 헤어
Hair,M39090,3,39093,노란색 아야메 헤어
Hair,M39090,4,39094,초록색 아야메 헤어
Hair,M39090,5,39095,파란색 아야메 헤어
Hair,M39090,6,39096,보라색 아야메 헤어
Hair,M39090,7,39097,갈색 아야메 헤어
Hair,M39100,0,39100,Hair 39100
Hair,M39100,1,39101,Hair 39101
Hair,M39100,2,39102,Hair 39102
Hair,M39100,3,39103,Hair 39103
Hair,M39100,4,39104,Hair 39104
Hair,M39100,5,39105,Hair 39105
Hair,M39100,6,39106,Hair 39106
Hair,M39100,7,39107,Hair 39107
Hair,M39110,0,39110,Hair 39110
Hair,M39110,1,39111,Hair 39111
Hair,M39110,2,39112,Hair 39112
Hair,M39110,3,39113,Hair 39113
Hair,M39110,4,39114,Hair 39114
Hair,M39110,5,39115,Hair 39115
Hair,M39110,6,39116,Hair 39116
Hair,M39110,7,39117,Hair 39117
Hair,M39120,0,39120,Hair 39120
Hair,M39120,1,39121,Hair 39121
Hair,M39120,2,39122,Hair 39122
Hair,M39120,3,39123,Hair 39123
Hair,M39120,4,39124,Hair 39124
Hair,M39120,5,39125,Hair 39125
Hair,M39120,6,39126,Hair 39126
Hair,M39120,7,39127,Hair 39127
Hair,M39130,0,39130,Hair 39130
Hair,M39130,1,39131,Hair 39131
Hair,M39130,2,39132,Hair 39132
Hair,M39130,3,39133,Hair 39133
Hair,M39130,4,39134,Hair 39134
Hair,M39130,5,39135,Hair 39135
Hair,M39130,6,39136,Hair 39136
Hair,M39130,7,39137,Hair 39137
Hair,M39140,0,39140,Hair 39140
Hair,M39140,1,39141,Hair 39141
Hair,M39140,2,39142,Hair 39142
Hair,M39140,3,39143,Hair 39143
Hair,M39140,4,39144,Hair 39144
Hair,M39140,5,39145,Hair 39145
Hair,M39140,6,39146,Hair 39146
Hair,M39140,7,39147,Hair 39147
Hair,M39150,0,39150,Hair 39150
Hair,M39150,1,39151,Hair 39151
Hair,M39150,2,39152,Hair 39152
Hair,M39150,3,39153,Hair 39153
Hair,M39150,4,39154,Hair 39154
Hair,M39150,5,39155,Hair 39155
Hair,M39150,6,39156,Hair 39156
Hair,M39150,7,39157,Hair 39157
Hair,M39160,0,39160,Hair 39160
Hair,M39160,1,39161,Hair 39161
Hair,M39160,2,39162,Hair 39162
Hair,M39160,3,39163,Hair 39163
Hair,M39160,4,39164,Hair 39164
Hair,M39160,5,39165,Hair 39165
Hair,M39160,6,39166,Hair 39166
Hair,M39160,7,39167,Hair 39167
Hair,M39170,0,39170,Hair 39170
Hair,M39170,1,39171,Hair 39171
Hair,M39170,2,39172,Hair 39172
Hair,M39170,3,39173,Hair 39173
Hair,M39170,4,39174,Hair 39174
Hair,M39170,5,39175,Hair 39175
Hair,M39170,6,39176,Hair 39176
Hair,M39170,7,39177,Hair 39177
Hair,M39180,0,39180,Hair 39180
Hair,M39180,1,39181,Hair 39181
Hair,M39180,2,39182,Hair 39182
Hair,M39180,3,39183,Hair 39183
Hair,M39180,4,39184,Hair 39184
Hair,M39180,5,39185,Hair 39185
Hair,M39180,6,39186,Hair 39186
Hair,M39180,7,39187,Hair 39187
Hair,M39190,0,39190,Black Soprano Hair
Hair,M39190,1,39191,Red Soprano Hair
Hair,M39190,2,39192,Orange Soprano Hair
Hair,M39190,3,39193,Blonde Soprano Hair
Hair,M39190,4,39194,Green Soprano Hair
Hair,M39190,5,39195,Blue Soprano Hair
Hair,M39190,6,39196,Purple Soprano Hair
Hair,M39190,7,39197,Brown Soprano Hair
Hair,M39200,0,39200,Black Blow Dry Hair
Hair,M39200,1,39201,Red Blow Dry Hair
Hair,M39200,2,39202,Orange Blow Dry Hair
Hair,M39200,3,39203,Blonde Blow Dry Hair
Hair,M39200,4,39204,Green Blow Dry Hair
Hair,M39200,5,39205,Blue Blow Dry Hair
Hair,M39200,6,39206,Purple Blow Dry Hair
Hair,M39200,7,39207,Brown Blow Dry Hair
Hair,M39210,0,39210,Black Irena Hair
Hair,M39210,1,39211,Red Irena Hair
Hair,M39210,2,39212,Orange Irena Hair
Hair,M39210,3,39213,Blonde Irena Hair
Hair,M39210,4,39214,Green Irena Hair
Hair,M39210,5,39215,Blue Irena Hair
Hair,M39210,6,39216,Purple Irena Hair
Hair,M39210,7,39217,Brown Irena Hair
Hair,M39220,0,39220,Black Beau Wild Hunter Hair
Hair,M39220,1,39221,Red Beau Wild Hunter Hair
Hair,M39220,2,39222,Orange Beau Wild Hunter Hair
Hair,M39220,3,39223,Blonde Beau Wild Hunter Hair
Hair,M39220,4,39224,Green Beau Wild Hunter Hair
Hair,M39220,5,39225,Blue Beau Wild Hunter Hair
Hair,M39220,6,39226,Purple Beau Wild Hunter Hair
Hair,M39220,7,39227,Brown Beau Wild Hunter Hair
Hair,M39230,0,39230,Black Ultra-Bubble Hair
Hair,M39230,1,39231,Red Ultra-Bubble Hair
Hair,M39230,2,39232,Orange Ultra-Bubble Hair
Hair,M39230,3,39233,Blonde Ultra-Bubble Hair
Hair,M39230,4,39234,Green Ultra-Bubble Hair
Hair,M39230,5,39235,Blue Ultra-Bubble Hair
Hair,M39230,6,39236,Purple Ultra-Bubble Hair
Hair,M39230,7,39237,Brown Ultra-Bubble Hair
Hair,M39240,0,39240,Black Super Antenna
Hair,M39240,1,39241,Red Super Antenna
Hair,M39240,2,39242,Orange Super Antenna
Hair,M39240,3,39243,Blonde Super Antenna
Hair,M39240,4,39244,Green Super Antenna
Hair,M39240,5,39245,Blue Super Antenna
Hair,M39240,6,39246,Purple Super Antenna
Hair,M39240,7,39247,Brown Super Antenna
Hair,M39250,0,39250,Black Hilla Android Hair
Hair,M39250,1,39251,Red Hilla Android Hair
Hair,M39250,2,39252,Orange Hilla Android Hair
Hair,M39250,3,39253,Blonde Hilla Android Hair
Hair,M39250,4,39254,Green Hilla Android Hair
Hair,M39250,5,39255,Blue Hilla Android Hair
Hair,M39250,6,39256,Purple Hilla Android Hair
Hair,M39250,7,39257,Brown Hilla Android Hair
Hair,M39260,0,39260,Magnus Hair
Hair,M39260,1,39261,Magnus Hair
Hair,M39260,2,39262,Magnus Hair
Hair,M39260,3,39263,Magnus Hair
Hair,M39260,4,39264,Magnus Hair
Hair,M39260,5,39265,Magnus Hair
Hair,M39260,6,39266,Magnus Hair
Hair,M39260,7,39267,Magnus Hair
Hair,M39270,0,39270,Hair 39270
Hair,M39270,1,39271,Hair 39271
Hair,M39270,2,39272,Hair 39272
Hair,M39270,3,39273,Hair 39273
Hair,M39270,4,39274,Hair 39274
Hair,M39270,5,39275,Hair 39275
Hair,M39270,6,39276,Hair 39276
Hair,M39270,7,39277,Hair 39277
Hair,M39280,0,39280,Hair 39280
Hair,M39280,1,39281,Hair 39281
Hair,M39280,2,39282,Hair 39282
Hair,M39280,3,39283,Hair 39283
Hair,M39280,4,39284,Hair 39284
Hair,M39280,5,39285,Hair 39285
Hair,M39280,6,39286,Hair 39286
Hair,M39280,7,39287,Hair 39287
Hair,M39290,0,39290,Hair 39290
Hair,M39290,1,39291,Hair 39291
Hair,M39290,2,39292,Hair 39292
Hair,M39290,3,39293,Hair 39293
Hair,M39290,4,39294,Hair 39294
Hair,M39290,5,39295,Hair 39295
Hair,M39290,6,39296,Hair 39296
Hair,M39290,7,39297,Hair 39297
Hair,M39300,0,39300,Hair 39300
Hair,M39300,1,39301,Hair 39301
Hair,M39300,2,39302,Hair 39302
Hair,M39300,3,39303,Hair 39303
Hair,M39300,4,39304,Hair 39304
Hair,M39300,5,39305,Hair 39305
Hair,M39300,6,39306,Hair 39306
Hair,M39300,7,39307,Hair 39307
Hair,M39310,0,39310,Subaru Hair
Hair,M39310,1,39311,Subaru Hair
Hair,M39310,2,39312,Subaru Hair
Hair,M39310,3,39313,Subaru Hair
Hair,M39310,4,39314,Subaru Hair
Hair,M39310,5,39315,Subaru Hair
Hair,M39310,6,39316,Subaru Hair
Hair,M39310,7,39317,Subaru Hair
Hair,M39320,0,39320,Crusch Hair
Hair,M39320,1,39321,Crusch Hair
Hair,M39320,2,39322,Crusch Hair
Hair,M39320,3,39323,Crusch Hair
Hair,M39320,4,39324,Crusch Hair
Hair,M39320,5,39325,Crusch Hair
Hair,M39320,6,39326,Crusch Hair
Hair,M39320,7,39327,Crusch Hair
Hair,M39330,0,39330,Felix Hair
Hair,M39330,1,39331,Felix Hair
Hair,M39330,2,39332,Felix Hair
Hair,M39330,3,39333,Felix Hair
Hair,M39330,4,39334,Felix Hair
Hair,M39330,5,39335,Felix Hair
Hair,M39330,6,39336,Felix Hair
Hair,M39330,7,39337,Felix Hair
Hair,M39340,0,39340,Emilia Hair
Hair,M39340,1,39341,Emilia Hair
Hair,M39340,2,39342,Emilia Hair
Hair,M39340,3,39343,Emilia Hair
Hair,M39340,4,39344,Emilia Hair
Hair,M39340,5,39345,Emilia Hair
Hair,M39340,6,39346,Emilia Hair
Hair,M39340,7,39347,Emilia Hair
Hair,M39350,0,39350,Rem Hair
Hair,M39350,1,39351,Rem Hair
Hair,M39350,2,39352,Rem Hair
Hair,M39350,3,39353,Rem Hair
Hair,M39350,4,39354,Rem Hair
Hair,M39350,5,39355,Rem Hair
Hair,M39350,6,39356,Rem Hair
Hair,M39350,7,39357,Rem Hair
Hair,M39360,0,39360,Ram Hair
Hair,M39360,1,39361,Ram Hair
Hair,M39360,2,39362,Ram Hair
Hair,M39360,3,39363,Ram Hair
Hair,M39360,4,39364,Ram Hair
Hair,M39360,5,39365,Ram Hair
Hair,M39360,6,39366,Ram Hair
Hair,M39360,7,39367,Ram Hair
Hair,M39370,0,39370,Kaworu Hair
Hair,M39370,1,39371,Kaworu Hair
Hair,M39370,2,39372,Kaworu Hair
Hair,M39370,3,39373,Kaworu Hair
Hair,M39370,4,39374,Kaworu Hair
Hair,M39370,5,39375,Kaworu Hair
Hair,M39370,6,39376,Kaworu Hair
Hair,M39370,7,39377,Kaworu Hair
Hair,M39380,0,39380,Shinji Hair
Hair,M39380,1,39381,Shinji Hair
Hair,M39380,2,39382,Shinji Hair
Hair,M39380,3,39383,Shinji Hair
Hair,M39380,4,39384,Shinji Hair
Hair,M39380,5,39385,Shinji Hair
Hair,M39380,6,39386,Shinji Hair
Hair,M39380,7,39387,Shinji Hair
Hair,M39390,0,39390,Asuka Hair
Hair,M39390,1,39391,Asuka Hair
Hair,M39390,2,39392,Asuka Hair
Hair,M39390,3,39393,Asuka Hair
Hair,M39390,4,39394,Asuka Hair
Hair,M39390,5,39395,Asuka Hair
Hair,M39390,6,39396,Asuka Hair
Hair,M39390,7,39397,Asuka Hair
Hair,M39400,0,39400,Mari Hair
Hair,M39400,1,39401,Mari Hair
Hair,M39400,2,39402,Mari Hair
Hair,M39400,3,39403,Mari Hair
Hair,M39400,4,39404,Mari Hair
Hair,M39400,5,39405,Mari Hair
Hair,M39400,6,39406,Mari Hair
Hair,M39400,7,39407,Mari Hair
Hair,M39410,0,39410,Rei Hair
Hair,M39410,1,39411,Rei Hair
Hair,M39410,2,39412,Rei Hair
Hair,M39410,3,39413,Rei Hair
Hair,M39410,4,39414,Rei Hair
Hair,M39410,5,39415,Rei Hair
Hair,M39410,6,39416,Rei Hair
Hair,M39410,7,39417,Rei Hair
Hair,M39480,0,39480,Akechi Mitsuhide Hair
Hair,M39480,1,39481,Akechi Mitsuhide Hair
Hair,M39480,2,39482,Akechi Mitsuhide Hair
Hair,M39480,3,39483,Akechi Mitsuhide Hair
Hair,M39480,4,39484,Akechi Mitsuhide Hair
Hair,M39480,5,39485,Akechi Mitsuhide Hair
Hair,M39480,6,39486,Akechi Mitsuhide Hair
Hair,M39480,7,39487,Akechi Mitsuhide Hair
Hair,M40000,0,30008,PORT TEST in-range control
Hair,M40000,1,30009,Red Boomy Hair
Hair,M40000,2,30018,Orange Boomy Hair
Hair,M40000,3,30019,Yellow Boomy Hair
Hair,M40000,5,30028,Blue Boomy Hair
Hair,M40000,6,30029,Purple Boomy Hair
Hair,M40000,7,30038,Brown Boomy Hair
Hair,M40010,0,30039,Black Antique Hair
Hair,M40010,1,30048,Red Antique Hair
Hair,M40010,2,30049,Orange Antique Hair
Hair,M40010,3,30058,Yellow Antique Hair
Hair,M40010,5,30059,Blue Antique Hair
Hair,M40010,6,30068,Purple Antique Hair
Hair,M40010,7,30069,Brown Antique Hair
Hair,M40020,0,30071,Black Pomade Hair
Hair,M40020,1,30072,Red Pomade Hair
Hair,M40020,2,30073,Orange Pomade Hair
Hair,M40020,3,30074,Yellow Pomade Hair
Hair,M40020,5,30075,Blue Pomade Hair
Hair,M40020,6,30076,Purple Pomade Hair
Hair,M40020,7,30077,Brown Pomade Hair
Hair,M40030,0,30078,Short Sporty Hair
Hair,M40030,1,30079,Short Sporty Hair
Hair,M40030,2,30081,Short Sporty Hair
Hair,M40030,3,30082,Short Sporty Hair
Hair,M40030,5,30083,Short Sporty Hair
Hair,M40030,6,30084,Short Sporty Hair
Hair,M40030,7,30085,Short Sporty Hair
Hair,M40040,0,30086,Black Frosty Hair
Hair,M40040,1,30087,Red Frosty Hair
Hair,M40040,2,30088,Orange Frosty Hair
Hair,M40040,3,30089,Blonde Frosty Hair
Hair,M40040,5,30091,Blue Frosty Hair
Hair,M40040,6,30092,Purple Frosty Hair
Hair,M40040,7,30093,Brown Frosty Hair
Hair,M40050,0,30094,Black Jay Hair
Hair,M40050,1,30095,Red Jay Hair
Hair,M40050,2,30096,Orange Jay Hair
Hair,M40050,3,30097,Yellow Jay Hair
Hair,M40050,5,30098,Blue Jay Hair
Hair,M40050,6,30099,Purple Jay Hair
Hair,M40050,7,30108,Brown Jay Hair
Hair,M40060,0,30109,Black Time World White Rabbit Hair
Hair,M40060,1,30118,Red Time World White Rabbit Hair
Hair,M40060,2,30119,Orange Time World White Rabbit Hair
Hair,M40060,3,30128,Yellow Time World White Rabbit Hair
Hair,M40060,5,30129,Blue Time World White Rabbit Hair
Hair,M40060,6,30138,Purple Time World White Rabbit Hair
Hair,M40060,7,30139,Brown Time World White Rabbit Hair
Hair,M40070,0,30148,Black Hayato Hair
Hair,M40070,1,30149,Hayato Hair (Red)
Hair,M40070,2,30158,Hayato Hair (Orange)
Hair,M40070,3,30159,Hayato Hair (Yellow)
Hair,M40070,5,30168,Hayato Hair (Blue)
Hair,M40070,6,30169,Hayato Hair (Purple)
Hair,M40070,7,30178,Hayato Hair (Brown)
Hair,M40080,0,30179,Black Dashing Kenji Hair
Hair,M40080,1,30188,Red Dashing Kenji Hair
Hair,M40080,2,30189,Orange Dashing Kenji Hair 
Hair,M40080,3,30198,Yellow Dashing Kenji Hair
Hair,M40080,5,30199,Blue Dashing Kenji Hair
Hair,M40080,6,30208,Purple Dashing Kenji Hair
Hair,M40080,7,30209,Brown Dashing Kenji Hair
Hair,M40090,0,30218,Black Spy Hair
Hair,M40090,1,30219,Red Spy Hair
Hair,M40090,2,30228,Orange Spy Hair
Hair,M40090,3,30229,Yellow Spy Hair
Hair,M40090,5,30238,Blue Spy Hair
Hair,M40090,6,30239,Purple Spy Hair
Hair,M40090,7,30248,Brown Spy Hair
Hair,M40100,0,30249,Black Romantic Boy Hair
Hair,M40100,1,30258,Red Romantic Boy Hair
Hair,M40100,2,30259,Orange Romantic Boy Hair
Hair,M40100,3,30268,Yellow Romantic Boy Hair
Hair,M40100,5,30269,Blue Romantic Boy Hair
Hair,M40100,6,30278,Purple Romantic Boy Hair
Hair,M40100,7,30279,Brown Romantic Boy Hair
Hair,M40110,0,30288,Black New Mohican Hair
Hair,M40110,1,30289,Red New Mohican Hair
Hair,M40110,2,30298,Orange New Mohican Hair
Hair,M40110,3,30299,Yellow New Mohican Hair
Hair,M40110,5,30308,Blue New Mohican Hair
Hair,M40110,6,30309,Purple New Mohican Hair
Hair,M40110,7,30318,Brown New Mohican Hair
Hair,M40120,0,30319,Black Pageboy Hair
Hair,M40120,1,30328,Red Pageboy Hair
Hair,M40120,2,30329,Orange Pageboy Hair
Hair,M40120,3,30338,Yellow Pageboy Hair
Hair,M40120,5,30339,Blue Pageboy Hair
Hair,M40120,6,30348,Purple Pageboy Hair
Hair,M40120,7,30349,Brown Pageboy Hair
Hair,M40130,0,30358,Hair 30358
Hair,M40130,1,30359,Hair 30359
Hair,M40130,2,30368,Hair 30368
Hair,M40130,3,30369,Hair 30369
Hair,M40130,5,30378,Hair 30378
Hair,M40130,6,30379,Hair 30379
Hair,M40130,7,30388,Hair 30388
Hair,M40140,0,30389,Hair 30389
Hair,M40140,1,30390,Hair 30390
Hair,M40140,2,30391,Hair 30391
Hair,M40140,3,30392,Hair 30392
Hair,M40140,5,30393,Hair 30393
Hair,M40140,6,30394,Hair 30394
Hair,M40140,7,30395,Hair 30395
Hair,M40150,0,30396,Hair 30396
Hair,M40150,1,30397,Hair 30397
Hair,M40150,2,30398,Hair 30398
Hair,M40150,3,30399,Hair 30399
Hair,M40150,5,30408,Hair 30408
Hair,M40150,6,30409,Hair 30409
Hair,M40150,7,30418,Hair 30418
Hair,M40160,0,30419,Hair 30419
Hair,M40160,1,30428,Hair 30428
Hair,M40160,2,30429,Hair 30429
Hair,M40160,3,30438,Hair 30438
Hair,M40160,5,30439,Hair 30439
Hair,M40160,6,30448,Hair 30448
Hair,M40160,7,30449,Hair 30449
Hair,M40170,0,30458,Hair 30458
Hair,M40170,1,30459,Hair 30459
Hair,M40170,2,30468,Hair 30468
Hair,M40170,3,30469,Hair 30469
Hair,M40170,5,30478,Hair 30478
Hair,M40170,6,30479,Hair 30479
Hair,M40170,7,30488,Hair 30488
Hair,M40180,0,30489,Hair 30489
Hair,M40180,1,30498,Hair 30498
Hair,M40180,2,30499,Hair 30499
Hair,M40180,3,30500,Hair 30500
Hair,M40180,5,30501,Hair 30501
Hair,M40180,6,30502,Hair 30502
Hair,M40180,7,30503,Hair 30503
Hair,M40190,0,30504,Hair 30504
Hair,M40190,1,30505,Hair 30505
Hair,M40190,2,30506,Hair 30506
Hair,M40190,3,30507,Hair 30507
Hair,M40190,5,30508,Hair 30508
Hair,M40190,6,30509,Hair 30509
Hair,M40190,7,30518,Hair 30518
Hair,M40200,0,30519,Hair 30519
Hair,M40200,1,30528,Hair 30528
Hair,M40200,2,30529,Hair 30529
Hair,M40200,3,30538,Hair 30538
Hair,M40200,5,30539,Hair 30539
Hair,M40200,6,30548,Hair 30548
Hair,M40200,7,30549,Hair 30549
Hair,M40210,0,30558,Hair 30558
Hair,M40210,1,30559,Hair 30559
Hair,M40210,2,30568,Hair 30568
Hair,M40210,3,30569,Hair 30569
Hair,M40210,5,30578,Hair 30578
Hair,M40210,6,30579,Hair 30579
Hair,M40210,7,30588,Hair 30588
Hair,M40220,0,30589,Hair 30589
Hair,M40220,1,30598,Hair 30598
Hair,M40220,2,30599,Hair 30599
Hair,M40220,3,30608,Hair 30608
Hair,M40220,5,30609,Hair 30609
Hair,M40220,6,30618,Hair 30618
Hair,M40220,7,30619,Hair 30619
Hair,M40230,0,30628,Hair 30628
Hair,M40230,1,30629,Hair 30629
Hair,M40230,2,30638,Hair 30638
Hair,M40230,3,30639,Hair 30639
Hair,M40230,5,30648,Hair 30648
Hair,M40230,6,30649,Hair 30649
Hair,M40230,7,30658,Hair 30658
Hair,M40240,0,30659,Hair 30659
Hair,M40240,1,30668,Hair 30668
Hair,M40240,2,30669,Hair 30669
Hair,M40240,3,30678,Hair 30678
Hair,M40240,5,30679,Hair 30679
Hair,M40240,6,30688,Hair 30688
Hair,M40240,7,30689,Hair 30689
Hair,M40250,0,30698,Black Allegro Hair
Hair,M40250,1,30699,Red Allegro Hair
Hair,M40250,2,30708,Orange Allegro Hair
Hair,M40250,3,30709,Yellow Allegro Hair
Hair,M40250,5,30718,Blue Allegro Hair
Hair,M40250,6,30719,Purple Allegro Hair
Hair,M40250,7,30728,Brown Allegro Hair
Hair,M40260,0,30729,Black Flash Hair
Hair,M40260,1,30738,Red Flash Hair
Hair,M40260,2,30739,Orange Flash Hair
Hair,M40260,3,30748,Yellow Flash Hair
Hair,M40260,5,30749,Blue Flash Hair
Hair,M40260,6,30758,Purple Flash Hair
Hair,M40260,7,30759,Brown Flash Hair
Hair,M40270,0,30768,Black Butter Hair
Hair,M40270,1,30769,Red Butter Hair
Hair,M40270,2,30778,Orange Butter Hair
Hair,M40270,3,30779,Yellow Butter Hair
Hair,M40270,5,30788,Blue Butter Hair
Hair,M40270,6,30789,Purple Butter Hair
Hair,M40270,7,30798,Brown Butter Hair
Hair,M40280,0,30799,Black White Mage Hair
Hair,M40280,1,30808,Red White Mage Hair
Hair,M40280,2,30809,Orange White Mage Hair
Hair,M40280,3,30818,Yellow White Mage Hair
Hair,M40280,5,30819,Blue White Mage Hair
Hair,M40280,6,30828,Purple White Mage Hair
Hair,M40280,7,30829,Brown White Mage Hair
Hair,M40290,0,30838,Black Dragon Master Hair
Hair,M40290,1,30839,Red Dragon Master Hair
Hair,M40290,2,30848,Orange Dragon Master Hair
Hair,M40290,3,30849,Yellow Dragon Master Hair
Hair,M40290,5,30858,Blue Dragon Master Hair
Hair,M40290,6,30859,Purple Dragon Master Hair
Hair,M40290,7,30868,Brown Dragon Master Hair
Hair,M40300,0,30869,White Smoky Wild Hair
Hair,M40300,1,30878,Red Smoky Wild Hair
Hair,M40300,2,30879,Orange Smoky Wild Hair
Hair,M40300,3,30888,Yellow Smoky Wild Hair
Hair,M40300,5,30889,Blue Smoky Wild Hair
Hair,M40300,6,30898,Purple Smoky Wild Hair
Hair,M40300,7,30899,Brown Smoky Wild Hair
Hair,M40310,0,30908,Black Forgotten Hero Hair
Hair,M40310,1,30909,Red Forgotten Hero Hair
Hair,M40310,2,30918,Orange Forgotten Hero Hair
Hair,M40310,3,30919,Yellow Forgotten Hero Hair
Hair,M40310,5,30938,Blue Forgotten Hero Hair
Hair,M40310,6,30939,Purple Forgotten Hero Hair
Hair,M40310,7,30948,Brown Forgotten Hero Hair
Hair,M40320,0,30949,Black Phantom Hair
Hair,M40320,1,30958,Red Phantom Hair
Hair,M40320,2,30959,Orange Phantom Hair
Hair,M40320,3,30960,Yellow Phantom Hair
Hair,M40320,5,30961,Blue Phantom Hair
Hair,M40320,6,30962,Purple Phantom Hair
Hair,M40320,7,30963,Brown Phantom Hair
Hair,M40330,0,30964,Black Glossy Flyaway Hair
Hair,M40330,1,30965,Red Glossy Flyaway Hair
Hair,M40330,2,30966,Orange Glossy Flyaway Hair
Hair,M40330,3,30967,Yellow Glossy Flyaway Hair
Hair,M40330,5,30968,Blue Glossy Flyaway Hair
Hair,M40330,6,30969,Purple Glossy Flyaway Hair
Hair,M40330,7,30970,Brown Glossy Flyaway Hair
Hair,M40340,0,30971,Hair 30971
Hair,M40340,1,30972,Hair 30972
Hair,M40340,2,30973,Hair 30973
Hair,M40340,3,30974,Hair 30974
Hair,M40340,5,30975,Hair 30975
Hair,M40340,6,30976,Hair 30976
Hair,M40340,7,30977,Hair 30977
Hair,M40350,0,30978,Black Windy Hair
Hair,M40350,1,30979,Red Windy Hair
Hair,M40350,2,30980,Orange Windy Hair
Hair,M40350,3,30981,Blonde Windy Hair
Hair,M40350,5,30982,Blue Windy Hair
Hair,M40350,6,30983,Purple Windy Hair
Hair,M40350,7,30984,Brown Windy Hair
Hair,M40360,0,30985,Feather Dye Hair
Hair,M40360,1,30986,Feather Dye Hair
Hair,M40360,2,30987,Feather Dye Hair
Hair,M40360,3,30988,Feather Dye Hair
Hair,M40360,5,30989,Feather Dye Hair
Hair,M40360,6,30998,Feather Dye Hair
Hair,M40360,7,30999,Feather Dye Hair
Hair,M40370,0,31008,Black Avant-garde Nest Hair
Hair,M40370,1,31009,Red Avant-garde Nest Hair
Hair,M40370,2,31018,Orange Avant-garde Nest Hair
Hair,M40370,3,31019,Yellow Avant-garde Nest Hair
Hair,M40370,5,31028,Blue Avant-garde Nest Hair
Hair,M40370,6,31029,Purple Avant-garde Nest Hair
Hair,M40370,7,31038,Brown Avant-garde Nest Hair
Hair,M40380,0,31039,Hair 31039
Hair,M40380,1,31048,Hair 31048
Hair,M40380,2,31049,Hair 31049
Hair,M40380,3,31058,Hair 31058
Hair,M40380,5,31059,Hair 31059
Hair,M40380,6,31068,Hair 31068
Hair,M40380,7,31069,Hair 31069
Hair,M40390,0,31078,Black Twinkling Star Hair
Hair,M40390,1,31079,Red Twinkling Star Hair
Hair,M40390,2,31088,Orange Twinkling Star Hair
Hair,M40390,3,31089,Yellow Twinkling Star Hair
Hair,M40390,5,31098,Blue Twinkling Star Hair
Hair,M40390,6,31099,Purple Twinkling Star Hair
Hair,M40390,7,31108,Brown Twinkling Star Hair
Hair,M40400,0,31109,Black Lush Hair
Hair,M40400,1,31118,Red Lush Hair
Hair,M40400,2,31119,Orange Lush Hair
Hair,M40400,3,31128,Yellow Lush Hair
Hair,M40400,5,31129,Blue Lush Hair
Hair,M40400,6,31138,Purple Lush Hair
Hair,M40400,7,31139,Brown Lush Hair
Hair,M40410,0,31148,Black Elf King Hair
Hair,M40410,1,31149,Red Elf King Hair
Hair,M40410,2,31158,Orange Elf King Hair
Hair,M40410,3,31159,Yellow Elf King Hair
Hair,M40410,5,31168,Blue Elf King Hair
Hair,M40410,6,31169,Purple Elf King Hair
Hair,M40410,7,31178,Brown Elf King Hair
Hair,M40420,0,31179,Black Polearm Warrior Hair
Hair,M40420,1,31188,Red Polearm Warrior Hair
Hair,M40420,2,31189,Orange Polearm Warrior Hair
Hair,M40420,3,31198,Yellow Polearm Warrior Hair
Hair,M40420,5,31199,Blue Polearm Warrior Hair
Hair,M40420,6,31208,Purple Polearm Warrior Hair
Hair,M40420,7,31209,Brown Polearm Warrior Hair
Hair,M40430,0,31218,Hair 31218
Hair,M40430,1,31219,Hair 31219
Hair,M40430,2,31228,Hair 31228
Hair,M40430,3,31229,Hair 31229
Hair,M40430,5,31238,Hair 31238
Hair,M40430,6,31239,Hair 31239
Hair,M40430,7,31248,Hair 31248
Hair,M40440,0,31249,Black Sherbet Hair
Hair,M40440,1,31258,Red Sherbet Hair
Hair,M40440,2,31259,Orange Sherbet Hair
Hair,M40440,3,31268,Yellow Sherbet Hair
Hair,M40440,5,31269,Blue Sherbet Hair
Hair,M40440,6,31278,Purple Sherbet Hair
Hair,M40440,7,31279,Brown Sherbet Hair
Hair,M40450,0,31288,Black King Hair
Hair,M40450,1,31289,Red King Hair
Hair,M40450,2,31298,Orange King Hair
Hair,M40450,3,31299,Yellow King Hair
Hair,M40450,5,31308,Blue King Hair
Hair,M40450,6,31309,Purple King Hair
Hair,M40450,7,31318,Brown King Hair
Hair,M40460,0,31319,Hair 31319
Hair,M40460,1,31328,Hair 31328
Hair,M40460,2,31329,Hair 31329
Hair,M40460,3,31338,Hair 31338
Hair,M40460,5,31339,Hair 31339
Hair,M40460,6,31348,Hair 31348
Hair,M40460,7,31349,Hair 31349
Hair,M40470,0,31358,Black Commence Hair
Hair,M40470,1,31359,Red Commence Hair
Hair,M40470,2,31368,Orange Commence Hair
Hair,M40470,3,31369,Yellow Commence Hair
Hair,M40470,5,31378,Blue Commence Hair
Hair,M40470,6,31379,Purple Commence Hair
Hair,M40470,7,31388,Brown Commence Hair
Hair,M40480,0,31389,Black Forest Fairy
Hair,M40480,1,31398,Red Forest Fairy
Hair,M40480,2,31399,Orange Forest Fairy
Hair,M40480,3,31408,Yellow Forest Fairy
Hair,M40480,5,31409,Blue Forest Fairy
Hair,M40480,6,31418,Purple Forest Fairy
Hair,M40480,7,31419,Brown Forest Fairy
Hair,M40490,0,31428,Black Black Pearl Hair
Hair,M40490,1,31429,Red Black Pearl Hair
Hair,M40490,2,31438,Orange Black Pearl Hair
Hair,M40490,3,31439,Yellow Black Pearl Hair
Hair,M40490,5,31448,Blue Black Pearl Hair
Hair,M40490,6,31449,Purple Black Pearl Hair
Hair,M40490,7,31458,Brown Black Pearl Hair
Hair,M40500,0,31459,Black Sosom Hair
Hair,M40500,1,31468,Red Sosom Hair
Hair,M40500,2,31469,Orange Sosom Hair
Hair,M40500,3,31478,Yellow Sosom Hair
Hair,M40500,5,31479,Blue Sosom Hair
Hair,M40500,6,31488,Purple Sosom Hair
Hair,M40500,7,31489,Brown Sosom Hair
Hair,M40510,0,31498,Black Florian Hair
Hair,M40510,1,31499,Red Florian Hair
Hair,M40510,2,31500,Orange Florian Hair
Hair,M40510,3,31501,Yellow Florian Hair
Hair,M40510,5,31502,Blue Florian Hair
Hair,M40510,6,31503,Purple Florian Hair
Hair,M40510,7,31504,Brown Florian Hair
Hair,M40520,0,31505,Black Kura Hair
Hair,M40520,1,31506,Red Kura Hair
Hair,M40520,2,31507,Orange Kura Hair
Hair,M40520,3,31508,Yellow Kura Hair
Hair,M40520,5,31509,Blue Kura Hair
Hair,M40520,6,31518,Purple Kura Hair
Hair,M40520,7,31519,Brown Kura Hair
Hair,M40530,0,31528,Black Nue Hair
Hair,M40530,1,31529,Red Nue Hair
Hair,M40530,2,31538,Orange Nue Hair
Hair,M40530,3,31539,Yellow Nue Hair
Hair,M40530,5,31548,Blue Nue Hair
Hair,M40530,6,31549,Purple Nue Hair
Hair,M40530,7,31558,Brown Nue Hair
Hair,M40540,0,31559,Black Wanderer Boy Hair
Hair,M40540,1,31568,Red Wanderer Boy Hair
Hair,M40540,2,31569,Orange Wanderer Boy Hair
Hair,M40540,3,31578,Yellow Wanderer Boy Hair
Hair,M40540,5,31579,Blue Wanderer Boy Hair
Hair,M40540,6,31588,Purple Wanderer Boy Hair
Hair,M40540,7,31589,Brown Wanderer Boy Hair
Hair,M40550,0,31598,Sol Hair
Hair,M40550,1,31599,Sol Hair
Hair,M40550,2,31608,Sol Hair
Hair,M40550,3,31609,Sol Hair
Hair,M40550,5,31618,Sol Hair
Hair,M40550,6,31619,Sol Hair
Hair,M40550,7,31628,Sol Hair
Hair,M40560,0,31629,Black Pompadour
Hair,M40560,1,31638,Red Pompadour
Hair,M40560,2,31639,Orange Pompadour
Hair,M40560,3,31648,Yellow Pompadour
Hair,M40560,5,31649,Blue Pompadour
Hair,M40560,6,31658,Purple Pompadour
Hair,M40560,7,31659,Brown Pompadour
Hair,M40570,0,31668,Black Latte Bubble Hair
Hair,M40570,1,31669,Red Latte Bubble Hair
Hair,M40570,2,31678,Orange Latte Bubble Hair
Hair,M40570,3,31679,Yellow Latte Bubble Hair
Hair,M40570,5,31688,Blue Latte Bubble Hair
Hair,M40570,6,31689,Purple Latte Bubble Hair
Hair,M40570,7,31698,Brown Latte Bubble Hair
Hair,M40580,0,31699,Black Tony Hair
Hair,M40580,1,31708,Red Tony Hair
Hair,M40580,2,31709,Orange Tony Hair
Hair,M40580,3,31718,Yellow Tony Hair
Hair,M40580,5,31719,Blue Tony Hair
Hair,M40580,6,31728,Purple Tony Hair
Hair,M40580,7,31729,Brown Tony Hair
Hair,M40590,0,31738,Black Ibaraki Hair
Hair,M40590,1,31739,Red Ibaraki Hair
Hair,M40590,2,31748,Orange Ibaraki Hair
Hair,M40590,3,31749,Yellow Ibaraki Hair
Hair,M40590,5,31758,Blue Ibaraki Hair
Hair,M40590,6,31759,Purple Ibaraki Hair
Hair,M40590,7,31768,Brown Ibaraki Hair
Hair,M40600,0,31769,Black Innocent Hair
Hair,M40600,1,31778,Red Innocent Hair
Hair,M40600,2,31779,Orange Innocent Hair
Hair,M40600,3,31788,Yellow Innocent Hair
Hair,M40600,5,31789,Blue Innocent Hair
Hair,M40600,6,31798,Purple Innocent Hair
Hair,M40600,7,31799,Brown Innocent Hair
Hair,M40610,0,31808,Black Tied Two-Tone Hair
Hair,M40610,1,31809,Red Tied Two-Tone Hair
Hair,M40610,2,31818,Orange Tied Two-Tone Hair
Hair,M40610,3,31819,Yellow Tied Two-Tone Hair
Hair,M40610,5,31828,Blue Tied Two-Tone Hair
Hair,M40610,6,31829,Purple Tied Two-Tone Hair
Hair,M40610,7,31838,Brown Tied Two-Tone Hair
Hair,M40620,0,31839,Black Spiky Mess Hair
Hair,M40620,1,31848,Red Spiky Mess Hair
Hair,M40620,2,31849,Orange Spiky Mess Hair
Hair,M40620,3,31858,Yellow Spiky Mess Hair
Hair,M40620,5,31859,Blue Spiky Mess Hair
Hair,M40620,6,31868,Purple Spiky Mess Hair
Hair,M40620,7,31869,Brown Spiky Mess Hair
Hair,M40630,0,31878,Black Bandana Hair
Hair,M40630,1,31879,Red Bandana Hair
Hair,M40630,2,31888,Orange Bandana Hair
Hair,M40630,3,31889,Yellow Bandana Hair
Hair,M40630,5,31898,Blue Bandana Hair
Hair,M40630,6,31899,Purple Bandana Hair
Hair,M40630,7,31908,Brown Bandana Hair
Hair,M40640,0,31909,Black Multi Hair
Hair,M40640,1,31918,Red Multi Hair
Hair,M40640,2,31919,Orange Multi Hair
Hair,M40640,3,31928,Yellow Multi Hair
Hair,M40640,5,31929,Blue Multi Hair
Hair,M40640,6,31938,Purple Multi Hair
Hair,M40640,7,31939,Brown Multi Hair
Hair,M40650,0,31948,Black Mouse-boy Hair
Hair,M40650,1,31949,Red Mouse-boy Hair
Hair,M40650,2,31958,Orange Mouse-boy Hair
Hair,M40650,3,31959,Yellow Mouse-boy Hair
Hair,M40650,5,31968,Blue Mouse-boy Hair
Hair,M40650,6,31969,Purple Mouse-boy Hair
Hair,M40650,7,31978,Brown Mouse-boy Hair
Hair,M40660,0,31979,Black Short Cropped Hair
Hair,M40660,1,31988,Red Short Cropped Hair
Hair,M40660,2,31989,Orange Short Cropped Hair
Hair,M40660,3,31998,Yellow Short Cropped Hair
Hair,M40660,5,31999,Blue Short Cropped Hair
Hair,M40660,6,32000,Purple Short Cropped Hair
Hair,M40660,7,32001,Brown Short Cropped Hair
Hair,M40670,0,32002,Black Lucid Hair
Hair,M40670,1,32003,Red Lucid Hair
Hair,M40670,2,32004,Orange Lucid Hair
Hair,M40670,3,32005,Yellow Lucid Hair
Hair,M40670,5,32006,Blue Lucid Hair
Hair,M40670,6,32007,Purple Lucid Hair
Hair,M40670,7,32008,Brown Lucid Hair
Hair,M40680,0,32009,Black Rebel Boy Hair
Hair,M40680,1,32010,Red Rebel Boy Hair
Hair,M40680,2,32011,Orange Rebel Boy Hair
Hair,M40680,3,32012,Yellow Rebel Boy Hair
Hair,M40680,5,32013,Blue Rebel Boy Hair
Hair,M40680,6,32014,Purple Rebel Boy Hair
Hair,M40680,7,32015,Brown Rebel Boy Hair
Hair,M40690,0,32016,Black Short Swirly Hair
Hair,M40690,1,32017,Red Short Swirly Hair
Hair,M40690,2,32018,Orange Short Swirly Hair
Hair,M40690,3,32019,Yellow Short Swirly Hair
Hair,M40690,5,32028,Blue Short Swirly Hair
Hair,M40690,6,32029,Purple Short Swirly Hair
Hair,M40690,7,32038,Brown Short Swirly Hair
Hair,M40700,0,32039,Short Black Dreads
Hair,M40700,1,32048,Short Red Dreads
Hair,M40700,2,32049,Short Orange Dreads
Hair,M40700,3,32058,Short Yellow Dreads
Hair,M40700,5,32059,Short Blue Dreads
Hair,M40700,6,32060,Short Purple Dreads
Hair,M40700,7,32061,Short Brown Dreads
Hair,M40710,0,32062,Black K-pop Hair
Hair,M40710,1,32063,Red K-pop Hair
Hair,M40710,2,32064,Orange K-pop Hair
Hair,M40710,3,32065,Yellow K-pop Hair
Hair,M40710,5,32066,Blue K-pop Hair
Hair,M40710,6,32067,Purple K-pop Hair
Hair,M40710,7,32068,Brown K-pop Hair
Hair,M40720,0,32069,Black Kai Hair
Hair,M40720,1,32070,Red Kai Hair
Hair,M40720,2,32071,Orange Kai Hair
Hair,M40720,3,32072,Yellow Kai Hair
Hair,M40720,5,32073,Blue Kai Hair
Hair,M40720,6,32074,Purple Kai Hair
Hair,M40720,7,32075,Brown Kai Hair
Hair,M40730,0,32076,Black Manji Hair
Hair,M40730,1,32077,Red Manji Hair
Hair,M40730,2,32078,Orange Manji Hair
Hair,M40730,3,32079,Yellow Manji Hair
Hair,M40730,5,32080,Blue Manji Hair
Hair,M40730,6,32081,Purple Manji Hair
Hair,M40730,7,32082,Brown Manji Hair
Hair,M40740,0,32083,Black Whipped Hair
Hair,M40740,1,32084,Red Whipped Hair
Hair,M40740,2,32085,Orange Whipped Hair
Hair,M40740,3,32086,Yellow Whipped Hair
Hair,M40740,5,32087,Blue Whipped Hair
Hair,M40740,6,32088,Purple Whipped Hair
Hair,M40740,7,32089,Brown Whipped Hair
Hair,M40750,0,32090,Black Yokai Hair
Hair,M40750,1,32091,Red Yokai Hair
Hair,M40750,2,32092,Orange Yokai Hair
Hair,M40750,3,32093,Yellow Yokai Hair
Hair,M40750,5,32094,Blue Yokai Hair
Hair,M40750,6,32095,Purple Yokai Hair
Hair,M40750,7,32096,Brown Yokai Hair
Hair,M40760,0,32097,Wacky Happy Fun Time Hair (Black)
Hair,M40760,1,32098,Wacky Happy Fun Time Hair (Red)
Hair,M40760,2,32099,Wacky Happy Fun Time Hair (Orange)
Hair,M40760,3,32100,Wacky Happy Fun Time Hair (Yellow)
Hair,M40760,5,32101,Wacky Happy Fun Time Hair (Blue)
Hair,M40760,6,32102,Wacky Happy Fun Time Hair (Purple)
Hair,M40760,7,32103,Wacky Happy Fun Time Hair (Brown)
Hair,M40770,0,32104,Black Curly Poodle Hair
Hair,M40770,1,32105,Red Curly Poodle Hair
Hair,M40770,2,32106,Orange Curly Poodle Hair
Hair,M40770,3,32107,Yellow Curly Poodle Hair
Hair,M40770,5,32108,Blue Curly Poodle Hair
Hair,M40770,6,32109,Purple Curly Poodle Hair
Hair,M40770,7,32110,Brown Curly Poodle Hair
Hair,M40780,0,32111,Black Crescent Hair
Hair,M40780,1,32112,Red Crescent Hair
Hair,M40780,2,32113,Orange Crescent Hair
Hair,M40780,3,32114,Yellow Crescent Hair
Hair,M40780,5,32115,Blue Crescent Hair
Hair,M40780,6,32116,Purple Crescent Hair
Hair,M40780,7,32117,Brown Crescent Hair
Hair,M40790,0,32118,Black Lively Braided Hair
Hair,M40790,1,32119,Red Lively Braided Hair
Hair,M40790,2,32120,Orange Lively Braided Hair
Hair,M40790,3,32121,Yellow Lively Braided Hair
Hair,M40790,5,32122,Blue Lively Braided Hair
Hair,M40790,6,32123,Purple Lively Braided Hair
Hair,M40790,7,32124,Brown Lively Braided Hair
Hair,M40800,0,32125,Black Balding Manager Hair
Hair,M40800,1,32126,Red Balding Manager Hair
Hair,M40800,2,32127,Orange Balding Manager Hair
Hair,M40800,3,32128,Yellow Balding Manager Hair
Hair,M40800,5,32129,Blue Balding Manager Hair
Hair,M40800,6,32130,Purple Balding Manager Hair
Hair,M40800,7,32131,Brown Balding Manager Hair
Hair,M40810,0,32132,Black Scraggly Hair
Hair,M40810,1,32133,Red Scraggly Hair
Hair,M40810,2,32134,Orange Scraggly Hair
Hair,M40810,3,32135,Yellow Scraggly Hair
Hair,M40810,5,32136,Blue Scraggly Hair
Hair,M40810,6,32137,Purple Scraggly Hair
Hair,M40810,7,32138,Brown Scraggly Hair
Hair,M40820,0,32139,Black Wavy Ombre Hair
Hair,M40820,1,32140,Red Wavy Ombre Hair
Hair,M40820,2,32141,Orange Wavy Ombre Hair
Hair,M40820,3,32142,Blonde Wavy Ombre Hair
Hair,M40820,5,32143,Blue Wavy Ombre Hair
Hair,M40820,6,32144,Purple Wavy Ombre Hair
Hair,M40820,7,32145,Brown Wavy Ombre Hair
Hair,M40830,0,32146,Black Cool Kid Hair
Hair,M40830,1,32147,Red Cool Kid Hair
Hair,M40830,2,32148,Orange Cool Kid Hair
Hair,M40830,3,32149,Yellow Cool Kid Hair
Hair,M40830,5,32150,Blue Cool Kid Hair
Hair,M40830,6,32151,Purple Cool Kid Hair
Hair,M40830,7,32152,Brown Cool Kid Hair
Hair,M40840,0,32153,Black Trend-Setting Hair
Hair,M40840,1,32154,Red Trend-Setting Hair
Hair,M40840,2,32155,Orange Trend-Setting Hair
Hair,M40840,3,32156,Yellow Trend-Setting Hair
Hair,M40840,5,32157,Blue Trend-Setting Hair
Hair,M40840,6,32158,Purple Trend-Setting Hair
Hair,M40840,7,32159,Brown Trend-Setting Hair
Hair,M40850,0,32160,Aster Hair Mod - Black
Hair,M40850,1,32161,Aster Hair Mod - Red
Hair,M40850,2,32162,Aster Hair Mod - Orange
Hair,M40850,3,32163,Aster Hair Mod - Yellow
Hair,M40850,5,32164,Aster Hair Mod - Blue
Hair,M40850,6,32165,Aster Hair Mod - Purple
Hair,M40850,7,32166,Aster Hair Mod - Brown
Hair,M40860,0,32167,Roxxy Hair Mod - Black
Hair,M40860,1,32168,Roxxy Hair Mod - Red
Hair,M40860,2,32169,Roxxy Hair Mod - Orange
Hair,M40860,3,32178,Roxxy Hair Mod - Yellow
Hair,M40860,5,32179,Roxxy Hair Mod - Blue
Hair,M40860,6,32188,Roxxy Hair Mod - Purple
Hair,M40860,7,32189,Roxxy Hair Mod - Brown
Hair,M40870,0,32198,Anastasia Hair Mod - Black
Hair,M40870,1,32199,Anastasia Hair Mod - Red
Hair,M40870,2,32208,Anastasia Hair Mod - Orange
Hair,M40870,3,32209,Anastasia Hair Mod - Yellow
Hair,M40870,5,32218,Anastasia Hair Mod - Blue
Hair,M40870,6,32219,Anastasia Hair Mod - Purple
Hair,M40870,7,32228,Anastasia Hair Mod - Brown
Hair,M40880,0,32229,Rhea Hair Mod - Black
Hair,M40880,1,32238,Rhea Hair Mod - Red
Hair,M40880,2,32239,Rhea Hair Mod - Orange
Hair,M40880,3,32248,Rhea Hair Mod - Yellow
Hair,M40880,5,32249,Rhea Hair Mod - Blue
Hair,M40880,6,32258,Rhea Hair Mod - Purple
Hair,M40880,7,32259,Rhea Hair Mod - Brown
Hair,M40890,0,32268,Jax Hair Mod - Black
Hair,M40890,1,32269,Jax Hair Mod - Red
Hair,M40890,2,32278,Jax Hair Mod - Orange
Hair,M40890,3,32279,Jax Hair Mod - Yellow
Hair,M40890,5,32288,Jax Hair Mod - Blue
Hair,M40890,6,32289,Jax Hair Mod - Purple
Hair,M40890,7,32298,Jax Hair Mod - Brown
Hair,M40900,0,32299,Kat Hair Mod - Black
Hair,M40900,1,32308,Kat Hair Mod - Red
Hair,M40900,2,32309,Kat Hair Mod - Orange
Hair,M40900,3,32310,Kat Hair Mod - Yellow
Hair,M40900,5,32311,Kat Hair Mod - Blue
Hair,M40900,6,32312,Kat Hair Mod - Purple
Hair,M40900,7,32313,Kat Hair Mod - Brown
Hair,M40910,0,32314,Apollo Hair Mod - Black
Hair,M40910,1,32315,Apollo Hair Mod - Red
Hair,M40910,2,32316,Apollo Hair Mod - Orange
Hair,M40910,3,32317,Apollo Hair Mod - Yellow
Hair,M40910,5,32318,Apollo Hair Mod - Blue
Hair,M40910,6,32319,Apollo Hair Mod - Purple
Hair,M40910,7,32320,Apollo Hair Mod - Brown
Hair,M40920,0,32321,Sarim Hair Mod - Black
Hair,M40920,1,32322,Sarim Hair Mod - Red
Hair,M40920,2,32323,Sarim Hair Mod - Orange
Hair,M40920,3,32324,Sarim Hair Mod - Yellow
Hair,M40920,5,32325,Sarim Hair Mod - Blue
Hair,M40920,6,32326,Sarim Hair Mod - Purple
Hair,M40920,7,32327,Sarim Hair Mod - Brown
Hair,M40930,0,32328,Black Milk Tea Hair
Hair,M40930,1,32329,Red Milk Tea Hair
Hair,M40930,2,32330,Orange Milk Tea Hair
Hair,M40930,3,32331,Blonde Milk Tea Hair
Hair,M40930,5,32332,Blue Milk Tea Hair
Hair,M40930,6,32333,Purple Milk Tea Hair
Hair,M40930,7,32334,Brown Milk Tea Hair
Hair,M40940,0,32335,Black Squeaky Clean Hair
Hair,M40940,1,32336,Red Squeaky Clean Hair
Hair,M40940,2,32337,Orange Squeaky Clean Hair
Hair,M40940,3,32338,Blonde Squeaky Clean Hair
Hair,M40940,5,32339,Blue Squeaky Clean Hair
Hair,M40940,6,32340,Purple Squeaky Clean Hair
Hair,M40940,7,32341,Brown Squeaky Clean Hair
Hair,M40950,0,32342,Black Bow Bleached Hair
Hair,M40950,1,32343,Red Bow Bleached Hair
Hair,M40950,2,32344,Orange Bow Bleached Hair
Hair,M40950,3,32345,Yellow Bow Bleached Hair
Hair,M40950,5,32346,Blue Bow Bleached Hair
Hair,M40950,6,32347,Purple Bow Bleached Hair
Hair,M40950,7,32348,Brown Bow Bleached Hair
Hair,M40960,0,32349,Black Evan Hair (F)
Hair,M40960,1,32350,Red Evan Hair (F)
Hair,M40960,2,32351,Orange Evan Hair (F)
Hair,M40960,3,32352,Blonde Evan Hair (F)
Hair,M40960,5,32353,Blue Evan Hair (F)
Hair,M40960,6,32354,Purple Evan Hair (F)
Hair,M40960,7,32355,Brown Evan Hair (F)
Hair,M40970,0,32356,Black Diva Bow Hair
Hair,M40970,1,32357,Red Diva Bow Hair
Hair,M40970,2,32358,Orange Diva Bow Hair
Hair,M40970,3,32359,Yellow Diva Bow Hair
Hair,M40970,5,32360,Blue Diva Bow Hair
Hair,M40970,6,32361,Purple Diva Bow Hair
Hair,M40970,7,32362,Brown Diva Bow Hair
Hair,M40980,0,32363,Black Sun-Faded Pony Hair
Hair,M40980,1,32364,Red Sun-Faded Pony Hair
Hair,M40980,2,32365,Orange Sun-Faded Pony Hair
Hair,M40980,3,32366,Blonde Sun-Faded Pony Hair
Hair,M40980,5,32367,Blue Sun-Faded Pony Hair
Hair,M40980,6,32368,Purple Sun-Faded Pony Hair
Hair,M40980,7,32369,Brown Sun-Faded Pony Hair
Hair,M41000,0,32370,Hair 32370
Hair,M41000,1,32371,Hair 32371
Hair,M41000,2,32372,Hair 32372
Hair,M41000,3,32373,Hair 32373
Hair,M41000,5,32374,Hair 32374
Hair,M41000,6,32375,Hair 32375
Hair,M41000,7,32376,Hair 32376
Hair,M41010,0,32377,Hair 32377
Hair,M41010,1,32378,Hair 32378
Hair,M41010,2,32379,Hair 32379
Hair,M41010,3,32380,Hair 32380
Hair,M41010,5,32381,Hair 32381
Hair,M41010,6,32382,Hair 32382
Hair,M41010,7,32383,Hair 32383
Hair,M41020,0,32384,Hair 32384
Hair,M41020,1,32385,Hair 32385
Hair,M41020,2,32386,Hair 32386
Hair,M41020,3,32387,Hair 32387
Hair,M41020,5,32388,Hair 32388
Hair,M41020,6,32389,Hair 32389
Hair,M41020,7,32390,Hair 32390
Hair,M41030,0,32391,Hair 32391
Hair,M41030,1,32392,Hair 32392
Hair,M41030,2,32393,Hair 32393
Hair,M41030,3,32394,Hair 32394
Hair,M41030,5,32395,Hair 32395
Hair,M41030,6,32396,Hair 32396
Hair,M41030,7,32397,Hair 32397
Hair,M41040,0,32398,Hair 32398
Hair,M41040,1,32399,Hair 32399
Hair,M41040,2,32400,Hair 32400
Hair,M41040,3,32401,Hair 32401
Hair,M41040,5,32402,Hair 32402
Hair,M41040,6,32403,Hair 32403
Hair,M41040,7,32404,Hair 32404
Hair,M41060,0,32412,Black Free Hair
Hair,M41060,1,32413,Red Free Hair
Hair,M41060,2,32414,Orange Free Hair
Hair,M41060,3,32415,Yellow Free Hair
Hair,M41060,5,32416,Blue Free Hair
Hair,M41060,6,32417,Purple Free Hair
Hair,M41060,7,32418,Brown Free Hair
Hair,M41070,0,32419,Black Bold Hair
Hair,M41070,1,32420,Red Bold Hair
Hair,M41070,2,32421,Orange Bold Hair
Hair,M41070,3,32422,Yellow Bold Hair
Hair,M41070,5,32423,Blue Bold Hair
Hair,M41070,6,32424,Purple Bold Hair
Hair,M41070,7,32425,Brown Bold Hair
Hair,M41080,0,32426,Black Sunday Best Girl Hair
Hair,M41080,1,32427,Red Sunday Best Girl Hair
Hair,M41080,2,32428,Orange Sunday Best Girl Hair
Hair,M41080,3,32429,Yellow Sunday Best Girl Hair
Hair,M41080,5,32438,Blue Sunday Best Girl Hair
Hair,M41080,6,32439,Purple Sunday Best Girl Hair
Hair,M41080,7,32448,Brown Sunday Best Girl Hair
Hair,M41090,0,32449,Black Prim Air Hair
Hair,M41090,1,32458,Red Prim Air Hair
Hair,M41090,2,32459,Orange Prim Air Hair
Hair,M41090,3,32468,Yellow Prim Air Hair
Hair,M41090,5,32469,Blue Prim Air Hair
Hair,M41090,6,32478,Purple Prim Air Hair
Hair,M41090,7,32479,Brown Prim Air Hair
Hair,M41100,0,32488,Black Moonbeam Hair
Hair,M41100,1,32489,Red Moonbeam Hair
Hair,M41100,2,32498,Orange Moonbeam Hair
Hair,M41100,3,32499,Yellow Moonbeam Hair
Hair,M41100,5,32508,Blue Moonbeam Hair
Hair,M41100,6,32509,Purple Moonbeam Hair
Hair,M41100,7,32518,Brown Moonbeam Hair
Hair,M41110,0,32519,Black Glossy Hair
Hair,M41110,1,32520,Red Glossy Hair
Hair,M41110,2,32521,Orange Glossy Hair
Hair,M41110,3,32522,Yellow Glossy Hair
Hair,M41110,5,32523,Blue Glossy Hair
Hair,M41110,6,32524,Purple Glossy Hair
Hair,M41110,7,32525,Brown Glossy Hair
Hair,M41120,0,32526,Black Carmen Hair
Hair,M41120,1,32527,Red Carmen Hair
Hair,M41120,2,32528,Orange Carmen Hair
Hair,M41120,3,32529,Yellow Carmen Hair
Hair,M41120,5,32530,Blue Carmen Hair
Hair,M41120,6,32531,Purple Carmen Hair
Hair,M41120,7,32532,Brown Carmen Hair
Hair,M41130,0,32533,Hair 32533
Hair,M41130,1,32534,Hair 32534
Hair,M41130,2,32535,Hair 32535
Hair,M41130,3,32536,Hair 32536
Hair,M41130,5,32537,Hair 32537
Hair,M41130,6,32538,Hair 32538
Hair,M41130,7,32539,Hair 32539
Hair,M41140,0,32540,Dark Night Hair
Hair,M41140,1,32541,Dark Night Hair
Hair,M41140,2,32542,Dark Night Hair
Hair,M41140,3,32543,Dark Night Hair
Hair,M41140,5,32544,Dark Night Hair
Hair,M41140,6,32545,Dark Night Hair
Hair,M41140,7,32546,Dark Night Hair
Hair,M41150,0,32547,Black Yuna Hair
Hair,M41150,1,32548,Red Yuna Hair
Hair,M41150,2,32549,Orange Yuna Hair
Hair,M41150,3,32550,Yellow Yuna Hair
Hair,M41150,5,32551,Blue Yuna Hair
Hair,M41150,6,32552,Purple Yuna Hair
Hair,M41150,7,32553,Brown Yuna Hair
Hair,M41160,0,32554,Time World Black Alice Hair
Hair,M41160,1,32555,Time World Red Alice Hair
Hair,M41160,2,32556,Time World Orange Alice Hair
Hair,M41160,3,32557,Time World Yellow Alice Hair
Hair,M41160,5,32558,Time World Blue Alice Hair
Hair,M41160,6,32559,Time World Purple Alice Hair
Hair,M41160,7,32568,Time World Brown Alice Hair
Hair,M41170,0,32569,Black Kanna Hair
Hair,M41170,1,32578,Red Kanna Hair
Hair,M41170,2,32579,Orange Kanna Hair
Hair,M41170,3,32588,Yellow Kanna Hair 
Hair,M41170,5,32589,Blue Kanna Hair
Hair,M41170,6,32598,Purple Kanna Hair 
Hair,M41170,7,32599,Brown Kanna Hair 
Hair,M41180,0,32608,Cute Kanna Bob (Black)
Hair,M41180,1,32609,Cute Kanna Bob (Red)
Hair,M41180,2,32618,Cute Kanna Bob (Orange)
Hair,M41180,3,32619,Cute Kanna Bob (Yellow)
Hair,M41180,5,32628,Cute Kanna Bob (Blue)
Hair,M41180,6,32629,Cute Kanna Bob (Purple)
Hair,M41180,7,32638,Cute Kanna Bob (Brown)
Hair,M41190,0,32639,Black Quick Trim Hair
Hair,M41190,1,32648,Red Quick Trim Hair
Hair,M41190,2,32649,Orange Quick Trim Hair
Hair,M41190,3,32658,Yellow Quick Trim Hair
Hair,M41190,5,32659,Blue Quick Trim Hair
Hair,M41190,6,32668,Purple Quick Trim Hair
Hair,M41190,7,32669,Brown Quick Trim Hair
Hair,M41200,0,32670,Black Romantic Girl Hair
Hair,M41200,1,32671,Red Romantic Girl Hair
Hair,M41200,2,32672,Orange Romantic Girl Hair
Hair,M41200,3,32673,Yellow Romantic Girl Hair
Hair,M41200,5,32674,Blue Romantic Girl Hair
Hair,M41200,6,32675,Purple Romantic Girl Hair
Hair,M41200,7,32676,Brown Romantic Girl Hair
Hair,M41210,0,32677,Hair 32677
Hair,M41210,1,32678,Hair 32678
Hair,M41210,2,32679,Hair 32679
Hair,M41210,3,32680,Hair 32680
Hair,M41210,5,32681,Hair 32681
Hair,M41210,6,32682,Hair 32682
Hair,M41210,7,32683,Hair 32683
Hair,M41220,0,32684,Black Pageboy Hair
Hair,M41220,1,32685,Red Pageboy Hair
Hair,M41220,2,32686,Orange Pageboy Hair
Hair,M41220,3,32687,Yellow Pageboy Hair
Hair,M41220,5,32688,Blue Pageboy Hair
Hair,M41220,6,32689,Purple Pageboy Hair
Hair,M41220,7,32690,Brown Pageboy Hair
Hair,M41230,0,32691,Hair 32691
Hair,M41230,1,32692,Hair 32692
Hair,M41230,2,32693,Hair 32693
Hair,M41230,3,32694,Hair 32694
Hair,M41230,5,32695,Hair 32695
Hair,M41230,6,32696,Hair 32696
Hair,M41230,7,32697,Hair 32697
Hair,M41240,0,32698,Hair 32698
Hair,M41240,1,32699,Hair 32699
Hair,M41240,2,32700,Hair 32700
Hair,M41240,3,32701,Hair 32701
Hair,M41240,5,32702,Hair 32702
Hair,M41240,6,32703,Hair 32703
Hair,M41240,7,32704,Hair 32704
Hair,M41250,0,32705,Hair 32705
Hair,M41250,1,32706,Hair 32706
Hair,M41250,2,32707,Hair 32707
Hair,M41250,3,32708,Hair 32708
Hair,M41250,5,32709,Hair 32709
Hair,M41250,6,32710,Hair 32710
Hair,M41250,7,32711,Hair 32711
Hair,M41260,0,32712,Hair 32712
Hair,M41260,1,32713,Hair 32713
Hair,M41260,2,32714,Hair 32714
Hair,M41260,3,32715,Hair 32715
Hair,M41260,5,32716,Hair 32716
Hair,M41260,6,32717,Hair 32717
Hair,M41260,7,32718,Hair 32718
Hair,M41270,0,32719,Hair 32719
Hair,M41270,1,32720,Hair 32720
Hair,M41270,2,32721,Hair 32721
Hair,M41270,3,32722,Hair 32722
Hair,M41270,5,32723,Hair 32723
Hair,M41270,6,32724,Hair 32724
Hair,M41270,7,32725,Hair 32725
Hair,M41280,0,32726,Hair 32726
Hair,M41280,1,32727,Hair 32727
Hair,M41280,2,32728,Hair 32728
Hair,M41280,3,32729,Hair 32729
Hair,M41280,5,32730,Hair 32730
Hair,M41280,6,32731,Hair 32731
Hair,M41280,7,32732,Hair 32732
Hair,M41290,0,32733,Hair 32733
Hair,M41290,1,32734,Hair 32734
Hair,M41290,2,32735,Hair 32735
Hair,M41290,3,32736,Hair 32736
Hair,M41290,5,32737,Hair 32737
Hair,M41290,6,32738,Hair 32738
Hair,M41290,7,32739,Hair 32739
Hair,M41300,0,32740,Hair 32740
Hair,M41300,1,32741,Hair 32741
Hair,M41300,2,32742,Hair 32742
Hair,M41300,3,32743,Hair 32743
Hair,M41300,5,32744,Hair 32744
Hair,M41300,6,32745,Hair 32745
Hair,M41300,7,32746,Hair 32746
Hair,M41310,0,32747,Hair 32747
Hair,M41310,1,32748,Hair 32748
Hair,M41310,2,32749,Hair 32749
Hair,M41310,3,32750,Hair 32750
Hair,M41310,5,32751,Hair 32751
Hair,M41310,6,32752,Hair 32752
Hair,M41310,7,32753,Hair 32753
Hair,M41320,0,32754,Hair 32754
Hair,M41320,1,32755,Hair 32755
Hair,M41320,2,32756,Hair 32756
Hair,M41320,3,32757,Hair 32757
Hair,M41320,5,32758,Hair 32758
Hair,M41320,6,32759,Hair 32759
Hair,M41320,7,32760,Hair 32760
Hair,M41330,0,32761,Hair 32761
Hair,M41330,1,32762,Hair 32762
Hair,M41330,2,32763,Hair 32763
Hair,M41330,3,32764,Hair 32764
Hair,M41330,5,32765,Hair 32765
Hair,M41330,6,32766,Hair 32766
Hair,M41330,7,32767,Hair 32767
Hair,M41340,0,32768,Black Veloce Hair
Hair,M41340,1,32769,Red Veloce Hair
Hair,M41340,2,32770,Orange Veloce Hair
Hair,M41340,3,32771,Yellow Veloce Hair
Hair,M41340,5,32772,Blue Veloce Hair
Hair,M41340,6,32773,Purple Veloce Hair
Hair,M41340,7,32774,Brown Veloce Hair
Hair,M41350,0,32775,Black Braided Star Hair
Hair,M41350,1,32776,Red Braided Star Hair
Hair,M41350,2,32777,Orange Braided Star Hair
Hair,M41350,3,32778,Yellow Braided Star Hair
Hair,M41350,5,32779,Blue Braided Star Hair
Hair,M41350,6,32780,Purple Braided Star Hair
Hair,M41350,7,32781,Brown Braided Star Hair
Hair,M41360,0,32782,Black Lady Blair Hair
Hair,M41360,1,32783,Red Lady Blair Hair
Hair,M41360,2,32784,Orange Lady Blair Hair
Hair,M41360,3,32785,Yellow Lady Blair Hair
Hair,M41360,5,32786,Blue Lady Blair Hair
Hair,M41360,6,32787,Purple Lady Blair Hair
Hair,M41360,7,32788,Brown Lady Blair Hair
Hair,M41370,0,32789,Black Elf Queen Hair
Hair,M41370,1,32790,Red Elf Queen Hair
Hair,M41370,2,32791,Orange Elf Queen Hair
Hair,M41370,3,32792,Yellow Elf Queen Hair
Hair,M41370,5,32793,Blue Elf Queen Hair
Hair,M41370,6,32794,Purple Elf Queen Hair
Hair,M41370,7,32795,Brown Elf Queen Hair
Hair,M41380,0,32796,Black Polearm Warrior Hair
Hair,M41380,1,32797,Red Polearm Warrior Hair
Hair,M41380,2,32798,Orange Polearm Warrior Hair
Hair,M41380,3,32799,Yellow Polearm Warrior Hair
Hair,M41380,5,32800,Blue Polearm Warrior Hair
Hair,M41380,6,32801,Purple Polearm Warrior Hair
Hair,M41380,7,32802,Brown Polearm Warrior Hair
Hair,M41390,0,32803,White Smoky Wild Hair
Hair,M41390,1,32804,Red Smoky Wild Hair
Hair,M41390,2,32805,Orange Smoky Wild Hair
Hair,M41390,3,32806,Yellow Smoky Wild Hair
Hair,M41390,5,32807,Blue Smoky Wild Hair
Hair,M41390,6,32808,Purple Smoky Wild Hair
Hair,M41390,7,32809,Brown Smoky Wild Hair
Hair,M41400,0,32810,Black Innocent Ponytail Hair
Hair,M41400,1,32811,Red Innocent Ponytail Hair
Hair,M41400,2,32812,Orange Innocent Ponytail Hair
Hair,M41400,3,32813,Yellow Innocent Ponytail Hair
Hair,M41400,5,32814,Blue Innocent Ponytail Hair
Hair,M41400,6,32815,Purple Innocent Ponytail Hair
Hair,M41400,7,32816,Brown Innocent Ponytail Hair
Hair,M41410,0,32817,Black Asymmetrical Bob Hair
Hair,M41410,1,32818,Red Asymmetrical Bob Hair
Hair,M41410,2,32819,Orange Asymmetrical Bob Hair
Hair,M41410,3,32820,Yellow Asymmetrical Bob Hair
Hair,M41410,5,32821,Blue Asymmetrical Bob Hair
Hair,M41410,6,32822,Purple Asymmetrical Bob Hair
Hair,M41410,7,32823,Brown Asymmetrical Bob Hair
Hair,M41420,0,32824,Black Wavy Goddess Hair
Hair,M41420,1,32825,Red Wavy Goddess Hair
Hair,M41420,2,32826,Orange Wavy Goddess Hair
Hair,M41420,3,32827,Yellow Wavy Goddess Hair
Hair,M41420,5,32828,Blue Wavy Goddess Hair
Hair,M41420,6,32829,Purple Wavy Goddess Hair
Hair,M41420,7,32830,Brown Wavy Goddess Hair
Hair,M41430,0,32831,Hair 32831
Hair,M41430,1,32832,Hair 32832
Hair,M41430,2,32833,Hair 32833
Hair,M41430,3,32834,Hair 32834
Hair,M41430,5,32835,Hair 32835
Hair,M41430,6,32836,Hair 32836
Hair,M41430,7,32837,Hair 32837
Hair,M41440,0,32838,Black Scented Hair
Hair,M41440,1,32839,Red Scented Hair
Hair,M41440,2,32840,Orange Scented Hair
Hair,M41440,3,32841,Yellow Scented Hair
Hair,M41440,5,32842,Blue Scented Hair
Hair,M41440,6,32843,Purple Scented Hair
Hair,M41440,7,32844,Brown Scented Hair
Hair,M41450,0,32845,Hair 32845
Hair,M41450,1,32846,Hair 32846
Hair,M41450,2,32847,Hair 32847
Hair,M41450,3,32848,Hair 32848
Hair,M41450,5,32849,Hair 32849
Hair,M41450,6,32850,Hair 32850
Hair,M41450,7,32851,Hair 32851
Hair,M41460,0,32852,Black Chic Kitten Hair
Hair,M41460,1,32853,Red Chic Kitten Hair
Hair,M41460,2,32854,Orange Chic Kitten Hair
Hair,M41460,3,32855,Yellow Chic Kitten Hair
Hair,M41460,5,32856,Green Chic Kitten Hair
Hair,M41460,6,32857,Purple Chic Kitten Hair
Hair,M41460,7,32858,Brown Chic Kitten Hair
Hair,M41470,0,32859,Black Silky Hair
Hair,M41470,1,32860,Red Silky Hair
Hair,M41470,2,32861,Orange Silky Hair
Hair,M41470,3,32862,Yellow Silky Hair
Hair,M41470,5,32863,Blue Silky Hair
Hair,M41470,6,32864,Purple Silky Hair
Hair,M41470,7,32865,Brown Silky Hair
Hair,M41480,0,32866,Black Dragon Master Hair
Hair,M41480,1,32867,Red Dragon Master Hair
Hair,M41480,2,32868,Orange Dragon Master Hair
Hair,M41480,3,32869,Yellow Dragon Master Hair
Hair,M41480,5,32870,Blue Dragon Master Hair
Hair,M41480,6,32871,Purple Dragon Master Hair
Hair,M41480,7,32872,Brown Dragon Master Hair
Hair,M41490,0,32873,Black Forgotten Hero Hair
Hair,M41490,1,32874,Red Forgotten Hero Hair
Hair,M41490,2,32875,Orange Forgotten Hero Hair
Hair,M41490,3,32876,Yellow Forgotten Hero Hair
Hair,M41490,5,32877,Blue Forgotten Hero Hair
Hair,M41490,6,32878,Purple Forgotten Hero Hair
Hair,M41490,7,32879,Brown Forgotten Hero Hair
Hair,M41510,0,32880,Black Phantom Hair
Hair,M41510,1,32881,Red Phantom Hair
Hair,M41510,2,32882,Orange Phantom Hair
Hair,M41510,3,32883,Yellow Phantom Hair
Hair,M41510,5,32884,Blue Phantom Hair
Hair,M41510,6,32885,Purple Phantom Hair
Hair,M41510,7,32886,Brown Phantom Hair
Hair,M41520,0,32887,Black Glossy Flyaway Hair
Hair,M41520,1,32888,Red Glossy Flyaway Hair
Hair,M41520,2,32889,Orange Glossy Flyaway Hair
Hair,M41520,3,32890,Yellow Glossy Flyaway Hair
Hair,M41520,5,32891,Blue Glossy Flyaway Hair
Hair,M41520,6,32892,Purple Glossy Flyaway Hair
Hair,M41520,7,32893,Brown Glossy Flyaway Hair
Hair,M41530,0,32894,Hair 32894
Hair,M41530,1,32895,Hair 32895
Hair,M41530,2,32896,Hair 32896
Hair,M41530,3,32897,Hair 32897
Hair,M41530,5,32898,Hair 32898
Hair,M41530,6,32899,Hair 32899
Hair,M41530,7,32900,Hair 32900
Hair,M41540,0,32901,Hair 32901
Hair,M41540,1,32902,Hair 32902
Hair,M41540,2,32903,Hair 32903
Hair,M41540,3,32904,Hair 32904
Hair,M41540,5,32905,Hair 32905
Hair,M41540,6,32906,Hair 32906
Hair,M41540,7,32907,Hair 32907
Hair,M41550,0,32908,Hair 32908
Hair,M41550,1,32909,Hair 32909
Hair,M41550,2,32910,Hair 32910
Hair,M41550,3,32911,Hair 32911
Hair,M41550,5,32912,Hair 32912
Hair,M41550,6,32913,Hair 32913
Hair,M41550,7,32914,Hair 32914
Hair,M41560,0,32915,Black Alicia Hair
Hair,M41560,1,32916,Red Alicia Hair
Hair,M41560,2,32917,Orange Alicia Hair
Hair,M41560,3,32918,Yellow Alicia Hair
Hair,M41560,5,32919,Blue Alicia Hair
Hair,M41560,6,32920,Purple Alicia Hair
Hair,M41560,7,32921,Brown Alicia Hair
Hair,M41570,0,32922,Black Forest Fairy
Hair,M41570,1,32923,Red Forest Fairy
Hair,M41570,2,32924,Orange Forest Fairy
Hair,M41570,3,32925,Yellow Forest Fairy
Hair,M41570,5,32926,Blue Forest Fairy
Hair,M41570,6,32927,Purple Forest Fairy
Hair,M41570,7,32928,Brown Forest Fairy
Hair,M41580,0,32929,Black Princess of Tears Hair
Hair,M41580,1,32930,Red Princess of Tears Hair
Hair,M41580,2,32931,Orange Princess of Tears Hair
Hair,M41580,3,32932,Yellow Princess of Tears Hair
Hair,M41580,5,32933,Blue Princess of Tears Hair
Hair,M41580,6,32934,Purple Princess of Tears Hair
Hair,M41580,7,32935,Brown Princess of Tears Hair
Hair,M41590,0,32936,Black Lovely Hair
Hair,M41590,1,32937,Red Lovely Hair
Hair,M41590,2,32938,Orange Lovely Hair
Hair,M41590,3,32939,Yellow Lovely Hair
Hair,M41590,5,32940,Blue Lovely Hair
Hair,M41590,6,32941,Purple Lovely Hair
Hair,M41590,7,32942,Brown Lovely Hair
Hair,M41600,0,32943,Black Florence Hair
Hair,M41600,1,32944,Red Florence Hair
Hair,M41600,2,32945,Orange Florence Hair
Hair,M41600,3,32946,Yellow Florence Hair
Hair,M41600,5,32947,Blue Florence Hair
Hair,M41600,6,32948,Purple Florence Hair
Hair,M41600,7,32949,Brown Florence Hair
Hair,M41610,0,32950,Black Yuri Hair
Hair,M41610,1,32951,Red Yuri Hair
Hair,M41610,2,32952,Orange Yuri Hair
Hair,M41610,3,32953,Yellow Yuri Hair
Hair,M41610,5,32954,Blue Yuri Hair
Hair,M41610,6,32955,Purple Yuri Hair
Hair,M41610,7,32956,Brown Yuri Hair
Hair,M41620,0,32957,Black Xia Hair
Hair,M41620,1,32958,Red Xia Hair
Hair,M41620,2,32959,Orange Xia Hair
Hair,M41620,3,32960,Yellow Xia Hair
Hair,M41620,5,32961,Blue Xia Hair
Hair,M41620,6,32962,Purple Xia Hair
Hair,M41620,7,32963,Brown Xia Hair
Hair,M41630,0,32964,Black Harin Hair
Hair,M41630,1,32965,Red Harin Hair
Hair,M41630,2,32966,Orange Harin Hair
Hair,M41630,3,32967,Yellow Harin Hair
Hair,M41630,5,32968,Blue Harin Hair
Hair,M41630,6,32969,Purple Harin Hair
Hair,M41630,7,32970,Brown Harin Hair
Hair,M41640,0,32971,Black Takenokonoko Hair
Hair,M41640,1,32972,Red Takenokonoko Hair
Hair,M41640,2,32973,Orange Takenokonoko Hair
Hair,M41640,3,32974,Yellow Takenokonoko Hair
Hair,M41640,5,32975,Blue Takenokonoko Hair
Hair,M41640,6,32976,Purple Takenokonoko Hair
Hair,M41640,7,32977,Brown Takenokonoko Hair
Hair,M41650,0,32978,Black Izuna Hair
Hair,M41650,1,32979,Red Izuna Hair
Hair,M41650,2,32980,Orange Izuna Hair
Hair,M41650,3,32981,Yellow Izuna Hair
Hair,M41650,5,32982,Blue Izuna Hair
Hair,M41650,6,32983,Purple Izuna Hair
Hair,M41650,7,32984,Brown Izuna Hair
Hair,M41660,0,32985,Black Long Twin Tails Hair
Hair,M41660,1,32986,Red Long Twin Tails Hair
Hair,M41660,2,32987,Orange Long Twin Tails Hair
Hair,M41660,3,32988,Yellow Long Twin Tails Hair
Hair,M41660,5,32989,Blue Long Twin Tails Hair
Hair,M41660,6,32990,Purple Long Twin Tails Hair
Hair,M41660,7,32991,Brown Long Twin Tails Hair
Hair,M41670,0,32992,Black Angelic Wings Hair
Hair,M41670,1,32993,Red Angelic Wings Hair
Hair,M41670,2,32994,Orange Angelic Wings Hair
Hair,M41670,3,32995,Yellow Angelic Wings Hair
Hair,M41670,5,32996,Blue Angelic Wings Hair
Hair,M41670,6,32997,Purple Angelic Wings Hair
Hair,M41670,7,32998,Brown Angelic Wings Hair
Hair,M41680,0,32999,Black Raised Ribbon Hair
Hair,M41680,1,33008,Red Raised Ribbon Hair
Hair,M41680,2,33009,Orange Raised Ribbon Hair
Hair,M41680,3,33018,Yellow Raised Ribbon Hair
Hair,M41680,5,33019,Blue Raised Ribbon Hair
Hair,M41680,6,33028,Purple Raised Ribbon Hair
Hair,M41680,7,33029,Brown Raised Ribbon Hair
Hair,M41690,0,33038,Black Artsy Long Hair
Hair,M41690,1,33039,Red Artsy Long Hair
Hair,M41690,2,33048,Orange Artsy Long Hair
Hair,M41690,3,33049,Yellow Artsy Long Hair
Hair,M41690,5,33058,Blue Artsy Long Hair
Hair,M41690,6,33059,Purple Artsy Long Hair
Hair,M41690,7,33068,Brown Artsy Long Hair
Hair,M41700,0,33069,Black Goth Idol Hair
Hair,M41700,1,33078,Red Goth Idol Hair
Hair,M41700,2,33079,Orange Goth Idol Hair
Hair,M41700,3,33088,Yellow Goth Idol Hair
Hair,M41700,5,33089,Blue Goth Idol Hair
Hair,M41700,6,33098,Purple Goth Idol Hair
Hair,M41700,7,33099,Brown Goth Idol Hair
Hair,M41710,0,33108,Black Fresh Wave Hair
Hair,M41710,1,33109,Red Fresh Wave Hair
Hair,M41710,2,33118,Orange Fresh Wave Hair
Hair,M41710,3,33119,Yellow Fresh Wave Hair
Hair,M41710,5,33128,Blue Fresh Wave Hair
Hair,M41710,6,33129,Purple Fresh Wave Hair
Hair,M41710,7,33138,Brown Fresh Wave Hair
Hair,M41720,0,33139,Black Seran Hair
Hair,M41720,1,33148,Red Seran Hair
Hair,M41720,2,33149,Orange Seran Hair
Hair,M41720,3,33158,Yellow Seran Hair
Hair,M41720,5,33159,Blue Seran Hair
Hair,M41720,6,33168,Purple Seran Hair
Hair,M41720,7,33169,Brown Seran Hair
Hair,M41730,0,33178,Black Elegant Hair
Hair,M41730,1,33179,Red Elegant Hair
Hair,M41730,2,33188,Orange Elegant Hair
Hair,M41730,3,33189,Yellow Elegant Hair
Hair,M41730,5,33198,Blue Elegant Hair
Hair,M41730,6,33199,Purple Elegant Hair
Hair,M41730,7,33208,Brown Elegant Hair
Hair,M41740,0,33209,Black Beauty Hair
Hair,M41740,1,33218,Red Beauty Hair
Hair,M41740,2,33219,Orange Beauty Hair
Hair,M41740,3,33228,Yellow Beauty Hair
Hair,M41740,5,33229,Blue Beauty Hair
Hair,M41740,6,33238,Purple Beauty Hair
Hair,M41740,7,33239,Brown Beauty Hair
Hair,M41750,0,33248,Black Going to School in the Morning Hair
Hair,M41750,1,33249,Red Going to School in the Morning Hair
Hair,M41750,2,33258,Orange Going to School in the Morning Hair
Hair,M41750,3,33259,Yellow Going to School in the Morning Hair
Hair,M41750,5,33268,Blue Going to School in the Morning Hair
Hair,M41750,6,33269,Purple Going to School in the Morning Hair
Hair,M41750,7,33278,Brown Going to School in the Morning Hair
Hair,M41760,0,33279,Black Yorozu Hair
Hair,M41760,1,33288,Red Yorozu Hair
Hair,M41760,2,33289,Orange Yorozu Hair
Hair,M41760,3,33298,Yellow Yorozu Hair
Hair,M41760,5,33299,Blue Yorozu Hair
Hair,M41760,6,33308,Purple Yorozu Hair
Hair,M41760,7,33309,Brown Yorozu Hair
Hair,M41770,0,33318,Black Innocent Hair
Hair,M41770,1,33319,Red Innocent Hair
Hair,M41770,2,33328,Orange Innocent Hair
Hair,M41770,3,33329,Yellow Innocent Hair
Hair,M41770,5,33338,Blue Innocent Hair
Hair,M41770,6,33339,Purple Innocent Hair
Hair,M41770,7,33348,Brown Innocent Hair
Hair,M41780,0,33349,Black Goddess Hair
Hair,M41780,1,33358,Red Goddess Hair
Hair,M41780,2,33359,Orange Goddess Hair
Hair,M41780,3,33368,Yellow Goddess Hair
Hair,M41780,5,33369,Blue Goddess Hair
Hair,M41780,6,33378,Purple Goddess Hair
Hair,M41780,7,33379,Brown Goddess Hair
Hair,M41790,0,33388,Black Highlighted Braid Hair
Hair,M41790,1,33389,Red Highlighted Braid Hair
Hair,M41790,2,33398,Orange Highlighted Braid Hair
Hair,M41790,3,33399,Yellow Highlighted Braid Hair
Hair,M41790,5,33408,Blue Highlighted Braid Hair
Hair,M41790,6,33409,Purple Highlighted Braid Hair
Hair,M41790,7,33418,Brown Highlighted Braid Hair
Hair,M41800,0,33419,Black Bandana Hair
Hair,M41800,1,33428,Red Bandana Hair
Hair,M41800,2,33429,Orange Bandana Hair
Hair,M41800,3,33438,Yellow Bandana Hair
Hair,M41800,5,33439,Blue Bandana Hair
Hair,M41800,6,33448,Purple Bandana Hair
Hair,M41800,7,33449,Brown Bandana Hair
Hair,M41810,0,33458,Black Mont Blanc Hair
Hair,M41810,1,33459,Red Mont Blanc Hair
Hair,M41810,2,33468,Orange Mont Blanc Hair
Hair,M41810,3,33469,Yellow Mont Blanc Hair
Hair,M41810,5,33478,Blue Mont Blanc Hair
Hair,M41810,6,33479,Purple Mont Blanc Hair
Hair,M41810,7,33488,Brown Mont Blanc Hair
Hair,M41820,0,33489,Black Pudding Hair
Hair,M41820,1,33498,Red Pudding Hair
Hair,M41820,2,33499,Orange Pudding Hair
Hair,M41820,3,33508,Yellow Pudding Hair
Hair,M41820,5,33509,Blue Pudding Hair
Hair,M41820,6,33518,Purple Pudding Hair
Hair,M41820,7,33519,Brown Pudding Hair
Hair,M41830,0,33528,Black Choux Hair
Hair,M41830,1,33529,Red Choux Hair
Hair,M41830,2,33538,Orange Choux Hair
Hair,M41830,3,33539,Yellow Choux Hair
Hair,M41830,5,33548,Blue Choux Hair
Hair,M41830,6,33549,Purple Choux Hair
Hair,M41830,7,33558,Brown Choux Hair
Hair,M41840,0,33559,Black Pie Hair
Hair,M41840,1,33560,Red Pie Hair
Hair,M41840,2,33561,Orange Pie Hair
Hair,M41840,3,33562,Yellow Pie Hair
Hair,M41840,5,33563,Blue Pie Hair
Hair,M41840,6,33564,Purple Pie Hair
Hair,M41840,7,33565,Brown Pie Hair
Hair,M41850,0,33566,Black Multi Hair
Hair,M41850,1,33567,Red Multi Hair
Hair,M41850,2,33568,Orange Multi Hair
Hair,M41850,3,33569,Yellow Multi Hair
Hair,M41850,5,33570,Blue Multi Hair
Hair,M41850,6,33571,Purple Multi Hair
Hair,M41850,7,33572,Brown Multi Hair
Hair,M41860,0,33573,Black Lucid Hair
Hair,M41860,1,33574,Red Lucid Hair
Hair,M41860,2,33575,Orange Lucid Hair
Hair,M41860,3,33576,Yellow Lucid Hair
Hair,M41860,5,33577,Blue Lucid Hair
Hair,M41860,6,33578,Purple Lucid Hair
Hair,M41860,7,33579,Brown Lucid Hair
Hair,M41870,0,33588,Black Mouse-girl Hair
Hair,M41870,1,33589,Red Mouse-girl Hair
Hair,M41870,2,33598,Orange Mouse-girl Hair
Hair,M41870,3,33599,Yellow Mouse-girl Hair
Hair,M41870,5,33608,Blue Mouse-girl Hair
Hair,M41870,6,33609,Purple Mouse-girl Hair
Hair,M41870,7,33618,Brown Mouse-girl Hair
Hair,M41880,0,33619,Black Elegant Knee-length Hair
Hair,M41880,1,33628,Red Elegant Knee-length Hair
Hair,M41880,2,33629,Orange Elegant Knee-length Hair
Hair,M41880,3,33638,Yellow Elegant Knee-length Hair
Hair,M41880,5,33639,Blue Elegant Knee-length Hair
Hair,M41880,6,33648,Purple Elegant Knee-length Hair
Hair,M41880,7,33649,Brown Elegant Knee-length Hair
Hair,M41890,0,33658,Black Long Wavy Unibraid Hair
Hair,M41890,1,33659,Red Long Wavy Unibraid Hair
Hair,M41890,2,33668,Orange Long Wavy Unibraid Hair
Hair,M41890,3,33669,Yellow Long Wavy Unibraid Hair
Hair,M41890,5,33678,Blue Long Wavy Unibraid Hair
Hair,M41890,6,33679,Purple Long Wavy Unibraid Hair
Hair,M41890,7,33688,Brown Long Wavy Unibraid Hair
Hair,M41900,0,33689,Black Double French Braids
Hair,M41900,1,33698,Red Double French Braids
Hair,M41900,2,33699,Orange Double French Braids
Hair,M41900,3,33708,Yellow Double French Braids
Hair,M41900,5,33709,Blue Double French Braids
Hair,M41900,6,33718,Purple Double French Braids
Hair,M41900,7,33719,Brown Double French Braids
Hair,M41910,0,33728,Black Rebel Girl Hair
Hair,M41910,1,33729,Red Rebel Girl Hair
Hair,M41910,2,33738,Orange Rebel Girl Hair
Hair,M41910,3,33739,Yellow Rebel Girl Hair
Hair,M41910,5,33748,Blue Rebel Girl Hair
Hair,M41910,6,33749,Purple Rebel Girl Hair
Hair,M41910,7,33758,Brown Rebel Girl Hair
Hair,M41920,0,33759,Black Goth Ponytail
Hair,M41920,1,33768,Red Goth Ponytail
Hair,M41920,2,33769,Orange Goth Ponytail
Hair,M41920,3,33778,Yellow Goth Ponytail
Hair,M41920,5,33779,Blue Goth Ponytail
Hair,M41920,6,33788,Purple Goth Ponytail
Hair,M41920,7,33789,Brown Goth Ponytail
Hair,M41930,0,33798,Black Heart-braid Hair
Hair,M41930,1,33799,Red Heart-braid Hair
Hair,M41930,2,33808,Orange Heart-braid Hair
Hair,M41930,3,33809,Yellow Heart-braid Hair
Hair,M41930,5,33818,Blue Heart-braid Hair
Hair,M41930,6,33819,Purple Heart-braid Hair
Hair,M41930,7,33828,Brown Heart-braid Hair
Hair,M41940,0,33829,Black Trendy 2016 Hair
Hair,M41940,1,33838,Red Trendy 2016 Hair
Hair,M41940,2,33839,Orange Trendy 2016 Hair
Hair,M41940,3,33840,Yellow Trendy 2016 Hair
Hair,M41940,5,33841,Blue Trendy 2016 Hair
Hair,M41940,6,33842,Purple Trendy 2016 Hair
Hair,M41940,7,33843,Brown Trendy 2016 Hair
Hair,M41950,0,33844,Black Luxurious Locks
Hair,M41950,1,33845,Red Luxurious Locks
Hair,M41950,2,33846,Orange Luxurious Locks
Hair,M41950,3,33847,Yellow Luxurious Locks
Hair,M41950,5,33848,Blue Luxurious Locks
Hair,M41950,6,33849,Purple Luxurious Locks
Hair,M41950,7,33850,Brown Luxurious Locks
Hair,M41960,0,33851,Black Choppy Bangs
Hair,M41960,1,33852,Red Choppy Bangs
Hair,M41960,2,33853,Orange Choppy Bangs
Hair,M41960,3,33854,Yellow Choppy Bangs
Hair,M41960,5,33855,Blue Choppy Bangs
Hair,M41960,6,33856,Purple Choppy Bangs
Hair,M41960,7,33857,Brown Choppy Bangs
Hair,M41970,0,33858,Black Cute Short Hair
Hair,M41970,1,33859,Red Cute Short Hair
Hair,M41970,2,33860,Orange Cute Short Hair
Hair,M41970,3,33861,Yellow Cute Short Hair
Hair,M41970,5,33862,Blue Cute Short Hair
Hair,M41970,6,33863,Purple Cute Short Hair
Hair,M41970,7,33864,Brown Cute Short Hair
Hair,M41980,0,33865,Black Curly Poodle Hair
Hair,M41980,1,33866,Red Curly Poodle Hair
Hair,M41980,2,33867,Orange Curly Poodle Hair
Hair,M41980,3,33868,Yellow Curly Poodle Hair
Hair,M41980,5,33869,Blue Curly Poodle Hair
Hair,M41980,6,33870,Purple Curly Poodle Hair
Hair,M41980,7,33871,Brown Curly Poodle Hair
Hair,M41990,0,33872,Black Crescent Hair
Hair,M41990,1,33873,Red Crescent Hair
Hair,M41990,2,33874,Orange Crescent Hair
Hair,M41990,3,33875,Yellow Crescent Hair
Hair,M41990,5,33876,Blue Crescent Hair
Hair,M41990,6,33877,Purple Crescent Hair
Hair,M41990,7,33878,Brown Crescent Hair
Hair,M42000,0,33879,Hair 33879
Hair,M42000,1,33880,Hair 33880
Hair,M42000,2,33881,Hair 33881
Hair,M42000,3,33882,Hair 33882
Hair,M42000,5,33883,Hair 33883
Hair,M42000,6,33884,Hair 33884
Hair,M42000,7,33885,Hair 33885
Hair,M42010,0,33886,Hair 33886
Hair,M42010,1,33887,Hair 33887
Hair,M42010,2,33888,Hair 33888
Hair,M42010,3,33889,Hair 33889
Hair,M42010,5,33890,Hair 33890
Hair,M42010,6,33891,Hair 33891
Hair,M42010,7,33892,Hair 33892
Hair,M42020,0,33893,Hair 33893
Hair,M42020,1,33894,Hair 33894
Hair,M42020,2,33895,Hair 33895
Hair,M42020,3,33896,Hair 33896
Hair,M42020,5,33897,Hair 33897
Hair,M42020,6,33898,Hair 33898
Hair,M42020,7,33899,Hair 33899
Hair,M42030,0,33900,Hair 33900
Hair,M42030,1,33901,Hair 33901
Hair,M42030,2,33902,Hair 33902
Hair,M42030,3,33903,Hair 33903
Hair,M42030,5,33904,Hair 33904
Hair,M42030,6,33905,Hair 33905
Hair,M42030,7,33906,Hair 33906
Hair,M42040,0,33907,Hair 33907
Hair,M42040,1,33908,Hair 33908
Hair,M42040,2,33909,Hair 33909
Hair,M42040,3,33910,Hair 33910
Hair,M42040,5,33911,Hair 33911
Hair,M42040,6,33912,Hair 33912
Hair,M42040,7,33913,Hair 33913
Hair,M42050,0,33914,Hair 33914
Hair,M42050,1,33915,Hair 33915
Hair,M42050,2,33916,Hair 33916
Hair,M42050,3,33917,Hair 33917
Hair,M42050,5,33918,Hair 33918
Hair,M42050,6,33919,Hair 33919
Hair,M42050,7,33920,Hair 33920
Hair,M42060,0,33921,Black Louie Hair
Hair,M42060,1,33922,Red Louie Hair
Hair,M42060,2,33923,Orange Louie Hair
Hair,M42060,3,33924,Blonde Louie Hair
Hair,M42060,5,33925,Blue Louie Hair
Hair,M42060,6,33926,Purple Louie Hair
Hair,M42060,7,33927,Brown Louie Hair
Hair,M42070,0,33928,Black Louie Hair
Hair,M42070,1,33929,Red Louie Hair
Hair,M42070,2,33938,Orange Louie Hair
Hair,M42070,3,33939,Blonde Louie Hair
Hair,M42070,5,33948,Blue Louie Hair
Hair,M42070,6,33949,Purple Louie Hair
Hair,M42070,7,33958,Brown Louie Hair
Hair,M42080,0,33959,Black Crimsonheart Hair
Hair,M42080,1,33968,Red Crimsonheart Hair
Hair,M42080,2,33969,Orange Crimsonheart Hair
Hair,M42080,3,33978,Blonde Crimsonheart Hair
Hair,M42080,5,33979,Blue Crimsonheart Hair
Hair,M42080,6,33988,Purple Crimsonheart Hair
Hair,M42080,7,33989,Brown Crimsonheart Hair
Hair,M42090,0,33998,Black Glona Hair
Hair,M42090,1,33999,Red Glona Hair
Hair,M42090,2,34008,Orange Glona Hair
Hair,M42090,3,34009,Blonde Glona Hair
Hair,M42090,5,34018,Blue Glona Hair
Hair,M42090,6,34019,Purple Glona Hair
Hair,M42090,7,34028,Brown Glona Hair
Hair,M42100,0,34029,Hair 34029
Hair,M42100,1,34038,Hair 34038
Hair,M42100,2,34039,Hair 34039
Hair,M42100,3,34048,Hair 34048
Hair,M42100,5,34049,Hair 34049
Hair,M42100,6,34058,Hair 34058
Hair,M42100,7,34059,Hair 34059
Hair,M42110,0,34068,Black Naricain Hair
Hair,M42110,1,34069,Red Naricain Hair
Hair,M42110,2,34070,Orange Naricain Hair
Hair,M42110,3,34071,Blonde Naricain Hair
Hair,M42110,5,34072,Blue Naricain Hair
Hair,M42110,6,34073,Purple Naricain Hair
Hair,M42110,7,34074,Brown Naricain Hair
Hair,M42120,0,34075,Black Dr. Jang Hair
Hair,M42120,1,34076,Red Dr. Jang Hair
Hair,M42120,2,34077,Orange Dr. Jang Hair
Hair,M42120,3,34078,Blonde Dr. Jang Hair
Hair,M42120,5,34079,Blue Dr. Jang Hair
Hair,M42120,6,34080,Purple Dr. Jang Hair
Hair,M42120,7,34081,Brown Dr. Jang Hair
Hair,M43000,0,34082,Black Commander Will Hair
Hair,M43000,1,34083,Red Commander Will Hair
Hair,M43000,2,34084,Orange Commander Will Hair
Hair,M43000,3,34085,Yellow Commander Will Hair
Hair,M43000,5,34086,Blue Commander Will Hair
Hair,M43000,6,34087,Purple Commander Will Hair
Hair,M43000,7,34088,Brown Commander Will Hair
Hair,M43010,0,34089,Black Pastel Goth Hair
Hair,M43010,1,34090,Red Pastel Goth Hair
Hair,M43010,2,34091,Orange Pastel Goth Hair
Hair,M43010,3,34092,Yellow Pastel Goth Hair
Hair,M43010,5,34093,Blue Pastel Goth Hair
Hair,M43010,6,34094,Purple Pastel Goth Hair
Hair,M43010,7,34095,Brown Pastel Goth Hair
Hair,M43020,0,34096,Black Ruffled Hair
Hair,M43020,1,34097,Red Ruffled Hair
Hair,M43020,2,34098,Orange Ruffled Hair
Hair,M43020,3,34099,Blonde Ruffled Hair
Hair,M43020,5,34100,Blue Ruffled Hair
Hair,M43020,6,34101,Purple Ruffled Hair
Hair,M43020,7,34102,Brown Ruffled Hair
Hair,M43120,0,34103,Black White Rose Hair
Hair,M43120,1,34104,Red White Rose Hair
Hair,M43120,2,34105,Orange White Rose Hair
Hair,M43120,3,34106,Yellow White Rose Hair
Hair,M43120,5,34107,Blue White Rose Hair
Hair,M43120,6,34108,Purple White Rose Hair
Hair,M43120,7,34109,Brown White Rose Hair
Hair,M43130,0,34118,Black Cowlick Hair
Hair,M43130,1,34119,Red Cowlick Hair
Hair,M43130,2,34128,Orange Cowlick Hair
Hair,M43130,3,34129,Yellow Cowlick Hair
Hair,M43130,5,34138,Blue Cowlick Hair
Hair,M43130,6,34139,Purple Cowlick Hair
Hair,M43130,7,34148,Brown Cowlick Hair
Hair,M43140,0,34149,Black Cool School Trim
Hair,M43140,1,34158,Red Cool School Trim
Hair,M43140,2,34159,Orange Cool School Trim
Hair,M43140,3,34168,Blonde Cool School Trim
Hair,M43140,5,34169,Blue Cool School Trim
Hair,M43140,6,34178,Purple Cool School Trim
Hair,M43140,7,34179,Brown Cool School Trim
Hair,M43180,0,34188,Black Street Punk Hair
Hair,M43180,1,34189,Street Punk Hair
Hair,M43180,2,34198,Orange Street Punk Hair
Hair,M43180,3,34199,Blonde Street Punk Hair
Hair,M43180,5,34200,Blue Street Punk Hair
Hair,M43180,6,34201,Purple Street Punk Hair
Hair,M43180,7,34202,Brown Street Punk Hair
Hair,M43190,0,34203,Black Idol Shaved Head
Hair,M43190,1,34204,Red Idol Shaved Head
Hair,M43190,2,34205,Orange Idol Shaved Head
Hair,M43190,3,34206,Blonde Idol Shaved Head
Hair,M43190,5,34207,Blue Idol Shaved Head
Hair,M43190,6,34208,Purple Idol Shaved Head
Hair,M43190,7,34209,Brown Idol Shaved Head
Hair,M43200,0,34218,Black Elite Parted Hair
Hair,M43200,1,34219,Red Elite Parted Hair
Hair,M43200,2,34228,Orange Elite Parted Hair
Hair,M43200,3,34229,Blonde Elite Parted Hair
Hair,M43200,5,34238,Blue Elite Parted Hair
Hair,M43200,6,34239,Purple Elite Parted Hair
Hair,M43200,7,34248,Brown Elite Parted Hair
Hair,M43220,0,34249,Black Count Dracula Hair
Hair,M43220,1,34258,Red Count Dracula Hair
Hair,M43220,2,34259,Orange Count Dracula Hair
Hair,M43220,3,34268,Blonde Count Dracula Hair
Hair,M43220,5,34269,Blue Count Dracula Hair
Hair,M43220,6,34278,Purple Count Dracula Hair
Hair,M43220,7,34279,Brown Count Dracula Hair
Hair,M43230,0,34288,Black Rabble Rouser Hair
Hair,M43230,1,34289,Red Rabble Rouser Hair
Hair,M43230,2,34298,Orange Rabble Rouser Hair
Hair,M43230,3,34299,Blonde Rabble Rouser Hair
Hair,M43230,5,34308,Blue Rabble Rouser Hair
Hair,M43230,6,34309,Purple Rabble Rouser Hair
Hair,M43230,7,34318,Brown Rabble Rouser Hair
Hair,M43240,0,34319,Black Bed Head Hair
Hair,M43240,1,34328,Red Bed Head Hair
Hair,M43240,2,34329,Orange Bed Head Hair
Hair,M43240,3,34338,Yellow Bed Head Hair
Hair,M43240,5,34339,Blue Bed Head Hair
Hair,M43240,6,34348,Purple Bed Head Hair
Hair,M43240,7,34349,Brown Bed Head Hair
Hair,M43250,0,34358,Black Contrast Bangs
Hair,M43250,1,34359,Red Contrast Bangs
Hair,M43250,2,34368,Orange Contrast Bangs
Hair,M43250,3,34369,Yellow Contrast Bangs
Hair,M43250,5,34378,Blue Contrast Bangs
Hair,M43250,6,34379,Purple Contrast Bangs
Hair,M43250,7,34388,Brown Contrast Bangs
Hair,M43260,0,34389,Black Kimono Up-do (M)
Hair,M43260,1,34398,Red Kimono Up-do (M)
Hair,M43260,2,34399,Orange Kimono Up-do (M)
Hair,M43260,3,34408,Blonde Kimono Up-do (M)
Hair,M43260,5,34409,Blue Kimono Up-do (M)
Hair,M43260,6,34418,Purple Kimono Up-do (M)
Hair,M43260,7,34419,Brown Kimono Up-do (M)
Hair,M43270,0,34428,Black Blademaster Hair (M)
Hair,M43270,1,34429,Red Blademaster Hair (M)
Hair,M43270,2,34438,Orange Blademaster Hair (M)
Hair,M43270,3,34439,Blonde Blademaster Hair (M)
Hair,M43270,5,34448,Blue Blademaster Hair (M)
Hair,M43270,6,34449,Purple Blademaster Hair (M)
Hair,M43270,7,34458,Brown Blademaster Hair (M)
Hair,M43280,0,34459,Black Comma Hair
Hair,M43280,1,34468,Red Comma Hair
Hair,M43280,2,34469,Orange Comma Hair
Hair,M43280,3,34478,Blonde Comma Hair
Hair,M43280,5,34479,Blue Comma Hair
Hair,M43280,6,34488,Purple Comma Hair
Hair,M43280,7,34489,Brown Comma Hair
Hair,M43290,0,34498,Black Pale Moonlit Hair
Hair,M43290,1,34499,Red Pale Moonlit Hair
Hair,M43290,2,34500,Orange Pale Moonlit Hair
Hair,M43290,3,34501,Blonde Pale Moonlit Hair
Hair,M43290,5,34502,Blue Pale Moonlit Hair
Hair,M43290,6,34503,Purple Pale Moonlit Hair
Hair,M43290,7,34504,Brown Pale Moonlit Hair
Hair,M43300,0,34505,Black Foggy Moonlit Hair
Hair,M43300,1,34506,Red Foggy Moonlit Hair
Hair,M43300,2,34507,Orange Foggy Moonlit Hair
Hair,M43300,3,34508,Blonde Foggy Moonlit Hair
Hair,M43300,5,34509,Blue Foggy Moonlit Hair
Hair,M43300,6,34518,Purple Foggy Moonlit Hair
Hair,M43300,7,34519,Brown Foggy Moonlit Hair
Hair,M43310,0,34520,Plush Black Hair
Hair,M43310,1,34521,Plush Red Hair
Hair,M43310,2,34522,Plush Orange Hair
Hair,M43310,3,34523,Plush Blonde Hair
Hair,M43310,5,34524,Plush Blue Hair
Hair,M43310,6,34525,Plush Purple Hair
Hair,M43310,7,34526,Plush Brown Hair
Hair,M43320,0,34527,Black Boyband Hair
Hair,M43320,1,34528,Red Boyband Hair
Hair,M43320,2,34529,Orange Boyband Hair
Hair,M43320,3,34530,Blonde Boyband Hair
Hair,M43320,5,34531,Blue Boyband Hair
Hair,M43320,6,34532,Purple Boyband Hair
Hair,M43320,7,34533,Brown Boyband Hair
Hair,M43330,0,34534,Black Dannie Hair
Hair,M43330,1,34535,Red Dannie Hair
Hair,M43330,2,34536,Orange Dannie Hair
Hair,M43330,3,34537,Blonde Dannie Hair
Hair,M43330,5,34538,Blue Dannie Hair
Hair,M43330,6,34539,Purple Dannie Hair
Hair,M43330,7,34548,Brown Dannie Hair
Hair,M43340,0,34549,Black Little Prince Hair
Hair,M43340,1,34550,Red Little Prince Hair
Hair,M43340,2,34551,Orange Little Prince Hair
Hair,M43340,3,34552,Blonde Little Prince Hair
Hair,M43340,5,34553,Blue Little Prince Hair
Hair,M43340,6,34554,Purple Little Prince Hair
Hair,M43340,7,34555,Brown Little Prince Hair
Hair,M43350,0,34556,Black Pompom Hair
Hair,M43350,1,34557,Red Pompom Hair
Hair,M43350,2,34558,Orange Pompom Hair
Hair,M43350,3,34559,Blonde Pompom Hair
Hair,M43350,5,34568,Blue Pompom Hair
Hair,M43350,6,34569,Purple Pompom Hair
Hair,M43350,7,34570,Brown Pompom Hair
Hair,M43410,0,34571,Black Puff Pony Hair
Hair,M43410,1,34572,Red Puff Pony Hair
Hair,M43410,2,34573,Orange Puff Pony Hair
Hair,M43410,3,34574,Yellow Puff Pony Hair
Hair,M43410,5,34575,Blue Puff Pony Hair
Hair,M43410,6,34576,Purple Puff Pony Hair
Hair,M43410,7,34577,Brown Puff Pony Hair
Hair,M43420,0,34578,Black Cadena Copycat Hair
Hair,M43420,1,34579,Red Cadena Copycat Hair
Hair,M43420,2,34588,Orange Cadena Copycat Hair
Hair,M43420,3,34589,Yellow Cadena Copycat Hair
Hair,M43420,5,34598,Blue Cadena Copycat Hair
Hair,M43420,6,34599,Purple Cadena Copycat Hair
Hair,M43420,7,34608,Brown Cadena Copycat Hair
Hair,M43430,0,34609,Black Adam Hair
Hair,M43430,1,34618,Red Adam Hair
Hair,M43430,2,34619,Orange Adam Hair
Hair,M43430,3,34628,Yellow Adam Hair
Hair,M43430,5,34629,Blue Adam Hair
Hair,M43430,6,34638,Purple Adam Hair
Hair,M43430,7,34639,Brown Adam Hair
Hair,M43440,0,34648,Kaworu Hair
Hair,M43440,1,34649,Kaworu Hair
Hair,M43440,2,34658,Kaworu Hair
Hair,M43440,3,34659,Kaworu Hair
Hair,M43440,5,34668,Kaworu Hair
Hair,M43440,6,34669,Kaworu Hair
Hair,M43440,7,34678,Kaworu Hair
Hair,M43450,0,34679,Shinji Hair
Hair,M43450,1,34688,Shinji Hair
Hair,M43450,2,34689,Shinji Hair
Hair,M43450,3,34698,Shinji Hair
Hair,M43450,5,34699,Shinji Hair
Hair,M43450,6,34708,Shinji Hair
Hair,M43450,7,34709,Shinji Hair
Hair,M43590,0,34718,Black Rebel-Roots Hair
Hair,M43590,1,34719,Red Rebel-Roots Hair
Hair,M43590,2,34728,Orange Rebel-Roots Hair
Hair,M43590,3,34729,Blonde Rebel-Roots Hair
Hair,M43590,5,34738,Blue Rebel-Roots Hair
Hair,M43590,6,34739,Purple Rebel-Roots Hair
Hair,M43590,7,34748,Brown Rebel-Roots Hair
Hair,M43600,0,34749,Black Wolf Mane Hair
Hair,M43600,1,34758,Red Wolf Mane Hair
Hair,M43600,2,34759,Orange Wolf Mane Hair
Hair,M43600,3,34768,Blonde Wolf Mane Hair
Hair,M43600,5,34769,Blue Wolf Mane Hair
Hair,M43600,6,34778,Purple Wolf Mane Hair
Hair,M43600,7,34779,Brown Wolf Mane Hair
Hair,M43660,0,34788,Chess Hair
Hair,M43660,1,34789,Chess Hair
Hair,M43660,2,34798,Chess Hair
Hair,M43660,3,34799,Chess Hair
Hair,M43660,5,34808,Chess Hair
Hair,M43660,6,34809,Chess Hair
Hair,M43660,7,34818,Chess Hair
Hair,M43670,0,34819,Black Wild Princess's Mane (M)
Hair,M43670,1,34828,Red Wild Princess's Mane (M)
Hair,M43670,2,34829,Orange Wild Princess's Mane (M)
Hair,M43670,3,34838,Yellow Wild Princess's Mane (M)
Hair,M43670,5,34839,Blue Wild Princess's Mane (M)
Hair,M43670,6,34848,Purple Wild Princess's Mane (M)
Hair,M43670,7,34849,Brown Wild Princess's Mane (M)
Hair,M43680,0,34858,Black Moon Bunny Hairdo (M)
Hair,M43680,1,34859,Red Moon Bunny Hairdo (M)
Hair,M43680,2,34868,Orange Moon Bunny Hairdo (M)
Hair,M43680,3,34869,Yellow Moon Bunny Hairdo (M)
Hair,M43680,5,34878,Blue Moon Bunny Hairdo (M)
Hair,M43680,6,34879,Purple Moon Bunny Hairdo (M)
Hair,M43680,7,34888,Brown Moon Bunny Hairdo (M)
Hair,M43690,0,34889,Black Von Bon Hair (M)
Hair,M43690,1,34898,Red Von Bon Hair (M)
Hair,M43690,2,34899,Orange Von Bon Hair (M)
Hair,M43690,3,34908,Yellow Von Bon Hair (M)
Hair,M43690,5,34909,Blue Von Bon Hair (M)
Hair,M43690,6,34918,Purple Von Bon Hair (M)
Hair,M43690,7,34919,Brown Von Bon Hair (F)
Hair,M43730,0,34920,Lunar New Year Illium Hair
Hair,M43730,1,34921,Lunar New Year Illium Hair
Hair,M43730,2,34922,Lunar New Year Illium Hair
Hair,M43730,3,34923,Lunar New Year Illium Hair
Hair,M43730,5,34924,Lunar New Year Illium Hair
Hair,M43730,6,34925,Lunar New Year Illium Hair
Hair,M43730,7,34926,Lunar New Year Illium Hair
Hair,M43810,0,34927,Bangin' Boyband Hair
Hair,M43810,1,34928,Bangin' Boyband Hair
Hair,M43810,2,34929,Bangin' Boyband Hair
Hair,M43810,3,34930,Bangin' Boyband Hair
Hair,M43810,5,34931,Bangin' Boyband Hair
Hair,M43810,6,34932,Bangin' Boyband Hair
Hair,M43810,7,34933,Bangin' Boyband Hair
Hair,M43890,0,34934,Galaxy Hair
Hair,M43890,1,34935,Galaxy Hair
Hair,M43890,2,34936,Galaxy Hair
Hair,M43890,3,34937,Galaxy Hair
Hair,M43890,5,34938,Galaxy Hair
Hair,M43890,6,34939,Galaxy Hair
Hair,M43890,7,34948,Galaxy Hair
Hair,M44000,0,34949,Black Lively Braided Hair
Hair,M44000,1,34958,Red Lively Braided Hair
Hair,M44000,2,34959,Orange Lively Braided Hair
Hair,M44000,3,34968,Yellow Lively Braided Hair
Hair,M44000,5,34969,Blue Lively Braided Hair
Hair,M44000,6,34978,Purple Lively Braided Hair
Hair,M44000,7,34979,Brown Lively Braided Hair
Hair,M44010,0,34988,Black Sugar Girl Hair
Hair,M44010,1,34989,Red Sugar Girl Hair
Hair,M44010,2,34998,Orange Sugar Girl Hair
Hair,M44010,3,34999,Yellow Sugar Girl Hair
Hair,M44010,5,35008,Blue Sugar Girl Hair
Hair,M44010,6,35009,Purple Sugar Girl Hair
Hair,M44010,7,35018,Brown Sugar Girl Hair
Hair,M44020,0,35019,Black Trend-Setting Hair
Hair,M44020,1,35028,Red Trend-Setting Hair
Hair,M44020,2,35029,Orange Trend-Setting Hair
Hair,M44020,3,35038,Yellow Trend-Setting Hair
Hair,M44020,5,35039,Blue Trend-Setting Hair
Hair,M44020,6,35048,Purple Trend-Setting Hair
Hair,M44020,7,35049,Brown Trend-Setting Hair
Hair,M44030,0,35058,Black Star Student Hair
Hair,M44030,1,35059,Red Star Student Hair
Hair,M44030,2,35068,Orange Star Student Hair
Hair,M44030,3,35069,Yellow Star Student Hair
Hair,M44030,5,35078,Blue Star Student Hair
Hair,M44030,6,35079,Purple Star Student Hair
Hair,M44030,7,35088,Brown Star Student Hair
Hair,M44040,0,35089,Aster Hair Mod - Black
Hair,M44040,1,35098,Aster Hair Mod - Red
Hair,M44040,2,35099,Aster Hair Mod - Orange
Hair,M44040,3,35108,Aster Hair Mod - Yellow
Hair,M44040,5,35109,Aster Hair Mod - Blue
Hair,M44040,6,35118,Aster Hair Mod - Purple
Hair,M44040,7,35119,Aster Hair Mod - Brown
Hair,M44050,0,35128,Roxxy Hair Mod - Black
Hair,M44050,1,35129,Roxxy Hair Mod - Red
Hair,M44050,2,35138,Roxxy Hair Mod - Orange
Hair,M44050,3,35139,Roxxy Hair Mod - Yellow
Hair,M44050,5,35148,Roxxy Hair Mod - Blue
Hair,M44050,6,35149,Roxxy Hair Mod - Purple
Hair,M44050,7,35158,Roxxy Hair Mod - Brown
Hair,M44060,0,35159,Anastasia Hair Mod - Black
Hair,M44060,1,35168,Anastasia Hair Mod - Red
Hair,M44060,2,35169,Anastasia Hair Mod - Orange
Hair,M44060,3,35178,Anastasia Hair Mod - Yellow
Hair,M44060,5,35179,Anastasia Hair Mod - Blue
Hair,M44060,6,35188,Anastasia Hair Mod - Purple
Hair,M44060,7,35189,Anastasia Hair Mod - Brown
Hair,M44070,0,35198,Rhea Hair Mod - Black
Hair,M44070,1,35199,Rhea Hair Mod - Red
Hair,M44070,2,35208,Rhea Hair Mod - Orange
Hair,M44070,3,35209,Rhea Hair Mod - Yellow
Hair,M44070,5,35218,Rhea Hair Mod - Blue
Hair,M44070,6,35219,Rhea Hair Mod - Purple
Hair,M44070,7,35228,Rhea Hair Mod - Brown
Hair,M44080,0,35229,Jax Hair Mod - Black
Hair,M44080,1,35238,Jax Hair Mod - Red
Hair,M44080,2,35239,Jax Hair Mod - Orange
Hair,M44080,3,35248,Jax Hair Mod - Yellow
Hair,M44080,5,35249,Jax Hair Mod - Blue
Hair,M44080,6,35258,Jax Hair Mod - Purple
Hair,M44080,7,35259,Jax Hair Mod - Brown
Hair,M44090,0,35268,Kat Hair Mod - Black
Hair,M44090,1,35269,Kat Hair Mod - Red
Hair,M44090,2,35278,Kat Hair Mod - Orange
Hair,M44090,3,35279,Kat Hair Mod - Yellow
Hair,M44090,5,35288,Kat Hair Mod - Blue
Hair,M44090,6,35289,Kat Hair Mod - Purple
Hair,M44090,7,35298,Kat Hair Mod - Brown
Hair,M44100,0,35299,Apollo Hair Mod - Black
Hair,M44100,1,35308,Apollo Hair Mod - Red
Hair,M44100,2,35309,Apollo Hair Mod - Orange
Hair,M44100,3,35318,Apollo Hair Mod - Yellow
Hair,M44100,5,35319,Apollo Hair Mod - Blue
Hair,M44100,6,35320,Apollo Hair Mod - Purple
Hair,M44100,7,35321,Apollo Hair Mod - Brown
Hair,M44110,0,35322,Sarim Hair Mod - Black
Hair,M44110,1,35323,Sarim Hair Mod - Red
Hair,M44110,2,35324,Sarim Hair Mod - Orange
Hair,M44110,3,35325,Sarim Hair Mod - Yellow
Hair,M44110,5,35326,Sarim Hair Mod - Blue
Hair,M44110,6,35327,Sarim Hair Mod - Purple
Hair,M44110,7,35328,Sarim Hair Mod - Brown
Hair,M44120,0,35329,Black Bubble Tea Hair
Hair,M44120,1,35338,Red Bubble Tea Hair
Hair,M44120,2,35339,Orange Bubble Tea Hair
Hair,M44120,3,35348,Blonde Bubble Tea Hair
Hair,M44120,5,35349,Blue Bubble Tea Hair
Hair,M44120,6,35358,Purple Bubble Tea Hair
Hair,M44120,7,35359,Brown Bubble Tea Hair
Hair,M44130,0,35368,Black Immaculate Hair
Hair,M44130,1,35369,Red Immaculate Hair
Hair,M44130,2,35378,Orange Immaculate Hair
Hair,M44130,3,35379,Blonde Immaculate Hair
Hair,M44130,5,35388,Blue Immaculate Hair
Hair,M44130,6,35389,Purple Immaculate Hair
Hair,M44130,7,35398,Brown Immaculate Hair
Hair,M44140,0,35399,Black Bed Head Hair
Hair,M44140,1,35401,Red Bed Head Hair
Hair,M44140,2,35402,Orange Bed Head Hair
Hair,M44140,3,35403,Blonde Bed Head Hair
Hair,M44140,5,35404,Blue Bed Head Hair
Hair,M44140,6,35405,Purple Bed Head Hair
Hair,M44140,7,35406,Brown Bed Head Hair
Hair,M44150,0,35407,Black Angelcakes Hair
Hair,M44150,1,35408,Red Angelcakes Hair
Hair,M44150,2,35409,Orange Angelcakes Hair
Hair,M44150,3,35418,Blondee Angelcakes Hair
Hair,M44150,5,35419,Blue Angelcakes Hair
Hair,M44150,6,35428,Purple Angelcakes Hair
Hair,M44150,7,35429,Brown Angelcakes Hair
Hair,M44160,0,35438,Black Statement Hair
Hair,M44160,1,35439,Red Statement Hair
Hair,M44160,2,35448,Orange Statement Hair
Hair,M44160,3,35449,Yellow Statement Hair
Hair,M44160,5,35458,Blue Statement Hair
Hair,M44160,6,35459,Purple Statement Hair
Hair,M44160,7,35468,Brown Statement Hair
Hair,M44170,0,35469,Black Hairspray Hair
Hair,M44170,1,35478,Red Hairspray Hair
Hair,M44170,2,35479,Orange Hairspray Hair
Hair,M44170,3,35480,Blonde Hairspray Hair
Hair,M44170,5,35481,Blue Hairspray Hair
Hair,M44170,6,35482,Purple Hairspray Hair
Hair,M44170,7,35483,Brown Hairspray Hair
Hair,M44180,0,35484,Black Damien Hair
Hair,M44180,1,35485,Red Damien Hair
Hair,M44180,2,35486,Orange Damien Hair
Hair,M44180,3,35487,Yellow Damien Hair
Hair,M44180,5,35488,Blue Damien Hair
Hair,M44180,6,35489,Purple Damien Hair
Hair,M44180,7,35498,Brown Damien Hair
Hair,M44190,0,35499,Black Pastel Goth Hair
Hair,M44190,1,35508,Red Pastel Goth Hair
Hair,M44190,2,35509,Orange Pastel Goth Hair
Hair,M44190,3,35518,Yellow Pastel Goth Hair
Hair,M44190,5,35519,Blue Pastel Goth Hair
Hair,M44190,6,35528,Purple Pastel Goth Hair
Hair,M44190,7,35529,Brown Pastel Goth Hair
Hair,M44200,0,35538,Black Breezy Beach Hair
Hair,M44200,1,35539,Red Breezy Beach Hair
Hair,M44200,2,35548,Orange Breezy Beach Hair
Hair,M44200,3,35549,Yellow Breezy Beach Hair
Hair,M44200,5,35558,Blue Breezy Beach Hair
Hair,M44200,6,35559,Purple Breezy Beach Hair
Hair,M44200,7,35568,Brown Breezy Beach Hair
Hair,M44290,0,35569,Black Fringed Bob Hair
Hair,M44290,1,35578,Red Fringed Bob Hair
Hair,M44290,2,35579,Orange Fringed Bob Hair
Hair,M44290,3,35588,Blonde Fringed Bob Hair
Hair,M44290,5,35589,Blue Fringed Bob Hair
Hair,M44290,6,35598,Purple Fringed Bob Hair
Hair,M44290,7,35599,Brown Fringed Bob Hair
Hair,M44300,0,35608,Black White Rose Hair
Hair,M44300,1,35609,Red White Rose Hair
Hair,M44300,2,35618,Orange White Rose Hair
Hair,M44300,3,35619,Yellow White Rose Hair
Hair,M44300,5,35628,Blue White Rose Hair
Hair,M44300,6,35629,Purple White Rose Hair
Hair,M44300,7,35638,Brown White Rose Hair
Hair,M44310,0,35639,Black Sweet Fairy Hair
Hair,M44310,1,35648,Red Sweet Fairy Hair
Hair,M44310,2,35649,Orange Sweet Fairy Hair
Hair,M44310,3,35658,Yellow Sweet Fairy Hair
Hair,M44310,5,35659,Blue Sweet Fairy Hair
Hair,M44310,6,35668,Purple Sweet Fairy Hair
Hair,M44310,7,35669,Brown Sweet Fairy Hair
Hair,M44370,0,35678,Black Half Up-Do Hair
Hair,M44370,1,35679,Red Half Up-Do Hair
Hair,M44370,2,35688,Orange Half Up-Do Hair
Hair,M44370,3,35689,Blonde Half Up-Do Hair
Hair,M44370,5,35698,Blue Half Up-Do Hair
Hair,M44370,6,35699,Purple Half Up-Do Hair
Hair,M44370,7,35708,Brown Half Up-Do Hair
Hair,M44380,0,35709,Black Cute and Nice Daughter Hair
Hair,M44380,1,35718,Red Cute and Nice Daughter Hair
Hair,M44380,2,35719,Orange Cute and Nice Daughter Hair
Hair,M44380,3,35728,Blonde Cute and Nice Daughter Hair
Hair,M44380,5,35729,Blue Cute and Nice Daughter Hair
Hair,M44380,6,35738,Purple Cute and Nice Daughter Hair
Hair,M44380,7,35739,Brown Cute and Nice Daughter Hair
Hair,M44400,0,35748,Black Healing Loli Hair
Hair,M44400,1,35749,Red Healing Loli Hair
Hair,M44400,2,35758,Orange Healing Loli Hair
Hair,M44400,3,35759,Blonde Healing Loli Hair
Hair,M44400,5,35768,Blue Healing Loli Hair
Hair,M44400,6,35769,Purple Healing Loli Hair
Hair,M44400,7,35778,Brown Healing Loli Hair
Hair,M44410,0,35779,Black Rabble Rouser Hair
Hair,M44410,1,35788,Red Rabble Rouser Hair
Hair,M44410,2,35789,Orange Rabble Rouser Hair
Hair,M44410,3,35798,Blonde Rabble Rouser Hair
Hair,M44410,5,35799,Blue Rabble Rouser Hair
Hair,M44410,6,35808,Purple Rabble Rouser Hair
Hair,M44410,7,35809,Brown Rabble Rouser Hair
Hair,M44420,0,35818,Black Bed Head Hair
Hair,M44420,1,35819,Red Bed Head Hair
Hair,M44420,2,35828,Orange Bed Head Hair
Hair,M44420,3,35829,Yellow Bed Head Hair
Hair,M44420,5,35838,Blue Bed Head Hair
Hair,M44420,6,35839,Purple Bed Head Hair
Hair,M44420,7,35840,Brown Bed Head Hair
Hair,M44430,0,35841,Black Flowing Locks Hair
Hair,M44430,1,35842,Red Flowing Locks Hair
Hair,M44430,2,35843,Orange Flowing Locks Hair
Hair,M44430,3,35844,Yellow Flowing Locks Hair
Hair,M44430,5,35845,Blue Flowing Locks Hair
Hair,M44430,6,35846,Purple Flowing Locks Hair
Hair,M44430,7,35847,Brown Flowing Locks Hair
Hair,M44440,0,35848,Black Kimono Up-do (F)
Hair,M44440,1,35849,Red Kimono Up-do (F)
Hair,M44440,2,35850,Orange Kimono Up-do (F)
Hair,M44440,3,35851,Yellow Kimono Up-do (F)
Hair,M44440,5,35852,Blue Kimono Up-do (F)
Hair,M44440,6,35853,Purple Kimono Up-do (F)
Hair,M44440,7,35854,Brown Kimono Up-do (F)
Hair,M44450,0,35855,Black Kemonomimi Hair (F)
Hair,M44450,1,35856,Red Kemonomimi Hair (F)
Hair,M44450,2,35857,Orange Kemonomimi Hair (F)
Hair,M44450,3,35858,Yellow Kemonomimi Hair (F)
Hair,M44450,5,35859,Blue Kemonomimi Hair (F)
Hair,M44450,6,35860,Purple Kemonomimi Hair (F)
Hair,M44450,7,35861,Brown Kemonomimi Hair (F)
Hair,M44460,0,35862,Black Poodle Hair
Hair,M44460,1,35863,Red Poodle Hair
Hair,M44460,2,35864,Orange Poodle Hair
Hair,M44460,3,35865,Yellow Poodle Hair
Hair,M44460,5,35866,Blue Poodle Hair
Hair,M44460,6,35867,Purple Poodle Hair
Hair,M44460,7,35868,Brown Poodle Hair
Hair,M44470,0,35869,Black Snowlit Hair
Hair,M44470,1,35870,Red Snowlit Hair
Hair,M44470,2,35871,Orange Snowlit Hair
Hair,M44470,3,35872,Yellow Snowlit Hair
Hair,M44470,5,35873,Blue Snowlit Hair
Hair,M44470,6,35874,Purple Snowlit Hair
Hair,M44470,7,35875,Brown Snowlit Hair
Hair,M44480,0,35876,Black Foggy Snowlit Hair
Hair,M44480,1,35877,Red Foggy Snowlit Hair
Hair,M44480,2,35878,Orange Foggy Snowlit Hair
Hair,M44480,3,35879,Yellow Foggy Snowlit Hair
Hair,M44480,5,35880,Blue Foggy Snowlit Hair
Hair,M44480,6,35881,Purple Foggy Snowlit Hair
Hair,M44480,7,35882,Brown Foggy Snowlit Hair
Hair,M44490,0,35883,Black Mini Horn Hair
Hair,M44490,1,35884,Red Mini Horn Hair
Hair,M44490,2,35885,Orange Mini Horn Hair
Hair,M44490,3,35886,Yellow Mini Horn Hair
Hair,M44490,5,35887,Blue Mini Horn Hair
Hair,M44490,6,35888,Purple Mini Horn Hair
Hair,M44490,7,35889,Brown Mini Horn Hair
Hair,M44500,0,35890,Long Black Hair with Bangs
Hair,M44500,1,35891,Long Red Hair with Bangs
Hair,M44500,2,35892,Long Orange Hair with Bangs
Hair,M44500,3,35893,Long Blonde Hair with Bangs
Hair,M44500,5,35894,Long Blue Hair with Bangs
Hair,M44500,6,35895,Long Purple Hair with Bangs
Hair,M44500,7,35896,Long Brown Hair with Bangs
Hair,M44510,0,35897,Black Butterfly Dance Hair
Hair,M44510,1,35898,Red Butterfly Dance Hair
Hair,M44510,2,35899,Orange Butterfly Dance Hair
Hair,M44510,3,35900,Blonde Butterfly Dance Hair
Hair,M44510,5,35901,Blue Butterfly Dance Hair
Hair,M44510,6,35902,Purple Butterfly Dance Hair
Hair,M44510,7,35903,Brown Butterfly Dance Hair
Hair,M44520,0,35904,Black Braid Point Hair
Hair,M44520,1,35905,Red Braid Point Hair
Hair,M44520,2,35906,Orange Braid Point Hair
Hair,M44520,3,35907,Blonde Braid Point Hair
Hair,M44520,5,35908,Blue Braid Point Hair
Hair,M44520,6,35909,Purple Braid Point Hair
Hair,M44520,7,35910,Brown Braid Point Hair
Hair,M44530,0,35911,Black Pompom Hair
Hair,M44530,1,35912,Red Pompom Hair
Hair,M44530,2,35913,Orange Pompom Hair
Hair,M44530,3,35914,Blonde Pompom Hair
Hair,M44530,5,35915,Blue Pompom Hair
Hair,M44530,6,35916,Purple Pompom Hair
Hair,M44530,7,35917,Brown Pompom Hair
Hair,M44590,0,35918,Black Puff Pony Hair
Hair,M44590,1,35919,Red Puff Pony Hair
Hair,M44590,2,35920,Orange Puff Pony Hair
Hair,M44590,3,35921,Yellow Puff Pony Hair
Hair,M44590,5,35922,Blue Puff Pony Hair
Hair,M44590,6,35923,Purple Puff Pony Hair
Hair,M44590,7,35924,Brown Puff Pony Hair
Hair,M44600,0,35925,Black Cadena Copycat Hair
Hair,M44600,1,35926,Red Cadena Copycat Hair
Hair,M44600,2,35927,Orange Cadena Copycat Hair
Hair,M44600,3,35928,Yellow Cadena Copycat Hair
Hair,M44600,5,35929,Blue Cadena Copycat Hair
Hair,M44600,6,35930,Purple Cadena Copycat Hair
Hair,M44600,7,35931,Brown Cadena Copycat Hair
Hair,M44610,0,35932,Black Eve Hair
Hair,M44610,1,35933,Red Eve Hair
Hair,M44610,2,35934,Orange Eve Hair
Hair,M44610,3,35935,Yellow Eve Hair
Hair,M44610,5,35936,Blue Eve Hair
Hair,M44610,6,35937,Purple Eve Hair
Hair,M44610,7,35938,Brown Eve Hair
Hair,M44620,0,35939,Asuka Hair
Hair,M44620,1,35940,Asuka Hair
Hair,M44620,2,35941,Asuka Hair
Hair,M44620,3,35942,Asuka Hair
Hair,M44620,5,35943,Asuka Hair
Hair,M44620,6,35944,Asuka Hair
Hair,M44620,7,35945,Asuka Hair
Hair,M44630,0,35946,Mari Hair
Hair,M44630,1,35947,Mari Hair
Hair,M44630,2,35948,Mari Hair
Hair,M44630,3,35949,Mari Hair
Hair,M44630,5,35958,Mari Hair
Hair,M44630,6,35959,Mari Hair
Hair,M44630,7,35968,Mari Hair
Hair,M44640,0,35969,Rei Hair
Hair,M44640,1,35978,Rei Hair
Hair,M44640,2,35979,Rei Hair
Hair,M44640,3,35980,Rei Hair
Hair,M44640,5,35981,Rei Hair
Hair,M44640,6,35982,Rei Hair
Hair,M44640,7,35983,Rei Hair
Hair,M44650,0,35984,Black Strawberry Jam Hair
Hair,M44650,1,35985,Red Strawberry Jam Hair
Hair,M44650,2,35986,Orange Strawberry Jam Hair
Hair,M44650,3,35987,Blonde Strawberry Jam Hair
Hair,M44650,5,35988,Blue Strawberry Jam Hair
Hair,M44650,6,35989,Purple Strawberry Jam Hair
Hair,M44650,7,35990,Brown Strawberry Jam Hair
Hair,M44810,0,35991,Black Prism Tresses Hair
Hair,M44810,1,35992,Red Prism Tresses Hair
Hair,M44810,2,35993,Orange Prism Tresses Hair
Hair,M44810,3,35994,Blonde Prism Tresses Hair
Hair,M44810,5,35995,Blue Prism Tresses Hair
Hair,M44810,6,35996,Purple Prism Tresses Hair
Hair,M44810,7,35997,Brown Prism Tresses Hair
Hair,M44820,0,35998,Passion Fringe Pigtails
Hair,M44820,1,35999,Passion Fringe Pigtails
Hair,M44820,2,36008,Passion Fringe Pigtails
Hair,M44820,3,36009,Passion Fringe Pigtails
Hair,M44820,5,36018,Passion Fringe Pigtails
Hair,M44820,6,36019,Passion Fringe Pigtails
Hair,M44820,7,36028,Passion Fringe Pigtails
Hair,M44830,0,36029,Forest Wind Hair
Hair,M44830,1,36038,Forest Wind Hair
Hair,M44830,2,36039,Forest Wind Hair
Hair,M44830,3,36048,Forest Wind Hair
Hair,M44830,5,36049,Forest Wind Hair
Hair,M44830,6,36058,Forest Wind Hair
Hair,M44830,7,36059,Forest Wind Hair
Hair,M44840,0,36068,Maplovely Hair
Hair,M44840,1,36069,Maplovely Hair
Hair,M44840,2,36078,Maplovely Hair
Hair,M44840,3,36079,Maplovely Hair
Hair,M44840,5,36088,Maplovely Hair
Hair,M44840,6,36089,Maplovely Hair
Hair,M44840,7,36098,Maplovely Hair
Hair,M44900,0,36099,Wavy Many Hair
Hair,M44900,1,36108,Wavy Many Hair
Hair,M44900,2,36109,Wavy Many Hair
Hair,M44900,3,36118,Wavy Many Hair
Hair,M44900,5,36119,Wavy Many Hair
Hair,M44900,6,36128,Wavy Many Hair
Hair,M44900,7,36129,Wavy Many Hair
Hair,M44910,0,36138,Black Wild Princess's Mane (F)
Hair,M44910,1,36139,Red Wild Princess's Mane (F)
Hair,M44910,2,36148,Orange Wild Princess's Mane (F)
Hair,M44910,3,36149,Blonde Wild Princess's Mane (F)
Hair,M44910,5,36158,Blue Wild Princess's Mane (F)
Hair,M44910,6,36159,Purple Wild Princess's Mane (F)
Hair,M44910,7,36168,Brown Wild Princess's Mane (F)
Hair,M44920,0,36169,Black Moon Bunny Hairdo (F)
Hair,M44920,1,36178,Red Moon Bunny Hairdo (F)
Hair,M44920,2,36179,Orange Moon Bunny Hairdo (F)
Hair,M44920,3,36188,Blonde Moon Bunny Hairdo (F)
Hair,M44920,5,36189,Blue Moon Bunny Hairdo (F)
Hair,M44920,6,36198,Purple Moon Bunny Hairdo (F)
Hair,M44920,7,36199,Brown Moon Bunny Hairdo (F)
Hair,M44930,0,36208,Black Von Bon Hair (F)
Hair,M44930,1,36209,Red Von Bon Hair (F)
Hair,M44930,2,36218,Orange Von Bon Hair (F)
Hair,M44930,3,36219,Blonde Von Bon Hair (F)
Hair,M44930,5,36228,Blue Von Bon Hair (F)
Hair,M44930,6,36229,Purple Von Bon Hair (F)
Hair,M44930,7,36238,Brown Von Bon Hair (F)
Hair,M44980,0,36239,Lunar New Year Cadena Hair
Hair,M44980,1,36248,Lunar New Year Cadena Hair
Hair,M44980,2,36249,Lunar New Year Cadena Hair
Hair,M44980,3,36258,Lunar New Year Cadena Hair
Hair,M44980,5,36259,Lunar New Year Cadena Hair
Hair,M44980,6,36268,Lunar New Year Cadena Hair
Hair,M44980,7,36269,Lunar New Year Cadena Hair
Hair,M45000,0,36278,Black Ciel Hair
Hair,M45000,1,36279,Red Ciel Hair
Hair,M45000,2,36288,Orange Ciel Hair
Hair,M45000,3,36289,Yellow Ciel Hair
Hair,M45000,5,36298,Blue Ciel Hair
Hair,M45000,6,36299,Purple Ciel Hair
Hair,M45000,7,36308,Brown Ciel Hari
Hair,M45100,0,36309,Executor Hair
Hair,M45100,1,36318,Executor Hair
Hair,M45100,2,36319,Executor Hair
Hair,M45100,3,36322,Executor Hair
Hair,M45100,5,36323,Executor Hair
Hair,M45100,6,36324,Executor Hair
Hair,M45100,7,36325,Executor Hair
Hair,M45110,0,36326,Noah Hair
Hair,M45110,1,36327,Noah Hair
Hair,M45110,2,36328,Noah Hair
Hair,M45110,3,36329,Noah Hair
Hair,M45110,5,36338,Noah Hair
Hair,M45110,6,36339,Noah Hair
Hair,M45110,7,36348,Noah Hair
Hair,M45120,0,36349,Cain Hair
Hair,M45120,1,36358,Cain Hair
Hair,M45120,2,36359,Cain Hair
Hair,M45120,3,36368,Cain Hair
Hair,M45120,5,36369,Cain Hair
Hair,M45120,6,36378,Cain Hair
Hair,M45120,7,36379,Cain Hair
Hair,M45160,0,36388,Marbel Hair
Hair,M45160,1,36389,Marbel Hair
Hair,M45160,2,36398,Marbel Hair
Hair,M45160,3,36399,Marbel Hair
Hair,M45160,5,36408,Marbel Hair
Hair,M45160,6,36409,Marbel Hair
Hair,M45160,7,36418,Marbel Hair
Hair,M45230,0,36419,Foggy Flawless Hair
Hair,M45230,1,36428,Foggy Flawless Hair
Hair,M45230,2,36429,Foggy Flawless Hair
Hair,M45230,3,36438,Foggy Flawless Hair
Hair,M45230,5,36439,Foggy Flawless Hair
Hair,M45230,6,36448,Foggy Flawless Hair
Hair,M45230,7,36449,Foggy Flawless Hair
Hair,M45430,0,36458,Noble's Holiday Hair
Hair,M45430,1,36459,Noble's Holiday Hair
Hair,M45430,2,36468,Noble's Holiday Hair
Hair,M45430,3,36469,Noble's Holiday Hair
Hair,M45430,5,36478,Noble's Holiday Hair
Hair,M45430,6,36479,Noble's Holiday Hair
Hair,M45430,7,36488,Noble's Holiday Hair
Hair,M45510,0,36489,Champaca Hair
Hair,M45510,1,36498,Champaca Hair
Hair,M45510,2,36499,Champaca Hair
Hair,M45510,3,36508,Champaca Hair
Hair,M45510,5,36509,Champaca Hair
Hair,M45510,6,36518,Champaca Hair
Hair,M45510,7,36519,Champaca Hair
Hair,M45520,0,36528,Troubadour Hair
Hair,M45520,1,36529,Troubadour Hair
Hair,M45520,2,36538,Troubadour Hair
Hair,M45520,3,36539,Troubadour Hair
Hair,M45520,5,36548,Troubadour Hair
Hair,M45520,6,36549,Troubadour Hair
Hair,M45520,7,36558,Troubadour Hair
Hair,M45590,0,36559,Count Rainbow Bang Hair
Hair,M45590,1,36568,Count Rainbow Bang Hair
Hair,M45590,2,36569,Count Rainbow Bang Hair
Hair,M45590,3,36578,Count Rainbow Bang Hair
Hair,M45590,5,36579,Count Rainbow Bang Hair
Hair,M45590,6,36588,Count Rainbow Bang Hair
Hair,M45590,7,36589,Count Rainbow Bang Hair
Hair,M45620,0,36598,Mohawk Style Hair
Hair,M45620,1,36599,Mohawk Style Hair
Hair,M45620,2,36608,Mohawk Style Hair
Hair,M45620,3,36609,Mohawk Style Hair
Hair,M45620,5,36618,Mohawk Style Hair
Hair,M45620,6,36619,Mohawk Style Hair
Hair,M45620,7,36628,Mohawk Style Hair
Hair,M45680,0,36629,Cute Sideswept Hair
Hair,M45680,1,36638,Cute Sideswept Hair
Hair,M45680,2,36639,Cute Sideswept Hair
Hair,M45680,3,36648,Cute Sideswept Hair
Hair,M45680,5,36649,Cute Sideswept Hair
Hair,M45680,6,36658,Cute Sideswept Hair
Hair,M45680,7,36659,Cute Sideswept Hair
Hair,M45720,0,36668,Parrot Hair
Hair,M45720,1,36669,Parrot Hair
Hair,M45720,2,36678,Parrot Hair
Hair,M45720,3,36679,Parrot Hair
Hair,M45720,5,36688,Parrot Hair
Hair,M45720,6,36689,Parrot Hair
Hair,M45720,7,36698,Parrot Hair
Hair,M45760,0,36699,Figure Warrior Hair
Hair,M45760,1,36708,Figure Warrior Hair
Hair,M45760,2,36709,Figure Warrior Hair
Hair,M45760,3,36718,Figure Warrior Hair
Hair,M45760,5,36719,Figure Warrior Hair
Hair,M45760,6,36728,Figure Warrior Hair
Hair,M45760,7,36729,Figure Warrior Hair
Hair,M45770,0,36738,Web Drama Main Male Character Hair
Hair,M45770,1,36739,Web Drama Main Male Character Hair
Hair,M45770,2,36748,Web Drama Main Male Character Hair
Hair,M45770,3,36749,Web Drama Main Male Character Hair
Hair,M45770,5,36758,Web Drama Main Male Character Hair
Hair,M45770,6,36759,Web Drama Main Male Character Hair
Hair,M45770,7,36768,Web Drama Main Male Character Hair
Hair,M45780,0,36769,Milky White Paper Hair
Hair,M45780,1,36778,Milky White Paper Hair
Hair,M45780,2,36779,Milky White Paper Hair
Hair,M45780,3,36788,Milky White Paper Hair
Hair,M45780,5,36789,Milky White Paper Hair
Hair,M45780,6,36798,Milky White Paper Hair
Hair,M45780,7,36799,Milky White Paper Hair
Hair,M45810,0,36808,Cherry Blossom Hair
Hair,M45810,1,36809,Cherry Blossom Hair
Hair,M45810,2,36818,Cherry Blossom Hair
Hair,M45810,3,36819,Cherry Blossom Hair
Hair,M45810,5,36828,Cherry Blossom Hair
Hair,M45810,6,36829,Cherry Blossom Hair
Hair,M45810,7,36838,Cherry Blossom Hair
Hair,M45850,0,36839,Immature Boy Hair
Hair,M45850,1,36848,Immature Boy Hair
Hair,M45850,2,36849,Immature Boy Hair
Hair,M45850,3,36858,Immature Boy Hair
Hair,M45850,5,36859,Immature Boy Hair
Hair,M45850,6,36868,Immature Boy Hair
Hair,M45850,7,36869,Immature Boy Hair
Hair,M45890,0,36878,Pretty Charming Mix Boy Hair
Hair,M45890,1,36879,Pretty Charming Mix Boy Hair
Hair,M45890,2,36888,Pretty Charming Mix Boy Hair
Hair,M45890,3,36889,Pretty Charming Mix Boy Hair
Hair,M45890,5,36898,Pretty Charming Mix Boy Hair
Hair,M45890,6,36899,Pretty Charming Mix Boy Hair
Hair,M45890,7,36908,Pretty Charming Mix Boy Hair
Hair,M45920,0,36909,Uniform Male God Hair
Hair,M45920,1,36918,Uniform Male God Hair
Hair,M45920,2,36919,Uniform Male God Hair
Hair,M45920,3,36928,Uniform Male God Hair
Hair,M45920,5,36929,Uniform Male God Hair
Hair,M45920,6,36938,Uniform Male God Hair
Hair,M45920,7,36939,Uniform Male God Hair
Hair,M45980,0,36948,Relax Hair
Hair,M45980,1,36949,Relax Hair
Hair,M45980,2,36958,Relax Hair
Hair,M45980,3,36959,Relax Hair
Hair,M45980,5,36960,Relax Hair
Hair,M45980,6,36961,Relax Hair
Hair,M45980,7,36962,Relax Hair
Hair,M46010,0,36963,Tousled Pompadour
Hair,M46010,1,36964,Tousled Pompadour
Hair,M46010,2,36965,Tousled Pompadour
Hair,M46010,3,36966,Tousled Pompadour
Hair,M46010,5,36967,Tousled Pompadour
Hair,M46010,6,36968,Tousled Pompadour
Hair,M46010,7,36969,Tousled Pompadour
Hair,M46070,0,36970,Feathered Bed Head
Hair,M46070,1,36971,Feathered Bed Head
Hair,M46070,2,36972,Feathered Bed Head
Hair,M46070,3,36973,Feathered Bed Head
Hair,M46070,5,36974,Feathered Bed Head
Hair,M46070,6,36975,Feathered Bed Head
Hair,M46070,7,36976,Feathered Bed Head
Hair,M46160,0,36977,Black Lovely Curls Hair
Hair,M46160,1,36978,Red Lovely Curls Hair
Hair,M46160,2,36979,Orange Lovely Curls Hair
Hair,M46160,3,36988,Yellow Lovely Curls Hair
Hair,M46160,5,36989,Blue Lovely Curls Hair
Hair,M46160,6,36998,Purple Lovely Curls Hair
Hair,M46160,7,36999,Brown Lovely Curls Hair
Hair,M46320,0,37008,Textured Wavy Bob
Hair,M46320,1,37009,Textured Wavy Bob
Hair,M46320,2,37018,Textured Wavy Bob
Hair,M46320,3,37019,Textured Wavy Bob
Hair,M46320,5,37028,Textured Wavy Bob
Hair,M46320,6,37029,Textured Wavy Bob
Hair,M46320,7,37038,Textured Wavy Bob
Hair,M46350,0,37039,Combed Parted Hair
Hair,M46350,1,37048,Combed Parted Hair
Hair,M46350,2,37049,Combed Parted Hair
Hair,M46350,3,37058,Combed Parted Hair
Hair,M46350,5,37059,Combed Parted Hair
Hair,M46350,6,37068,Combed Parted Hair
Hair,M46350,7,37069,Combed Parted Hair
Hair,M46370,0,37078,Ombre Shag
Hair,M46370,1,37079,Ombre Shag
Hair,M46370,2,37088,Ombre Shag
Hair,M46370,3,37089,Ombre Shag
Hair,M46370,5,37098,Ombre Shag
Hair,M46370,6,37099,Ombre Shag
Hair,M46370,7,37108,Ombre Shag
Hair,M46410,0,37109,Lively Boy Hair
Hair,M46410,1,37118,Lively Boy Hair
Hair,M46410,2,37119,Lively Boy Hair
Hair,M46410,3,37128,Lively Boy Hair
Hair,M46410,5,37129,Lively Boy Hair
Hair,M46410,6,37138,Lively Boy Hair
Hair,M46410,7,37139,Lively Boy Hair
Hair,M46440,0,37148,Teddy Hair
Hair,M46440,1,37149,Teddy Hair
Hair,M46440,2,37158,Teddy Hair
Hair,M46440,3,37159,Teddy Hair
Hair,M46440,5,37168,Teddy Hair
Hair,M46440,6,37169,Teddy Hair
Hair,M46440,7,37178,Teddy Hair
Hair,M46450,0,37179,Red Carpet Hair
Hair,M46450,1,37188,Red Carpet Hair
Hair,M46450,2,37189,Red Carpet Hair
Hair,M46450,3,37198,Red Carpet Hair
Hair,M46450,5,37199,Red Carpet Hair
Hair,M46450,6,37208,Red Carpet Hair
Hair,M46450,7,37209,Red Carpet Hair
Hair,M46460,0,37218,Black Beast Hair
Hair,M46460,1,37219,Red Beast Hair
Hair,M46460,2,37228,Orange Beast Hair
Hair,M46460,3,37229,Yellow Beast Hair
Hair,M46460,5,37238,Blue Beast Hair
Hair,M46460,6,37239,Purple Beast Hair
Hair,M46460,7,37248,Brown Beast Hair
Hair,M46490,0,37249,Tousled Surfer Hair
Hair,M46490,1,37258,Tousled Surfer Hair
Hair,M46490,2,37259,Tousled Surfer Hair
Hair,M46490,3,37268,Tousled Surfer Hair
Hair,M46490,5,37269,Tousled Surfer Hair
Hair,M46490,6,37278,Tousled Surfer Hair
Hair,M46490,7,37279,Tousled Surfer Hair
Hair,M46510,0,37288,Goggles and Spikes Hair
Hair,M46510,1,37289,Goggles and Spikes Hair
Hair,M46510,2,37298,Goggles and Spikes Hair
Hair,M46510,3,37299,Goggles and Spikes Hair
Hair,M46510,5,37308,Goggles and Spikes Hair
Hair,M46510,6,37309,Goggles and Spikes Hair
Hair,M46510,7,37318,Goggles and Spikes Hair
Hair,M46560,0,37319,Black Newtro Hair
Hair,M46560,1,37328,Red Newtro Hair
Hair,M46560,2,37329,Orange Newtro Hair
Hair,M46560,3,37338,Yellow Newtro Hair
Hair,M46560,5,37339,Blue Newtro Hair
Hair,M46560,6,37348,Purple Newtro Hair
Hair,M46560,7,37349,Brown Newtro Hair
Hair,M46600,0,37358,Foggy Gentle Breeze Hair
Hair,M46600,1,37359,Foggy Gentle Breeze Hair
Hair,M46600,2,37360,Foggy Gentle Breeze Hair
Hair,M46600,3,37361,Foggy Gentle Breeze Hair
Hair,M46600,5,37362,Foggy Gentle Breeze Hair
Hair,M46600,6,37363,Foggy Gentle Breeze Hair
Hair,M46600,7,37364,Foggy Gentle Breeze Hair
Hair,M46630,0,37365,Sparkling Hair
Hair,M46630,1,37366,Sparkling Hair
Hair,M46630,2,37367,Sparkling Hair
Hair,M46630,3,37368,Sparkling Hair
Hair,M46630,5,37369,Sparkling Hair
Hair,M46630,6,37378,Sparkling Hair
Hair,M46630,7,37379,Sparkling Hair
Hair,M46660,0,37388,Bling Toben Hair
Hair,M46660,1,37389,Bling Toben Hair
Hair,M46660,2,37390,Bling Toben Hair
Hair,M46660,3,37391,Bling Toben Hair
Hair,M46660,5,37392,Bling Toben Hair
Hair,M46660,6,37393,Bling Toben Hair
Hair,M46660,7,37394,Bling Toben Hair
Hair,M46680,0,37395,Powerful Hair
Hair,M46680,1,37396,Powerful Hair
Hair,M46680,2,37397,Powerful Hair
Hair,M46680,3,37398,Powerful Hair
Hair,M46680,5,37399,Powerful Hair
Hair,M46680,6,37408,Powerful Hair
Hair,M46680,7,37409,Powerful Hair
Hair,M46760,0,37418,Bling Evan Hair
Hair,M46760,1,37419,Bling Evan Hair
Hair,M46760,2,37428,Bling Evan Hair
Hair,M46760,3,37429,Bling Evan Hair
Hair,M46760,5,37438,Bling Evan Hair
Hair,M46760,6,37439,Bling Evan Hair
Hair,M46760,7,37448,Bling Evan Hair
Hair,M46800,0,37449,Mint Hair
Hair,M46800,1,37458,Mint Hair
Hair,M46800,2,37459,Mint Hair
Hair,M46800,3,37468,Mint Hair
Hair,M46800,5,37469,Mint Hair
Hair,M46800,6,37478,Mint Hair
Hair,M46800,7,37479,Mint Hair
Hair,M46830,0,37488,Narang Hair
Hair,M46830,1,37489,Narang Hair
Hair,M46830,2,37498,Narang Hair
Hair,M46830,3,37499,Narang Hair
Hair,M46830,5,37508,Narang Hair
Hair,M46830,6,37509,Narang Hair
Hair,M46830,7,37518,Narang Hair
Hair,M46910,0,37519,Typhoon Hair
Hair,M46910,1,37528,Typhoon Hair
Hair,M46910,2,37529,Typhoon Hair
Hair,M46910,3,37538,Typhoon Hair
Hair,M46910,5,37539,Typhoon Hair
Hair,M46910,6,37548,Typhoon Hair
Hair,M46910,7,37549,Typhoon Hair
Hair,M46930,0,37558,Cartoon Boy Hair
Hair,M46930,1,37559,Cartoon Boy Hair
Hair,M46930,2,37568,Cartoon Boy Hair
Hair,M46930,3,37569,Cartoon Boy Hair
Hair,M46930,5,37578,Cartoon Boy Hair
Hair,M46930,6,37579,Cartoon Boy Hair
Hair,M46930,7,37588,Cartoon Boy Hair
Hair,M46940,0,37589,Bling Butter Hair
Hair,M46940,1,37598,Bling Butter Hair
Hair,M46940,2,37599,Bling Butter Hair
Hair,M46940,3,37608,Bling Butter Hair
Hair,M46940,5,37609,Bling Butter Hair
Hair,M46940,6,37618,Bling Butter Hair
Hair,M46940,7,37619,Bling Butter Hair
Hair,M46970,0,37628,Puzzle King Hair
Hair,M46970,1,37629,Puzzle King Hair
Hair,M46970,2,37638,Puzzle King Hair
Hair,M46970,3,37639,Puzzle King Hair
Hair,M46970,5,37648,Puzzle King Hair
Hair,M46970,6,37649,Puzzle King Hair
Hair,M46970,7,37658,Puzzle King Hair
Hair,M47010,0,37659,Wavy Wavelengths Hair
Hair,M47010,1,37668,Wavy Wavelengths Hair
Hair,M47010,2,37669,Wavy Wavelengths Hair
Hair,M47010,3,37678,Wavy Wavelengths Hair
Hair,M47010,5,37679,Wavy Wavelengths Hair
Hair,M47010,6,37688,Wavy Wavelengths Hair
Hair,M47010,7,37689,Wavy Wavelengths Hair
Hair,M47030,0,37698,Accent Braids Hair
Hair,M47030,1,37699,Accent Braids Hair
Hair,M47030,2,37708,Accent Braids Hair
Hair,M47030,3,37709,Accent Braids Hair
Hair,M47030,5,37718,Accent Braids Hair
Hair,M47030,6,37719,Accent Braids Hair
Hair,M47030,7,37728,Accent Braids Hair
Hair,M47090,0,37729,Bling Mysterie Hair
Hair,M47090,1,37738,Bling Mysterie Hair
Hair,M47090,2,37739,Bling Mysterie Hair
Hair,M47090,3,37748,Bling Mysterie Hair
Hair,M47090,5,37749,Bling Mysterie Hair
Hair,M47090,6,37758,Bling Mysterie Hair
Hair,M47090,7,37759,Bling Mysterie Hair
Hair,M47100,0,37768,Side-tied Hair
Hair,M47100,1,37769,Side-tied Hair
Hair,M47100,2,37778,Side-tied Hair
Hair,M47100,3,37779,Side-tied Hair
Hair,M47100,5,37788,Side-tied Hair
Hair,M47100,6,37789,Side-tied Hair
Hair,M47100,7,37798,Side-tied Hair
Hair,M47170,0,37799,Galaxy Hair
Hair,M47170,1,37808,Galaxy Hair
Hair,M47170,2,37809,Galaxy Hair
Hair,M47170,3,37818,Galaxy Hair
Hair,M47170,5,37819,Galaxy Hair
Hair,M47170,6,37828,Galaxy Hair
Hair,M47170,7,37829,Galaxy Hair
Hair,M47270,0,37838,Elodie Hair
Hair,M47270,1,37839,Elodie Hair
Hair,M47270,2,37848,Elodie Hair
Hair,M47270,3,37849,Elodie Hair
Hair,M47270,5,37858,Elodie Hair
Hair,M47270,6,37859,Elodie Hair
Hair,M47270,7,37868,Elodie Hair
Hair,M47280,0,37869,Black Foggy Elodie Hair
Hair,M47280,1,37878,Red Foggy Elodie Hair
Hair,M47280,2,37879,Orange Foggy Elodie Hair
Hair,M47280,3,37888,Yellow Foggy Elodie Hair
Hair,M47280,5,37889,Blue Foggy Elodie Hair
Hair,M47280,6,37898,Purple Foggy Elodie Hair
Hair,M47280,7,37899,Brown Foggy Elodie Hair
Hair,M47290,0,37908,Black Sweet C-curl Hair
Hair,M47290,1,37909,Red Sweet C-curl Hair
Hair,M47290,2,37918,Orange Sweet C-curl Hair
Hair,M47290,3,37919,Yellow Sweet C-curl Hair
Hair,M47290,5,37928,Blue Sweet C-curl Hair
Hair,M47290,6,37929,Purple Sweet C-curl Hair
Hair,M47290,7,37938,Brown Sweet C-curl Hair
Hair,M47400,0,37939,Chic Fluffy Bob Hair
Hair,M47400,1,37948,Chic Fluffy Bob Hair
Hair,M47400,2,37949,Chic Fluffy Bob Hair
Hair,M47400,3,37958,Chic Fluffy Bob Hair
Hair,M47400,5,37959,Chic Fluffy Bob Hair
Hair,M47400,6,37968,Chic Fluffy Bob Hair
Hair,M47400,7,37969,Chic Fluffy Bob Hair
Hair,M47450,0,37978,Charlotte Hair
Hair,M47450,1,37979,Charlotte Hair
Hair,M47450,2,37988,Charlotte Hair
Hair,M47450,3,37989,Charlotte Hair
Hair,M47450,5,37998,Charlotte Hair
Hair,M47450,6,37999,Charlotte Hair
Hair,M47450,7,38008,Charlotte Hair
Hair,M47520,0,38009,Wind-Tousled Ponytail
Hair,M47520,1,38018,Wind-Tousled Ponytail
Hair,M47520,2,38019,Wind-Tousled Ponytail
Hair,M47520,3,38028,Wind-Tousled Ponytail
Hair,M47520,5,38029,Wind-Tousled Ponytail
Hair,M47520,6,38038,Wind-Tousled Ponytail
Hair,M47520,7,38039,Wind-Tousled Ponytail
Hair,M47530,0,38048,Graceful Hair
Hair,M47530,1,38049,Graceful Hair
Hair,M47530,2,38058,Graceful Hair
Hair,M47530,3,38059,Graceful Hair
Hair,M47530,5,38068,Graceful Hair
Hair,M47530,6,38069,Graceful Hair
Hair,M47530,7,38078,Graceful Hair
Hair,M47540,0,38079,Foggy Graceful Hair
Hair,M47540,1,38088,Foggy Graceful Hair
Hair,M47540,2,38089,Foggy Graceful Hair
Hair,M47540,3,38098,Foggy Graceful Hair
Hair,M47540,5,38099,Foggy Graceful Hair
Hair,M47540,6,38108,Foggy Graceful Hair
Hair,M47540,7,38109,Foggy Graceful Hair
Hair,M47560,0,38118,Bling Soprano Hair
Hair,M47560,1,38119,Bling Soprano Hair
Hair,M47560,2,38128,Bling Soprano Hair
Hair,M47560,3,38129,Bling Soprano Hair
Hair,M47560,5,38138,Bling Soprano Hair
Hair,M47560,6,38139,Bling Soprano Hair
Hair,M47560,7,38149,Bling Soprano Hair
Hair,M47580,0,38158,Kid's Wave Hair
Hair,M47580,1,38159,Kid's Wave Hair
Hair,M47580,2,38168,Kid's Wave Hair
Hair,M47580,3,38169,Kid's Wave Hair
Hair,M47580,5,38178,Kid's Wave Hair
Hair,M47580,6,38179,Kid's Wave Hair
Hair,M47580,7,38188,Kid's Wave Hair
Hair,M47600,0,38189,Glass Bead Hair
Hair,M47600,1,38198,Glass Bead Hair
Hair,M47600,2,38199,Glass Bead Hair
Hair,M47600,3,38208,Glass Bead Hair
Hair,M47600,5,38209,Glass Bead Hair
Hair,M47600,6,38218,Glass Bead Hair
Hair,M47600,7,38219,Glass Bead Hair
Hair,M47640,0,38228,Bubbly Hair
Hair,M47640,1,38229,Bubbly Hair
Hair,M47640,2,38238,Bubbly Hair
Hair,M47640,3,38239,Bubbly Hair
Hair,M47640,5,38248,Bubbly Hair
Hair,M47640,6,38249,Bubbly Hair
Hair,M47640,7,38258,Bubbly Hair
Hair,M47650,0,38259,Galaxy Hair
Hair,M47650,1,38268,Galaxy Hair
Hair,M47650,2,38269,Galaxy Hair
Hair,M47650,3,38278,Galaxy Hair
Hair,M47650,5,38279,Galaxy Hair
Hair,M47650,6,38288,Galaxy Hair
Hair,M47650,7,38289,Galaxy Hair
Hair,M47670,0,38298,Sweet Tangerine Hair
Hair,M47670,1,38299,Sweet Tangerine Hair
Hair,M47670,2,38308,Sweet Tangerine Hair
Hair,M47670,3,38309,Sweet Tangerine Hair
Hair,M47670,5,38318,Sweet Tangerine Hair
Hair,M47670,6,38319,Sweet Tangerine Hair
Hair,M47670,7,38328,Sweet Tangerine Hair
Hair,M47690,0,38329,Delphine Hair
Hair,M47690,1,38338,Delphine Hair
Hair,M47690,2,38339,Delphine Hair
Hair,M47690,3,38348,Delphine Hair
Hair,M47690,5,38349,Delphine Hair
Hair,M47690,6,38358,Delphine Hair
Hair,M47690,7,38359,Delphine Hair
Hair,M47740,0,38368,Long Hair with Blunt Bangs
Hair,M47740,1,38369,Long Hair with Blunt Bangs
Hair,M47740,2,38378,Long Hair with Blunt Bangs
Hair,M47740,3,38379,Long Hair with Blunt Bangs
Hair,M47740,5,38388,Long Hair with Blunt Bangs
Hair,M47740,6,38389,Long Hair with Blunt Bangs
Hair,M47740,7,38398,Long Hair with Blunt Bangs
Hair,M47750,0,38399,Late Riser Hair
Hair,M47750,1,38408,Late Riser Hair
Hair,M47750,2,38409,Late Riser Hair
Hair,M47750,3,38418,Late Riser Hair
Hair,M47750,5,38419,Late Riser Hair
Hair,M47750,6,38428,Late Riser Hair
Hair,M47750,7,38429,Late Riser Hair
Hair,M47810,0,38438,Balayage Hair
Hair,M47810,1,38439,Balayage Hair
Hair,M47810,2,38448,Balayage Hair
Hair,M47810,3,38449,Balayage Hair
Hair,M47810,5,38458,Balayage Hair
Hair,M47810,6,38459,Balayage Hair
Hair,M47810,7,38468,Balayage Hair
Hair,M47820,0,38469,Beastly Hair
Hair,M47820,1,38478,Beastly Hair
Hair,M47820,2,38479,Beastly Hair
Hair,M47820,3,38488,Beastly Hair
Hair,M47820,5,38489,Beastly Hair
Hair,M47820,6,38498,Beastly Hair
Hair,M47820,7,38499,Beastly Hair
Hair,M47840,0,38508,Twin Bob Hair
Hair,M47840,1,38509,Twin Bob Hair
Hair,M47840,2,38518,Twin Bob Hair
Hair,M47840,3,38519,Twin Bob Hair
Hair,M47840,5,38528,Twin Bob Hair
Hair,M47840,6,38529,Twin Bob Hair
Hair,M47840,7,38538,Twin Bob Hair
Hair,M48020,0,38539,Black Quiet Hair
Hair,M48020,1,38548,Red Quiet Hair
Hair,M48020,2,38549,Orange Quiet Hair
Hair,M48020,3,38550,Yellow Quiet Hair
Hair,M48020,5,38551,Blue Quiet Hair
Hair,M48020,6,38552,Purple Quiet Hair
Hair,M48020,7,38553,Brown Quiet Hair
Hair,M48070,0,38554,Bed Head Lob
Hair,M48070,1,38555,Bed Head Lob
Hair,M48070,2,38556,Bed Head Lob
Hair,M48070,3,38557,Bed Head Lob
Hair,M48070,5,38558,Bed Head Lob
Hair,M48070,6,38559,Bed Head Lob
Hair,M48070,7,38568,Bed Head Lob
Hair,M48160,0,38569,Short-Styled Retro Hair
Hair,M48160,1,38578,Short-Styled Retro Hair
Hair,M48160,2,38579,Short-Styled Retro Hair
Hair,M48160,3,38588,Short-Styled Retro Hair
Hair,M48160,5,38589,Short-Styled Retro Hair
Hair,M48160,6,38598,Short-Styled Retro Hair
Hair,M48160,7,38599,Short-Styled Retro Hair
Hair,M48200,0,38608,Pathfinder Hair
Hair,M48200,1,38609,Pathfinder Hair
Hair,M48200,2,38618,Pathfinder Hair
Hair,M48200,3,38619,Pathfinder Hair
Hair,M48200,5,38628,Pathfinder Hair
Hair,M48200,6,38629,Pathfinder Hair
Hair,M48200,7,38638,Pathfinder Hair
Hair,M48330,0,38639,Poofy Locks with Cropped Bangs
Hair,M48330,1,38648,Poofy Locks with Cropped Bangs
Hair,M48330,2,38649,Poofy Locks with Cropped Bangs
Hair,M48330,3,38658,Poofy Locks with Cropped Bangs
Hair,M48330,5,38659,Poofy Locks with Cropped Bangs
Hair,M48330,6,38668,Poofy Locks with Cropped Bangs
Hair,M48330,7,38669,Poofy Locks with Cropped Bangs
Hair,M48370,0,38678,Flowing Hair with Buns
Hair,M48370,1,38679,Flowing Hair with Buns
Hair,M48370,2,38688,Flowing Hair with Buns
Hair,M48370,3,38689,Flowing Hair with Buns
Hair,M48370,5,38698,Flowing Hair with Buns
Hair,M48370,6,38699,Flowing Hair with Buns
Hair,M48370,7,38708,Flowing Hair with Buns
Hair,M48390,0,38709,Huggable Locks
Hair,M48390,1,38718,Huggable Locks
Hair,M48390,2,38719,Huggable Locks
Hair,M48390,3,38728,Huggable Locks
Hair,M48390,5,38729,Huggable Locks
Hair,M48390,6,38738,Huggable Locks
Hair,M48390,7,38739,Huggable Locks
Hair,M48470,0,38748,Fun-Loving Fringe
Hair,M48470,1,38749,Fun-Loving Fringe
Hair,M48470,2,38758,Fun-Loving Fringe
Hair,M48470,3,38759,Fun-Loving Fringe
Hair,M48470,5,38768,Fun-Loving Fringe
Hair,M48470,6,38769,Fun-Loving Fringe
Hair,M48470,7,38778,Fun-Loving Fringe
Hair,M48480,0,38779,Canted Pixie Cut
Hair,M48480,1,38788,Canted Pixie Cut
Hair,M48480,2,38789,Canted Pixie Cut
Hair,M48480,3,38798,Canted Pixie Cut
Hair,M48480,5,38799,Canted Pixie Cut
Hair,M48480,6,38808,Canted Pixie Cut
Hair,M48480,7,38809,Canted Pixie Cut
Hair,M48500,0,38818,Misty Moon Hair
Hair,M48500,1,38819,Misty Moon Hair
Hair,M48500,2,38828,Misty Moon Hair
Hair,M48500,3,38829,Misty Moon Hair
Hair,M48500,5,38838,Misty Moon Hair
Hair,M48500,6,38839,Misty Moon Hair
Hair,M48500,7,38848,Misty Moon Hair
Hair,M48510,0,38849,Ella Hair
Hair,M48510,1,38858,Ella Hair
Hair,M48510,2,38859,Ella Hair
Hair,M48510,3,38868,Ella Hair
Hair,M48510,5,38869,Ella Hair
Hair,M48510,6,38870,Ella Hair
Hair,M48510,7,38871,Ella Hair
Hair,M48520,0,38872,Luna Hair
Hair,M48520,1,38873,Luna Hair
Hair,M48520,2,38874,Luna Hair
Hair,M48520,3,38875,Luna Hair
Hair,M48520,5,38876,Luna Hair
Hair,M48520,6,38877,Luna Hair
Hair,M48520,7,38878,Luna Hair
Hair,M48530,0,38879,Chickpea Hair
Hair,M48530,1,38888,Chickpea Hair
Hair,M48530,2,38889,Chickpea Hair
Hair,M48530,3,38898,Chickpea Hair
Hair,M48530,5,38899,Chickpea Hair
Hair,M48530,6,38908,Chickpea Hair
Hair,M48530,7,38909,Chickpea Hair
Hair,M48540,0,38918,Sweet Berry Hair
Hair,M48540,1,38919,Sweet Berry Hair
Hair,M48540,2,38921,Sweet Berry Hair
Hair,M48540,3,38922,Sweet Berry Hair
Hair,M48540,5,38923,Sweet Berry Hair
Hair,M48540,6,38924,Sweet Berry Hair
Hair,M48540,7,38925,Sweet Berry Hair
Hair,M48560,0,38926,Blossomdew Hair
Hair,M48560,1,38927,Blossomdew Hair
Hair,M48560,2,38928,Blossomdew Hair
Hair,M48560,3,38929,Blossomdew Hair
Hair,M48560,5,38938,Blossomdew Hair
Hair,M48560,6,38939,Blossomdew Hair
Hair,M48560,7,38948,Blossomdew Hair
Hair,M48610,0,38949,Black Lynn Hair
Hair,M48610,1,38950,Red Lynn Hair
Hair,M48610,2,38951,Orange Lynn Hair
Hair,M48610,3,38952,Yellow Lynn Hair
Hair,M48610,5,38953,Blue Lynn Hair
Hair,M48610,6,38954,Purple Lynn Hair
Hair,M48610,7,38955,Brown Lynn Hair
Hair,M48630,0,38956,Double Ponytail Hair
Hair,M48630,1,38957,Double Ponytail Hair
Hair,M48630,2,38958,Double Ponytail Hair
Hair,M48630,3,38959,Double Ponytail Hair
Hair,M48630,5,38960,Double Ponytail Hair
Hair,M48630,6,38961,Double Ponytail Hair
Hair,M48630,7,38962,Double Ponytail Hair
Hair,M48640,0,38963,Magic Ella Hair
Hair,M48640,1,38964,Magic Ella Hair
Hair,M48640,2,38965,Magic Ella Hair
Hair,M48640,3,38966,Magic Ella Hair
Hair,M48640,5,38967,Magic Ella Hair
Hair,M48640,6,38968,Magic Ella Hair
Hair,M48640,7,38969,Magic Ella Hair
Hair,M48650,0,38970,Half Chickpea Hair
Hair,M48650,1,38971,Half Chickpea Hair
Hair,M48650,2,38972,Half Chickpea Hair
Hair,M48650,3,38973,Half Chickpea Hair
Hair,M48650,5,38974,Half Chickpea Hair
Hair,M48650,6,38975,Half Chickpea Hair
Hair,M48650,7,38976,Half Chickpea Hair
Hair,M48700,0,38977,Twirly Pigtails
Hair,M48700,1,38978,Twirly Pigtails
Hair,M48700,2,38979,Twirly Pigtails
Hair,M48700,3,38980,Twirly Pigtails
Hair,M48700,5,38981,Twirly Pigtails
Hair,M48700,6,38982,Twirly Pigtails
Hair,M48700,7,38983,Twirly Pigtails
Hair,M48710,0,38984,Voluminous Short Crescent Hair
Hair,M48710,1,38985,Voluminous Short Crescent Hair
Hair,M48710,2,38986,Voluminous Short Crescent Hair
Hair,M48710,3,38987,Voluminous Short Crescent Hair
Hair,M48710,5,38988,Voluminous Short Crescent Hair
Hair,M48710,6,38989,Voluminous Short Crescent Hair
Hair,M48710,7,38990,Voluminous Short Crescent Hair
Hair,M48730,0,38991,Glimmering Ripple Hair
Hair,M48730,1,38992,Glimmering Ripple Hair
Hair,M48730,2,38993,Glimmering Ripple Hair
Hair,M48730,3,38994,Glimmering Ripple Hair
Hair,M48730,5,38995,Glimmering Ripple Hair
Hair,M48730,6,38996,Glimmering Ripple Hair
Hair,M48730,7,38997,Glimmering Ripple Hair
Hair,M48740,0,38998,Foggy Glimmering Ripple Hair
Hair,M48740,1,38999,Foggy Glimmering Ripple Hair
Hair,M48740,2,39008,Foggy Glimmering Ripple Hair
Hair,M48740,3,39009,Foggy Glimmering Ripple Hair
Hair,M48740,5,39010,Foggy Glimmering Ripple Hair
Hair,M48740,6,39011,Foggy Glimmering Ripple Hair
Hair,M48740,7,39012,Foggy Glimmering Ripple Hair
Hair,M48790,0,39013,Princess Ponytail Hair
Hair,M48790,1,39014,Princess Ponytail Hair
Hair,M48790,2,39015,Princess Ponytail Hair
Hair,M48790,3,39016,Princess Ponytail Hair
Hair,M48790,5,39017,Princess Ponytail Hair
Hair,M48790,6,39018,Princess Ponytail Hair
Hair,M48790,7,39019,Princess Ponytail Hair
Hair,M48920,0,39020,Galaxy Girl Hair
Hair,M48920,1,39021,Galaxy Girl Hair
Hair,M48920,2,39022,Galaxy Girl Hair
Hair,M48920,3,39023,Galaxy Girl Hair
Hair,M48920,5,39024,Galaxy Girl Hair
Hair,M48920,6,39025,Galaxy Girl Hair
Hair,M48920,7,39026,Galaxy Girl Hair
Hair,M48950,0,39027,Hello Baby Hair
Hair,M48950,1,39028,Hello Baby Hair
Hair,M48950,2,39029,Hello Baby Hair
Hair,M48950,3,39030,Hello Baby Hair
Hair,M48950,5,39031,Hello Baby Hair
Hair,M48950,6,39032,Hello Baby Hair
Hair,M48950,7,39033,Hello Baby Hair
Hair,M48970,0,39034,Silky Clue Queen Hair
Hair,M48970,1,39035,Silky Clue Queen Hair
Hair,M48970,2,39036,Silky Clue Queen Hair
Hair,M48970,3,39037,Silky Clue Queen Hair
Hair,M48970,5,39038,Silky Clue Queen Hair
Hair,M48970,6,39039,Silky Clue Queen Hair
Hair,M48970,7,39048,Silky Clue Queen Hair
Hair,M60000,0,39049,Hitman Hair
Hair,M60000,1,39058,Hitman Hair
Hair,M60000,2,39059,Hitman Hair
Hair,M60000,3,39068,Hitman Hair
Hair,M60000,5,39069,Hitman Hair
Hair,M60000,6,39078,Hitman Hair
Hair,M60000,7,39079,Hitman Hair
Hair,M60120,0,39088,Crescendo Hair
Hair,M60120,1,39089,Crescendo Hair
Hair,M60120,2,39098,Crescendo Hair
Hair,M60120,3,39099,Crescendo Hair
Hair,M60120,5,39108,Crescendo Hair
Hair,M60120,6,39109,Crescendo Hair
Hair,M60120,7,39118,Crescendo Hair
Hair,M60130,0,39119,Bling Bed Head Hair
Hair,M60130,1,39128,Bling Bed Head Hair
Hair,M60130,2,39129,Bling Bed Head Hair
Hair,M60130,3,39138,Bling Bed Head Hair
Hair,M60130,5,39139,Bling Bed Head Hair
Hair,M60130,6,39148,Bling Bed Head Hair
Hair,M60130,7,39149,Bling Bed Head Hair
Hair,M60160,0,39158,Ash Surfer Hair
Hair,M60160,1,39159,Ash Surfer Hair
Hair,M60160,2,39168,Ash Surfer Hair
Hair,M60160,3,39169,Ash Surfer Hair
Hair,M60160,5,39178,Ash Surfer Hair
Hair,M60160,6,39179,Ash Surfer Hair
Hair,M60160,7,39188,Ash Surfer Hair
Hair,M60180,0,39189,Ash Plain Bobbed Hair
Hair,M60180,1,39198,Ash Plain Bobbed Hair
Hair,M60180,2,39199,Ash Plain Bobbed Hair
Hair,M60180,3,39208,Ash Plain Bobbed Hair
Hair,M60180,5,39209,Ash Plain Bobbed Hair
Hair,M60180,6,39218,Ash Plain Bobbed Hair
Hair,M60180,7,39219,Ash Plain Bobbed Hair
Hair,M60200,0,39228,Ramun Hair
Hair,M60200,1,39229,Ramun Hair
Hair,M60200,2,39238,Ramun Hair
Hair,M60200,3,39239,Ramun Hair
Hair,M60200,5,39248,Ramun Hair
Hair,M60200,6,39249,Ramun Hair
Hair,M60200,7,39258,Ramun Hair
Hair,M60290,0,39259,Secret Color Hair
Hair,M60290,1,39268,Secret Color Hair
Hair,M60290,2,39269,Secret Color Hair
Hair,M60290,3,39278,Secret Color Hair
Hair,M60290,5,39279,Secret Color Hair
Hair,M60290,6,39288,Secret Color Hair
Hair,M60290,7,39289,Secret Color Hair
Hair,M60310,0,39298,Hushy Hair
Hair,M60310,1,39299,Hushy Hair
Hair,M60310,2,39308,Hushy Hair
Hair,M60310,3,39309,Hushy Hair
Hair,M60310,5,39318,Hushy Hair
Hair,M60310,6,39319,Hushy Hair
Hair,M60310,7,39328,Hushy Hair
Hair,M60340,0,39329,Forest Hair
Hair,M60340,1,39338,Forest Hair
Hair,M60340,2,39339,Forest Hair
Hair,M60340,3,39348,Forest Hair
Hair,M60340,5,39349,Forest Hair
Hair,M60340,6,39358,Forest Hair
Hair,M60340,7,39359,Forest Hair
Hair,M60350,0,39368,Circular Bald Hair
Hair,M60350,1,39369,Circular Bald Hair
Hair,M60350,2,39378,Circular Bald Hair
Hair,M60350,3,39379,Circular Bald Hair
Hair,M60350,5,39388,Circular Bald Hair
Hair,M60350,6,39389,Circular Bald Hair
Hair,M60350,7,39398,Circular Bald Hair
Hair,M60400,0,39399,Star-flecked Hair
Hair,M60400,1,39408,Star-flecked Hair
Hair,M60400,2,39409,Star-flecked Hair
Hair,M60400,3,39418,Star-flecked Hair
Hair,M60400,5,39419,Star-flecked Hair
Hair,M60400,6,39420,Star-flecked Hair
Hair,M60400,7,39421,Star-flecked Hair
Hair,M60430,0,39422,Strobilanthes Oligantha Hair
Hair,M60430,1,39423,Strobilanthes Oligantha Hair
Hair,M60430,2,39424,Strobilanthes Oligantha Hair
Hair,M60430,3,39425,Strobilanthes Oligantha Hair
Hair,M60430,5,39426,Strobilanthes Oligantha Hair
Hair,M60430,6,39427,Strobilanthes Oligantha Hair
Hair,M60430,7,39428,Strobilanthes Oligantha Hair
Hair,M60450,0,39429,Lavin Hair
Hair,M60450,1,39430,Lavin Hair
Hair,M60450,2,39431,Lavin Hair
Hair,M60450,3,39432,Lavin Hair
Hair,M60450,5,39433,Lavin Hair
Hair,M60450,6,39434,Lavin Hair
Hair,M60450,7,39435,Lavin Hair
Hair,M60460,0,39436,Sparkling Fairy Hair
Hair,M60460,1,39437,Sparkling Fairy Hair
Hair,M60460,2,39438,Sparkling Fairy Hair
Hair,M60460,3,39439,Sparkling Fairy Hair
Hair,M60460,5,39440,Sparkling Fairy Hair
Hair,M60460,6,39441,Sparkling Fairy Hair
Hair,M60460,7,39442,Sparkling Fairy Hair
Hair,M60540,0,39443,New Rondo Hair
Hair,M60540,1,39444,New Rondo Hair
Hair,M60540,2,39445,New Rondo Hair
Hair,M60540,3,39446,New Rondo Hair
Hair,M60540,5,39447,New Rondo Hair
Hair,M60540,6,39448,New Rondo Hair
Hair,M60540,7,39449,New Rondo Hair
Hair,M60680,0,39450,Lyrk Hair
Hair,M60680,1,39451,Lyrk Hair
Hair,M60680,2,39452,Lyrk Hair
Hair,M60680,3,39453,Lyrk Hair
Hair,M60680,5,39454,Lyrk Hair
Hair,M60680,6,39455,Lyrk Hair
Hair,M60680,7,39456,Lyrk Hair
Hair,M60750,0,39457,Floral Love Hair
Hair,M60750,1,39458,Floral Love Hair
Hair,M60750,2,39459,Floral Love Hair
Hair,M60750,3,39460,Floral Love Hair
Hair,M60750,5,39461,Floral Love Hair
Hair,M60750,6,39462,Floral Love Hair
Hair,M60750,7,39463,Floral Love Hair
Hair,M60760,0,39464,Chopped Festival Hair
Hair,M60760,1,39465,Chopped Festival Hair
Hair,M60760,2,39466,Chopped Festival Hair
Hair,M60760,3,39467,Chopped Festival Hair
Hair,M60760,5,39468,Chopped Festival Hair
Hair,M60760,6,39469,Chopped Festival Hair
Hair,M60760,7,39470,Chopped Festival Hair
Hair,M60770,0,39471,Half Wavy Hair
Hair,M60770,1,39472,Half Wavy Hair
Hair,M60770,2,39473,Half Wavy Hair
Hair,M60770,3,39474,Half Wavy Hair
Hair,M60770,5,39475,Half Wavy Hair
Hair,M60770,6,39476,Half Wavy Hair
Hair,M60770,7,39477,Half Wavy Hair
Hair,M60780,0,39478,Powerful Curls Hair
Hair,M60780,1,39479,Powerful Curls Hair
Hair,M60780,2,39488,Powerful Curls Hair
Hair,M60780,3,39489,Powerful Curls Hair
Hair,M60780,5,39490,Powerful Curls Hair
Hair,M60780,6,39491,Powerful Curls Hair
Hair,M60780,7,39492,Powerful Curls Hair
Hair,M60790,0,39493,Heart Tail Hair
Hair,M60790,1,39494,Heart Tail Hair
Hair,M60790,2,39495,Heart Tail Hair
Hair,M60790,3,39496,Heart Tail Hair
Hair,M60790,5,39497,Heart Tail Hair
Hair,M60790,6,39498,Heart Tail Hair
Hair,M60790,7,39499,Heart Tail Hair
Hair,M60800,0,39500,Blowing Hair
Hair,M60800,1,39501,Blowing Hair
Hair,M60800,2,39502,Blowing Hair
Hair,M60800,3,39503,Blowing Hair
Hair,M60800,5,39504,Blowing Hair
Hair,M60800,6,39505,Blowing Hair
Hair,M60800,7,39506,Blowing Hair
Hair,M60880,0,39507,BLINK Hair
Hair,M60880,1,39508,BLINK Hair
Hair,M60880,2,39509,BLINK Hair
Hair,M60880,3,39510,BLINK Hair
Hair,M60880,5,39511,BLINK Hair
Hair,M60880,6,39512,BLINK Hair
Hair,M60880,7,39513,BLINK Hair
Hair,M60890,0,39514,Float Hair
Hair,M60890,1,39515,Float Hair
Hair,M60890,2,39516,Float Hair
Hair,M60890,3,39517,Float Hair
Hair,M60890,5,39518,Float Hair
Hair,M60890,6,39519,Float Hair
Hair,M60890,7,39520,Float Hair
Hair,M60930,0,39521,Sleepwalk Hair
Hair,M60930,1,39522,Sleepwalk Hair
Hair,M60930,2,39523,Sleepwalk Hair
Hair,M60930,3,39524,Sleepwalk Hair
Hair,M60930,5,39525,Sleepwalk Hair
Hair,M60930,6,39526,Sleepwalk Hair
Hair,M60930,7,39527,Sleepwalk Hair
Hair,M61010,0,39528,Lopsided Ponytail
Hair,M61010,1,39529,Lopsided Ponytail
Hair,M61010,2,39530,Lopsided Ponytail
Hair,M61010,3,39531,Lopsided Ponytail
Hair,M61010,5,39532,Lopsided Ponytail
Hair,M61010,6,39533,Lopsided Ponytail
Hair,M61010,7,39534,Lopsided Ponytail
Hair,M61030,0,39535,Twisted Hair
Hair,M61030,1,39536,Twisted Hair
Hair,M61030,2,39537,Twisted Hair
Hair,M61030,3,39538,Twisted Hair
Hair,M61030,5,39539,Twisted Hair
Hair,M61030,6,39540,Twisted Hair
Hair,M61030,7,39541,Twisted Hair
Hair,M61150,0,39542,Ash Bubbly Hair
Hair,M61150,1,39543,Ash Bubbly Hair
Hair,M61150,2,39544,Ash Bubbly Hair
Hair,M61150,3,39545,Ash Bubbly Hair
Hair,M61150,5,39546,Ash Bubbly Hair
Hair,M61150,6,39547,Ash Bubbly Hair
Hair,M61150,7,39548,Ash Bubbly Hair
Hair,M61190,0,39549,Rariel Hair
Hair,M61190,1,39550,Rariel Hair
Hair,M61190,2,39551,Rariel Hair
Hair,M61190,3,39552,Rariel Hair
Hair,M61190,5,39553,Rariel Hair
Hair,M61190,6,39554,Rariel Hair
Hair,M61190,7,39555,Rariel Hair
Hair,M61200,0,39556,Foggy Rariel Hair
Hair,M61200,1,39557,Foggy Rariel Hair
Hair,M61200,2,39558,Foggy Rariel Hair
Hair,M61200,3,39559,Foggy Rariel Hair
Hair,M61200,5,39560,Foggy Rariel Hair
Hair,M61200,6,39561,Foggy Rariel Hair
Hair,M61200,7,39562,Foggy Rariel Hair
Hair,M61370,0,39563,Daze Hair
Hair,M61370,1,39564,Daze Hair
Hair,M61370,2,39565,Daze Hair
Hair,M61370,3,39566,Daze Hair
Hair,M61370,5,39567,Daze Hair
Hair,M61370,6,39568,Daze Hair
Hair,M61370,7,39569,Daze Hair
Hair,M61400,0,39570,Secret Color Hair
Hair,M61400,1,39571,Secret Color Hair
Hair,M61400,2,39572,Secret Color Hair
Hair,M61400,3,39573,Secret Color Hair
Hair,M61400,5,39574,Secret Color Hair
Hair,M61400,6,39575,Secret Color Hair
Hair,M61400,7,39576,Secret Color Hair
Hair,M61410,0,39577,Candy Drop Hair
Hair,M61410,1,39578,Candy Drop Hair
Hair,M61410,2,39579,Candy Drop Hair
Hair,M61410,3,39580,Candy Drop Hair
Hair,M61410,5,39581,Candy Drop Hair
Hair,M61410,6,39582,Candy Drop Hair
Hair,M61410,7,39583,Candy Drop Hair
Hair,M61430,0,39584,Mandarin Tea Hair
Hair,M61430,1,39585,Mandarin Tea Hair
Hair,M61430,2,39586,Mandarin Tea Hair
Hair,M61430,3,39587,Mandarin Tea Hair
Hair,M61430,5,39588,Mandarin Tea Hair
Hair,M61430,6,39589,Mandarin Tea Hair
Hair,M61430,7,39590,Mandarin Tea Hair
Hair,M61440,0,39591,Daydreamer Hair
Hair,M61440,1,39592,Daydreamer Hair
Hair,M61440,2,39593,Daydreamer Hair
Hair,M61440,3,39594,Daydreamer Hair
Hair,M61440,5,39595,Daydreamer Hair
Hair,M61440,6,39596,Daydreamer Hair
Hair,M61440,7,39597,Daydreamer Hair
Hair,M61450,0,39598,Forever Young Hair
Hair,M61450,1,39599,Forever Young Hair
Hair,M61450,2,39600,Forever Young Hair
Hair,M61450,3,39601,Forever Young Hair
Hair,M61450,5,39602,Forever Young Hair
Hair,M61450,6,39603,Forever Young Hair
Hair,M61450,7,39604,Forever Young Hair
Hair,M61500,0,39605,Tomboy Hair
Hair,M61500,1,39606,Tomboy Hair
Hair,M61500,2,39607,Tomboy Hair
Hair,M61500,3,39608,Tomboy Hair
Hair,M61500,5,39609,Tomboy Hair
Hair,M61500,6,39610,Tomboy Hair
Hair,M61500,7,39611,Tomboy Hair
Hair,M61510,0,39612,Star-flecked Hair
Hair,M61510,1,39613,Star-flecked Hair
Hair,M61510,2,39614,Star-flecked Hair
Hair,M61510,3,39615,Star-flecked Hair
Hair,M61510,5,39616,Star-flecked Hair
Hair,M61510,6,39617,Star-flecked Hair
Hair,M61510,7,39618,Star-flecked Hair
Hair,M61550,0,39619,Plum Blossom Hair
Hair,M61550,1,39620,Plum Blossom Hair
Hair,M61550,2,39621,Plum Blossom Hair
Hair,M61550,3,39622,Plum Blossom Hair
Hair,M61550,5,39623,Plum Blossom Hair
Hair,M61550,6,39624,Plum Blossom Hair
Hair,M61550,7,39625,Plum Blossom Hair
Hair,M61590,0,39626,Sparkling Fairy Hair
Hair,M61590,1,39627,Sparkling Fairy Hair
Hair,M61590,2,39628,Sparkling Fairy Hair
Hair,M61590,3,39629,Sparkling Fairy Hair
Hair,M61590,5,39630,Sparkling Fairy Hair
Hair,M61590,6,39631,Sparkling Fairy Hair
Hair,M61590,7,39632,Sparkling Fairy Hair
Hair,M61620,0,39633,Horn Twin Hair
Hair,M61620,1,39634,Horn Twin Hair
Hair,M61620,2,39635,Horn Twin Hair
Hair,M61620,3,39636,Horn Twin Hair
Hair,M61620,5,39637,Horn Twin Hair
Hair,M61620,6,39638,Horn Twin Hair
Hair,M61620,7,39639,Horn Twin Hair
Hair,M61730,0,39640,Veronica Hair
Hair,M61730,1,39641,Veronica Hair
Hair,M61730,2,39642,Veronica Hair
Hair,M61730,3,39643,Veronica Hair
Hair,M61730,5,39644,Veronica Hair
Hair,M61730,6,39645,Veronica Hair
Hair,M61730,7,39646,Veronica Hair
Hair,M61870,0,39647,Foggy Amelie Hair
Hair,M61870,1,39648,Foggy Amelie Hair
Hair,M61870,2,39649,Foggy Amelie Hair
Hair,M61870,3,39650,Foggy Amelie Hair
Hair,M61870,5,39651,Foggy Amelie Hair
Hair,M61870,6,39652,Foggy Amelie Hair
Hair,M61870,7,39653,Foggy Amelie Hair
Hair,M61890,0,39654,Disheveled Pigtails Hair
Hair,M61890,1,39655,Disheveled Pigtails Hair
Hair,M61890,2,39656,Disheveled Pigtails Hair
Hair,M61890,3,39657,Disheveled Pigtails Hair
Hair,M61890,5,39658,Disheveled Pigtails Hair
Hair,M61890,6,39659,Disheveled Pigtails Hair
Hair,M61890,7,39660,Disheveled Pigtails Hair
Hair,M61900,0,39661,Mini Heart Bun Hair
Hair,M61900,1,39662,Mini Heart Bun Hair
Hair,M61900,2,39663,Mini Heart Bun Hair
Hair,M61900,3,39664,Mini Heart Bun Hair
Hair,M61900,5,39665,Mini Heart Bun Hair
Hair,M61900,6,39666,Mini Heart Bun Hair
Hair,M61900,7,39667,Mini Heart Bun Hair
Hair,M61910,0,39668,Elfine Hair
Hair,M61910,1,39669,Elfine Hair
Hair,M61910,2,39670,Elfine Hair
Hair,M61910,3,39671,Elfine Hair
Hair,M61910,5,39672,Elfine Hair
Hair,M61910,6,39673,Elfine Hair
Hair,M61910,7,39674,Elfine Hair
Hair,M61930,0,39675,Side-tail Hair
Hair,M61930,1,39676,Side-tail Hair
Hair,M61930,2,39677,Side-tail Hair
Hair,M61930,3,39678,Side-tail Hair
Hair,M61930,5,39679,Side-tail Hair
Hair,M61930,6,39680,Side-tail Hair
Hair,M61930,7,39681,Side-tail Hair
Hair,M63000,0,39682,Lubby Hair
Hair,M63000,1,39683,Lubby Hair
Hair,M63000,2,39684,Lubby Hair
Hair,M63000,3,39685,Lubby Hair
Hair,M63000,5,39686,Lubby Hair
Hair,M63000,6,39687,Lubby Hair
Hair,M63000,7,39688,Lubby Hair
Hair,M63080,0,39689,Easygoing Gentleman Hair
Hair,M63080,1,39690,Easygoing Gentleman Hair
Hair,M63080,2,39691,Easygoing Gentleman Hair
Hair,M63080,3,39692,Easygoing Gentleman Hair
Hair,M63080,5,39693,Easygoing Gentleman Hair
Hair,M63080,6,39694,Easygoing Gentleman Hair
Hair,M63080,7,39695,Easygoing Gentleman Hair
Hair,M63100,0,39696,Monster Hunter Hair
Hair,M63100,1,39697,Monster Hunter Hair
Hair,M63100,2,39698,Monster Hunter Hair
Hair,M63100,3,39699,Monster Hunter Hair
Hair,M63100,5,39700,Monster Hunter Hair
Hair,M63100,6,39701,Monster Hunter Hair
Hair,M63100,7,39702,Monster Hunter Hair
Hair,M63130,0,39703,Flow Hair
Hair,M63130,1,39704,Flow Hair
Hair,M63130,2,39705,Flow Hair
Hair,M63130,3,39706,Flow Hair
Hair,M63130,5,39707,Flow Hair
Hair,M63130,6,39708,Flow Hair
Hair,M63130,7,39709,Flow Hair
Hair,M63310,0,39710,Checkered Rocky Hair
Hair,M63310,1,39711,Checkered Rocky Hair
Hair,M63310,2,39712,Checkered Rocky Hair
Hair,M63310,3,39713,Checkered Rocky Hair
Hair,M63310,5,39714,Checkered Rocky Hair
Hair,M63310,6,39715,Checkered Rocky Hair
Hair,M63310,7,39716,Checkered Rocky Hair
Hair,M64060,0,39717,Bling Festival Hair
Hair,M64060,1,39718,Bling Festival Hair
Hair,M64060,2,39719,Bling Festival Hair
Hair,M64060,3,39720,Bling Festival Hair
Hair,M64060,5,39721,Bling Festival Hair
Hair,M64060,6,39722,Bling Festival Hair
Hair,M64060,7,39723,Bling Festival Hair
Hair,M64080,0,39724,Figure Girl Hair
Hair,M64080,1,39725,Figure Girl Hair
Hair,M64080,2,39726,Figure Girl Hair
Hair,M64080,3,39727,Figure Girl Hair
Hair,M64080,5,39728,Figure Girl Hair
Hair,M64080,6,39729,Figure Girl Hair
Hair,M64080,7,39730,Figure Girl Hair
Hair,M64100,0,39731,Floral Ribbon Hair
Hair,M64100,1,39732,Floral Ribbon Hair
Hair,M64100,2,39733,Floral Ribbon Hair
Hair,M64100,3,39734,Floral Ribbon Hair
Hair,M64100,5,39735,Floral Ribbon Hair
Hair,M64100,6,39736,Floral Ribbon Hair
Hair,M64100,7,39737,Floral Ribbon Hair
Hair,M64110,0,39738,Lop Ear Twin Hair
Hair,M64110,1,39739,Lop Ear Twin Hair
Hair,M64110,2,39740,Lop Ear Twin Hair
Hair,M64110,3,39741,Lop Ear Twin Hair
Hair,M64110,5,39742,Lop Ear Twin Hair
Hair,M64110,6,39743,Lop Ear Twin Hair
Hair,M64110,7,39744,Lop Ear Twin Hair
Hair,M64120,0,39745,Chocolate Drop Hair
Hair,M64120,1,39746,Chocolate Drop Hair
Hair,M64120,2,39747,Chocolate Drop Hair
Hair,M64120,3,39748,Chocolate Drop Hair
Hair,M64120,5,39749,Chocolate Drop Hair
Hair,M64120,6,39750,Chocolate Drop Hair
Hair,M64120,7,39751,Chocolate Drop Hair
Hair,M64130,0,39752,Bicolor Twin Hair
Hair,M64130,1,39753,Bicolor Twin Hair
Hair,M64130,2,39754,Bicolor Twin Hair
Hair,M64130,3,39755,Bicolor Twin Hair
Hair,M64130,5,39756,Bicolor Twin Hair
Hair,M64130,6,39757,Bicolor Twin Hair
Hair,M64130,7,39758,Bicolor Twin Hair
Hair,M64140,0,39759,Ribbon High Hair
Hair,M64140,1,39760,Ribbon High Hair
Hair,M64140,2,39761,Ribbon High Hair
Hair,M64140,3,39762,Ribbon High Hair
Hair,M64140,5,39763,Ribbon High Hair
Hair,M64140,6,39764,Ribbon High Hair
Hair,M64140,7,39765,Ribbon High Hair
Hair,M64150,0,39766,Big Wave Tail Hair
Hair,M64150,1,39767,Big Wave Tail Hair
Hair,M64150,2,39768,Big Wave Tail Hair
Hair,M64150,3,39769,Big Wave Tail Hair
Hair,M64150,5,39770,Big Wave Tail Hair
Hair,M64150,6,39771,Big Wave Tail Hair
Hair,M64150,7,39772,Big Wave Tail Hair
Hair,M64190,0,39773,Sophomore Lolita Hair
Hair,M64190,1,39774,Sophomore Lolita Hair
Hair,M64190,2,39775,Sophomore Lolita Hair
Hair,M64190,3,39776,Sophomore Lolita Hair
Hair,M64190,5,39777,Sophomore Lolita Hair
Hair,M64190,6,39778,Sophomore Lolita Hair
Hair,M64190,7,39779,Sophomore Lolita Hair
Hair,M64200,0,39780,Elfine Ponytail
Hair,M64200,1,39781,Elfine Ponytail
Hair,M64200,2,39782,Elfine Ponytail
Hair,M64200,3,39783,Elfine Ponytail
Hair,M64200,5,39784,Elfine Ponytail
Hair,M64200,6,39785,Elfine Ponytail
Hair,M64200,7,39786,Elfine Ponytail
Hair,M64230,0,39787,Droopy Cat Ears Hair
Hair,M64230,1,39788,Droopy Cat Ears Hair
Hair,M64230,2,39789,Droopy Cat Ears Hair
Hair,M64230,3,39790,Droopy Cat Ears Hair
Hair,M64230,5,39791,Droopy Cat Ears Hair
Hair,M64230,6,39792,Droopy Cat Ears Hair
Hair,M64230,7,39793,Droopy Cat Ears Hair
Hair,M64240,0,39794,Cherry Blossom Hair
Hair,M64240,1,39795,Cherry Blossom Hair
Hair,M64240,2,39796,Cherry Blossom Hair
Hair,M64240,3,39797,Cherry Blossom Hair
Hair,M64240,5,39798,Cherry Blossom Hair
Hair,M64240,6,39799,Cherry Blossom Hair
Hair,M64240,7,39800,Cherry Blossom Hair
Hair,M64280,0,39801,Heavy Ponytail Hair
Hair,M64280,1,39802,Heavy Ponytail Hair
Hair,M64280,2,39803,Heavy Ponytail Hair
Hair,M64280,3,39804,Heavy Ponytail Hair
Hair,M64280,5,39805,Heavy Ponytail Hair
Hair,M64280,6,39806,Heavy Ponytail Hair
Hair,M64280,7,39807,Heavy Ponytail Hair
Hair,M64310,0,39808,BLINK Hair
Hair,M64310,1,39809,BLINK Hair
Hair,M64310,2,39810,BLINK Hair
Hair,M64310,3,39811,BLINK Hair
Hair,M64310,5,39812,BLINK Hair
Hair,M64310,6,39813,BLINK Hair
Hair,M64310,7,39814,BLINK Hair
Hair,M64320,0,39815,Celine Hair
Hair,M64320,1,39816,Celine Hair
Hair,M64320,2,39817,Celine Hair
Hair,M64320,3,39818,Celine Hair
Hair,M64320,5,39819,Celine Hair
Hair,M64320,6,39820,Celine Hair
Hair,M64320,7,39821,Celine Hair
Hair,M64330,0,39822,Foggy Celine Hair
Hair,M64330,1,39823,Foggy Celine Hair
Hair,M64330,2,39824,Foggy Celine Hair
Hair,M64330,3,39825,Foggy Celine Hair
Hair,M64330,5,39826,Foggy Celine Hair
Hair,M64330,6,39827,Foggy Celine Hair
Hair,M64330,7,39828,Foggy Celine Hair
Hair,M64350,0,39829,Immature Girl Hair
Hair,M64350,1,39830,Immature Girl Hair
Hair,M64350,2,39831,Immature Girl Hair
Hair,M64350,3,39832,Immature Girl Hair
Hair,M64350,5,39833,Immature Girl Hair
Hair,M64350,6,39834,Immature Girl Hair
Hair,M64350,7,39835,Immature Girl Hair
Hair,M64390,0,39836,Quiet Bob Hair
Hair,M64390,1,39837,Quiet Bob Hair
Hair,M64390,2,39838,Quiet Bob Hair
Hair,M64390,3,39839,Quiet Bob Hair
Hair,M64390,5,39840,Quiet Bob Hair
Hair,M64390,6,39841,Quiet Bob Hair
Hair,M64390,7,39842,Quiet Bob Hair
Hair,M64400,0,39843,Rapids Hair
Hair,M64400,1,39844,Rapids Hair
Hair,M64400,2,39845,Rapids Hair
Hair,M64400,3,39846,Rapids Hair
Hair,M64400,5,39847,Rapids Hair
Hair,M64400,6,39848,Rapids Hair
Hair,M64400,7,39849,Rapids Hair
Hair,M64410,0,39850,Red Fox's Fate Hair
Hair,M64410,1,39851,Red Fox's Fate Hair
Hair,M64410,2,39852,Red Fox's Fate Hair
Hair,M64410,3,39853,Red Fox's Fate Hair
Hair,M64410,5,39854,Red Fox's Fate Hair
Hair,M64410,6,39855,Red Fox's Fate Hair
Hair,M64410,7,39856,Red Fox's Fate Hair
Hair,M64450,0,39857,Pretty Chic Mix Girl Hair
Hair,M64450,1,39858,Pretty Chic Mix Girl Hair
Hair,M64450,2,39859,Pretty Chic Mix Girl Hair
Hair,M64450,3,39860,Pretty Chic Mix Girl Hair
Hair,M64450,5,39861,Pretty Chic Mix Girl Hair
Hair,M64450,6,39862,Pretty Chic Mix Girl Hair
Hair,M64450,7,39863,Pretty Chic Mix Girl Hair
Hair,M64490,0,39864,Uniform Goddess Hair
Hair,M64490,1,39865,Uniform Goddess Hair
Hair,M64490,2,39866,Uniform Goddess Hair
Hair,M64490,3,39867,Uniform Goddess Hair
Hair,M64490,5,39868,Uniform Goddess Hair
Hair,M64490,6,39869,Uniform Goddess Hair
Hair,M64490,7,39870,Uniform Goddess Hair
Hair,M64580,0,39871,Chu Chu Cream Girl Hair
Hair,M64580,1,39872,Chu Chu Cream Girl Hair
Hair,M64580,2,39873,Chu Chu Cream Girl Hair
Hair,M64580,3,39874,Chu Chu Cream Girl Hair
Hair,M64580,5,39875,Chu Chu Cream Girl Hair
Hair,M64580,6,39876,Chu Chu Cream Girl Hair
Hair,M64580,7,39877,Chu Chu Cream Girl Hair
Hair,M64760,0,39878,Checkered Rookie Hair
Hair,M64760,1,39879,Checkered Rookie Hair
Hair,M64760,2,39880,Checkered Rookie Hair
Hair,M64760,3,39881,Checkered Rookie Hair
Hair,M64760,5,39882,Checkered Rookie Hair
Hair,M64760,6,39883,Checkered Rookie Hair
Hair,M64760,7,39884,Checkered Rookie Hair
Hair,M64950,0,39885,Relax Hair
Hair,M64950,1,39886,Relax Hair
Hair,M64950,2,39887,Relax Hair
Hair,M64950,3,39888,Relax Hair
Hair,M64950,5,39889,Relax Hair
Hair,M64950,6,39890,Relax Hair
Hair,M64950,7,39891,Relax Hair
Hair,M64980,0,39892,Freshman Hair
Hair,M64980,1,39893,Freshman Hair
Hair,M64980,2,39894,Freshman Hair
Hair,M64980,3,39895,Freshman Hair
Hair,M64980,5,39896,Freshman Hair
Hair,M64980,6,39897,Freshman Hair
Hair,M64980,7,39898,Freshman Hair
Hair,M65060,0,39899,Bow Master Hair
Hair,M65060,1,39900,Bow Master Hair
Hair,M65060,2,39901,Bow Master Hair
Hair,M65060,3,39902,Bow Master Hair
Hair,M65060,5,39903,Bow Master Hair
Hair,M65060,6,39904,Bow Master Hair
Hair,M65060,7,39905,Bow Master Hair
Hair,M65080,0,39906,Night Lord Hair
Hair,M65080,1,39907,Night Lord Hair
Hair,M65080,2,39908,Night Lord Hair
Hair,M65080,3,39909,Night Lord Hair
Hair,M65080,5,39910,Night Lord Hair
Hair,M65080,6,39911,Night Lord Hair
Hair,M65080,7,39912,Night Lord Hair
Hair,M65260,0,39913,Shade's Hero Hairdo
Hair,M65260,1,39914,Shade's Hero Hairdo
Hair,M65260,2,39915,Shade's Hero Hairdo
Hair,M65260,3,39916,Shade's Hero Hairdo
Hair,M65260,5,39917,Shade's Hero Hairdo
Hair,M65260,6,39918,Shade's Hero Hairdo
Hair,M65260,7,39919,Shade's Hero Hairdo
Hair,M67020,0,39920,Dark Knight Hair
Hair,M67020,1,39921,Dark Knight Hair
Hair,M67020,2,39922,Dark Knight Hair
Hair,M67020,3,39923,Dark Knight Hair
Hair,M67020,5,39924,Dark Knight Hair
Hair,M67020,6,39925,Dark Knight Hair
Hair,M67020,7,39926,Dark Knight Hair
Hair,M67060,0,39927,Bow Master Hair
Hair,M67060,1,39928,Bow Master Hair
Hair,M67060,2,39929,Bow Master Hair
Hair,M67060,3,39930,Bow Master Hair
Hair,M67060,5,39931,Bow Master Hair
Hair,M67060,6,39932,Bow Master Hair
Hair,M67060,7,39933,Bow Master Hair
Hair,M67300,0,39934,Shade's Hero Hairdo
Hair,M67300,1,39935,Shade's Hero Hairdo
Hair,M67300,2,39936,Shade's Hero Hairdo
Hair,M67300,3,39937,Shade's Hero Hairdo
Hair,M67300,5,39938,Shade's Hero Hairdo
Hair,M67300,6,39939,Shade's Hero Hairdo
Hair,M67300,7,39940,Shade's Hero Hairdo
Hair,M68210,0,39941,Cherry Pop Hair
Hair,M68210,1,39942,Cherry Pop Hair
Hair,M68210,2,39943,Cherry Pop Hair
Hair,M68210,3,39944,Cherry Pop Hair
Hair,M68210,5,39945,Cherry Pop Hair
Hair,M68210,6,39946,Cherry Pop Hair
Hair,M68210,7,39947,Cherry Pop Hair
Hair,M68230,0,39948,Pink Bean Hair
Hair,M68230,1,39949,Pink Bean Hair
Hair,M68230,2,39950,Pink Bean Hair
Hair,M68230,3,39951,Pink Bean Hair
Hair,M68230,5,39952,Pink Bean Hair
Hair,M68230,6,39953,Pink Bean Hair
Hair,M68230,7,39954,Pink Bean Hair
Hair,S30000,0,30000,Black Toben
Hair,S30000,1,30001,Red Toben
Hair,S30000,2,30002,Orange Toben
Hair,S30000,3,30003,Blonde Toben
Hair,S30000,4,30004,Green Toben
Hair,S30000,5,30005,Blue Toben
Hair,S30000,6,30006,Purple Toben
Hair,S30000,7,30007,Brown Toben
Hair,S30010,0,30010,Zeta
Hair,S30020,0,30020,Black Rebel
Hair,S30020,1,30021,Red Rebel
Hair,S30020,2,30022,Orange Rebel
Hair,S30020,3,30023,Blonde Rebel
Hair,S30020,4,30024,Green Rebel
Hair,S30020,5,30025,Blue Rebel
Hair,S30020,6,30026,Purple Rebel
Hair,S30020,7,30027,Brown Rebel
Hair,S30030,0,30030,Black Buzz
Hair,S30030,1,30031,Red Buzz
Hair,S30030,2,30032,Orange Buzz
Hair,S30030,3,30033,Blonde Buzz
Hair,S30030,4,30034,Green Buzz
Hair,S30030,5,30035,Blue Buzz
Hair,S30030,6,30036,Purple Buzz
Hair,S30030,7,30037,Brown Buzz
Hair,S30040,0,30040,Black Rockstar
Hair,S30040,1,30041,Red Rockstar
Hair,S30040,2,30042,Orange Rockstar
Hair,S30040,3,30043,Blonde Rockstar
Hair,S30040,4,30044,Green Rockstar
Hair,S30040,5,30045,Blue Rockstar
Hair,S30040,6,30046,Purple Rockstar
Hair,S30040,7,30047,Brown Rockstar
Hair,S30050,0,30050,Black Metro
Hair,S30050,1,30051,Red Metro
Hair,S30050,2,30052,Orange Metro
Hair,S30050,3,30053,Blonde Metro
Hair,S30050,4,30054,Green Metro
Hair,S30050,5,30055,Blue Metro
Hair,S30050,6,30056,Purple Metro
Hair,S30050,7,30057,Brown Metro
Hair,S30060,0,30060,Black Catalyst
Hair,S30060,1,30061,Red Catalyst
Hair,S30060,2,30062,Orange Catalyst
Hair,S30060,3,30063,Blonde Catalyst
Hair,S30060,4,30064,Green Catalyst
Hair,S30060,5,30065,Blue Catalyst
Hair,S30060,6,30066,Purple Catalyst
Hair,S30060,7,30067,Brown Catalyst
Hair,S30070,0,30070,All Back
Hair,S30080,0,30080,Military Buzzcut
Hair,S30090,0,30090,Mohawk
Hair,S30100,0,30100,Blue Fantasy
Hair,S30100,1,30101,Maroon Fantasy
Hair,S30100,2,30102,Brown Fantasy
Hair,S30100,3,30103,Green Fantasy
Hair,S30100,4,30104,Blue-Green Fantasy
Hair,S30100,5,30105,Blue Fantasy
Hair,S30100,6,30106,Maroon Fantasy
Hair,S30100,7,30107,Brown Fantasy
Hair,S30110,0,30110,Black Fireball
Hair,S30110,1,30111,Red Fireball
Hair,S30110,2,30112,Orange Fireball
Hair,S30110,3,30113,Blonde Fireball
Hair,S30110,4,30114,Green Fireball
Hair,S30110,5,30115,Blue Fireball
Hair,S30110,6,30116,Purple Fireball
Hair,S30110,7,30117,Brown Fireball
Hair,S30120,0,30120,Black Vincent
Hair,S30120,1,30121,Red Vincent
Hair,S30120,2,30122,Orange Vincent
Hair,S30120,3,30123,Blonde Vincent
Hair,S30120,4,30124,Green Vincent
Hair,S30120,5,30125,Blue Vincent
Hair,S30120,6,30126,Purple Vincent
Hair,S30120,7,30127,Brown Vincent
Hair,S30130,0,30130,Black Antagonist
Hair,S30130,1,30131,Red Antagonist
Hair,S30130,2,30132,Orange Antagonist
Hair,S30130,3,30133,Blonde Antagonist
Hair,S30130,4,30134,Green Antagonist
Hair,S30130,5,30135,Blue Antagonist
Hair,S30130,6,30136,Purple Antagonist
Hair,S30130,7,30137,Brown Antagonist
Hair,S30140,0,30140,Black Topknot
Hair,S30140,1,30141,Red Topknot
Hair,S30140,2,30142,Orange Topknot
Hair,S30140,3,30143,Blonde Topknot
Hair,S30140,4,30144,Green Topknot
Hair,S30140,5,30145,Blue Topknot
Hair,S30140,6,30146,Purple Topknot
Hair,S30140,7,30147,Brown Topknot
Hair,S30150,0,30150,Black Dreadlocks
Hair,S30150,1,30151,Red Dreadlocks
Hair,S30150,2,30152,Orange Dreadlocks
Hair,S30150,3,30153,Blonde Dreadlocks
Hair,S30150,4,30154,Green Dreadlocks
Hair,S30150,5,30155,Blue Dreadlocks
Hair,S30150,6,30156,Purple Dreadlocks
Hair,S30150,7,30157,Brown Dreadlocks
Hair,S30160,0,30160,Black Trip Scratch
Hair,S30160,1,30161,Red Trip Scratch
Hair,S30160,2,30162,Orange Trip Scratch
Hair,S30160,3,30163,Blonde Trip Scratch
Hair,S30160,4,30164,Green Trip Scratch
Hair,S30160,5,30165,Blue Trip Scratch
Hair,S30160,6,30166,Purple Trip Scratch
Hair,S30160,7,30167,Brown Trip Scratch
Hair,S30170,0,30170,Black Line Scratch
Hair,S30170,1,30171,Red Line Scratch
Hair,S30170,2,30172,Orange Line Scratch
Hair,S30170,3,30173,Blonde Line Scratch
Hair,S30170,4,30174,Green Line Scratch
Hair,S30170,5,30175,Blue Line Scratch
Hair,S30170,6,30176,Purple Line Scratch
Hair,S30170,7,30177,Brown Line Scratch
Hair,S30180,0,30180,Black Mane
Hair,S30180,1,30181,Red Mane
Hair,S30180,2,30182,Orange Mane
Hair,S30180,3,30183,Blonde Mane
Hair,S30180,4,30184,Green Mane
Hair,S30180,5,30185,Blue Mane
Hair,S30180,6,30186,Purple Mane
Hair,S30180,7,30187,Brown Mane
Hair,S30190,0,30190,Black Bowl Cut
Hair,S30190,1,30191,Red Bowl Cut
Hair,S30190,2,30192,Orange Bowl Cut
Hair,S30190,3,30193,Blonde Bowl Cut
Hair,S30190,4,30194,Green Bowl Cut
Hair,S30190,5,30195,Blue Bowl Cut
Hair,S30190,6,30196,Purple Bowl Cut
Hair,S30190,7,30197,Brown Bowl Cut
Hair,S30200,0,30200,Black Wind
Hair,S30200,1,30201,Red Wind
Hair,S30200,2,30202,Orange Wind
Hair,S30200,3,30203,Blonde Wind
Hair,S30200,4,30204,Green Wind
Hair,S30200,5,30205,Blue Wind
Hair,S30200,6,30206,Purple Wind
Hair,S30200,7,30207,Brown Wind
Hair,S30210,0,30210,Black Shaggy Wax
Hair,S30210,1,30211,Red Shaggy Wax
Hair,S30210,2,30212,Orange Shaggy Wax
Hair,S30210,3,30213,Blonde Shaggy Wax
Hair,S30210,4,30214,Green Shaggy Wax
Hair,S30210,5,30215,Blue Shaggy Wax
Hair,S30210,6,30216,Purple Shaggy Wax
Hair,S30210,7,30217,Brown Shaggy Wax
Hair,S30220,0,30220,Black Grooovy Do
Hair,S30220,1,30221,Red Grooovy Do
Hair,S30220,2,30222,Orange Grooovy Do
Hair,S30220,3,30223,Blonde Grooovy Do
Hair,S30220,4,30224,Green Grooovy Do
Hair,S30220,5,30225,Blue Grooovy Do
Hair,S30220,6,30226,Purple Grooovy Do
Hair,S30220,7,30227,Brown Grooovy Do
Hair,S30230,0,30230,Black Foil Perm
Hair,S30230,1,30231,Red Foil Perm
Hair,S30230,2,30232,Orange Foil Perm
Hair,S30230,3,30233,Blonde Foil Perm
Hair,S30230,4,30234,Green Foil Perm
Hair,S30230,5,30235,Blue Foil Perm
Hair,S30230,6,30236,Purple Foil Perm
Hair,S30230,7,30237,Brown Foil Perm
Hair,S30240,0,30240,Black Monkey
Hair,S30240,1,30241,Red Monkey
Hair,S30240,2,30242,Orange Monkey
Hair,S30240,3,30243,Blonde Monkey
Hair,S30240,4,30244,Green Monkey
Hair,S30240,5,30245,Blue Monkey
Hair,S30240,6,30246,Purple Monkey
Hair,S30240,7,30247,Brown Monkey
Hair,S30250,0,30250,Black Afro (big)
Hair,S30250,1,30251,Red Afro (big)
Hair,S30250,2,30252,Orange Afro (big)
Hair,S30250,3,30253,Blonde Afro (big)
Hair,S30250,4,30254,Green Afro (big)
Hair,S30250,5,30255,Blue Afro (big)
Hair,S30250,6,30256,Purple Afro (big)
Hair,S30250,7,30257,Brown Afro (big)
Hair,S30260,0,30260,Black Metrosexual
Hair,S30260,1,30261,Red Metrosexual
Hair,S30260,2,30262,Orange Metrosexual
Hair,S30260,3,30263,Blonde Metrosexual
Hair,S30260,4,30264,Green Metrosexual
Hair,S30260,5,30265,Blue Metrosexual
Hair,S30260,6,30266,Purple Metrosexual
Hair,S30260,7,30267,Brown Metrosexual
Hair,S30270,0,30270,Black w/ Bald Spot
Hair,S30270,1,30271,Red w/ Bald Spot
Hair,S30270,2,30272,Orange w/ Bald Spot
Hair,S30270,3,30273,Blonde w/ Bald Spot
Hair,S30270,4,30274,Green w/ Bald Spot
Hair,S30270,5,30275,Blue w/ Bald Spot
Hair,S30270,6,30276,Purple w/ Bald Spot
Hair,S30270,7,30277,Brown w/ Bald Spot
Hair,S30280,0,30280,Black Mohecan Shaggy Do
Hair,S30280,1,30281,Red Mohecan Shaggy Do
Hair,S30280,2,30282,Orange Mohecan Shaggy Do
Hair,S30280,3,30283,Blonde Mohecan Shaggy Do
Hair,S30280,4,30284,Green Mohecan Shaggy Do
Hair,S30280,5,30285,Blue Mohecan Shaggy Do
Hair,S30280,6,30286,Purple Mohecan Shaggy Do
Hair,S30280,7,30287,Brown Mohecan Shaggy Do
Hair,S30290,0,30290,Black Old Man 'Do
Hair,S30290,1,30291,Red Old Man 'Do
Hair,S30290,2,30292,Orange Old Man 'Do
Hair,S30290,3,30293,Blonde Old Man 'Do
Hair,S30290,4,30294,Green Old Man 'Do
Hair,S30290,5,30295,Blue Old Man 'Do
Hair,S30290,6,30296,Purple Old Man 'Do
Hair,S30290,7,30297,Brown Old Man 'Do
Hair,S30300,0,30300,Black Romance
Hair,S30300,1,30301,Red Romance
Hair,S30300,2,30302,Orange Romance
Hair,S30300,3,30303,Blond Romance
Hair,S30300,4,30304,Green Romance
Hair,S30300,5,30305,Blue Romance
Hair,S30300,6,30306,Purple Romance
Hair,S30300,7,30307,Brown Romance
Hair,S30310,0,30310,Black Acorn
Hair,S30310,1,30311,Red Acorn
Hair,S30310,2,30312,Orange Acorn
Hair,S30310,3,30313,Blonde Acorn
Hair,S30310,4,30314,Green Acorn
Hair,S30310,5,30315,Blue Acorn
Hair,S30310,6,30316,Purple Acorn
Hair,S30310,7,30317,Brown Acorn
Hair,S30320,0,30320,Black Afro (small)
Hair,S30320,1,30321,Red Afro (small)
Hair,S30320,2,30322,Orange Afro (small)
Hair,S30320,3,30323,Blonde Afro (small)
Hair,S30320,4,30324,Green Afro (small)
Hair,S30320,5,30325,Blue Afro (small)
Hair,S30320,6,30326,Purple Afro (small)
Hair,S30320,7,30327,Brown Afro (small)
Hair,S30330,0,30330,Black Cabana Boy
Hair,S30330,1,30331,Red Cabana Boy
Hair,S30330,2,30332,Orange Cabana Boy
Hair,S30330,3,30333,Blonde Cabana Boy
Hair,S30330,4,30334,Green Cabana Boy
Hair,S30330,5,30335,Blue Cabana Boy
Hair,S30330,6,30336,Purple Cabana Boy
Hair,S30330,7,30337,Brown Cabana Boy
Hair,S30340,0,30340,Black Tristan
Hair,S30340,1,30341,Red Tristan
Hair,S30340,2,30342,Orange Tristan
Hair,S30340,3,30343,Blonde Tristan
Hair,S30340,4,30344,Green Tristan
Hair,S30340,5,30345,Blue Tristan
Hair,S30340,6,30346,Purple Tristan
Hair,S30340,7,30347,Brown Tristan
Hair,S30350,0,30350,Black Astro
Hair,S30350,1,30351,Red Astro
Hair,S30350,2,30352,Orange Astro
Hair,S30350,3,30353,Blonde Astro
Hair,S30350,4,30354,Green Astro
Hair,S30350,5,30355,Blue Astro
Hair,S30350,6,30356,Purple Astro
Hair,S30350,7,30357,Brown Astro
Hair,S30360,0,30360,Black Spiky Tail
Hair,S30360,1,30361,Red Spiky Tail
Hair,S30360,2,30362,Orange Spiky Tail
Hair,S30360,3,30363,Blonde Spiky Tail
Hair,S30360,4,30364,Green Spiky Tail
Hair,S30360,5,30365,Blue Spiky Tail
Hair,S30360,6,30366,Purple Spiky Tail
Hair,S30360,7,30367,Brown Spiky Tail
Hair,S30370,0,30370,Black Shaggy Dragon
Hair,S30370,1,30371,Red Shaggy Dragon
Hair,S30370,2,30372,Orange Shaggy Dragon
Hair,S30370,3,30373,Blond Shaggy Dragon
Hair,S30370,4,30374,Green Shaggy Dragon
Hair,S30370,5,30375,Blue Shaggy Dragon
Hair,S30370,6,30376,Purple Shaggy Dragon
Hair,S30370,7,30377,Brown Shaggy Dragon
Hair,S30400,0,30400,Black Tribal Buzz
Hair,S30400,1,30401,Red Tribal Buzz
Hair,S30400,2,30402,Orange Tribal Buzz
Hair,S30400,3,30403,Blond Tribal Buzz
Hair,S30400,4,30404,Green Tribal Buzz
Hair,S30400,5,30405,Blue Tribal Buzz
Hair,S30400,6,30406,Purple Tribal Buzz
Hair,S30400,7,30407,Brown Tribal Buzz
Hair,S30410,0,30410,Black Natural
Hair,S30410,1,30411,Red Natural
Hair,S30410,2,30412,Orange Natural
Hair,S30410,3,30413,Blond Natural
Hair,S30410,4,30414,Green Natural
Hair,S30410,5,30415,Blue Natural
Hair,S30410,6,30416,Purple Natural
Hair,S30410,7,30417,Brown Natural
Hair,S30420,0,30420,Black Cozy Amber
Hair,S30420,1,30421,Red Cozy Amber
Hair,S30420,2,30422,Orange Cozy Amber
Hair,S30420,3,30423,Blond Cozy Amber
Hair,S30420,4,30424,Green Cozy Amber
Hair,S30420,5,30425,Blue Cozy Amber
Hair,S30420,6,30426,Purple Cozy Amber
Hair,S30420,7,30427,Brown Cozy Amber
Hair,S30430,0,30430,Skin Head
Hair,S30430,1,30431,Skin Head
Hair,S30430,2,30432,Skin Head
Hair,S30430,3,30433,Skin Head
Hair,S30430,4,30434,Skin Head
Hair,S30430,5,30435,Skin Head
Hair,S30430,6,30436,Skin Head
Hair,S30430,7,30437,Skin Head
Hair,S30440,0,30440,Black Fury
Hair,S30440,1,30441,Red Fury
Hair,S30440,2,30442,Orange Fury
Hair,S30440,3,30443,Blonde Fury
Hair,S30440,4,30444,Green Fury
Hair,S30440,5,30445,Blue Fury
Hair,S30440,6,30446,Purple Fury
Hair,S30440,7,30447,Brown Fury
Hair,S30450,0,30450,Black Casanova 
Hair,S30450,1,30451,Red Casanova 
Hair,S30450,2,30452,Orange Casanova 
Hair,S30450,3,30453,Blonde Casanova 
Hair,S30450,4,30454,Green Casanova 
Hair,S30450,5,30455,Blue Casanova 
Hair,S30450,6,30456,Purple Casanova 
Hair,S30450,7,30457,Brown Casanova 
Hair,S30460,0,30460,Black Tornade Hair
Hair,S30460,1,30461,Red Tornade Hair
Hair,S30460,2,30462,Orange Tornade Hair
Hair,S30460,3,30463,Blond Tornade Hair
Hair,S30460,4,30464,Green Tornade Hair
Hair,S30460,5,30465,Blue Tornade Hair
Hair,S30460,6,30466,Purple Tornade Hair
Hair,S30460,7,30467,Brown Tornade Hair
Hair,S30470,0,30470,Black Slick Dean
Hair,S30470,1,30471,Red Slick Dean
Hair,S30470,2,30472,Orange Slick Dean
Hair,S30470,3,30473,Blonde Slick Dean
Hair,S30470,4,30474,Green Slick Dean
Hair,S30470,5,30475,Blue Slick Dean
Hair,S30470,6,30476,Purple Slick Dean
Hair,S30470,7,30477,Brown Slick Dean
Hair,S30480,0,30480,Black Babby Cut
Hair,S30480,1,30481,Red Babby Cut
Hair,S30480,2,30482,Orange Babby Cut
Hair,S30480,3,30483,Blonde Babby Cut
Hair,S30480,4,30484,Green Babby Cut
Hair,S30480,5,30485,Blue Babby Cut
Hair,S30480,6,30486,Purple Babby Cut
Hair,S30480,7,30487,Brown Babby Cut
Hair,S30490,0,30490,Black Messy Spike
Hair,S30490,1,30491,Red Messy Spike
Hair,S30490,2,30492,Orange Messy Spike
Hair,S30490,3,30493,Blonde Messy Spike
Hair,S30490,4,30494,Green Messy Spike
Hair,S30490,5,30495,Blue Messy Spike
Hair,S30490,6,30496,Purple Messy Spike
Hair,S30490,7,30497,Brown Messy Spike
Hair,S30510,0,30510,Black Rockie
Hair,S30510,1,30511,Red Rockie
Hair,S30510,2,30512,Orange Rockie
Hair,S30510,3,30513,Blonde Rockie
Hair,S30510,4,30514,Green Rockie
Hair,S30510,5,30515,Blue Rockie
Hair,S30510,6,30516,Purple Rockie
Hair,S30510,7,30517,Brown Rockie
Hair,S30520,0,30520,Black Hontas
Hair,S30520,1,30521,Red Hontas
Hair,S30520,2,30522,Orange Hontas
Hair,S30520,3,30523,Blonde Hontas
Hair,S30520,4,30524,Green Hontas
Hair,S30520,5,30525,Blue Hontas
Hair,S30520,6,30526,Purple Hontas
Hair,S30520,7,30527,Brown Hontas
Hair,S30530,0,30530,Black Baldie
Hair,S30530,1,30531,Red Baldie
Hair,S30530,2,30532,Orange Baldie
Hair,S30530,3,30533,Blonde Baldie
Hair,S30530,4,30534,Green Baldie
Hair,S30530,5,30535,Blue Baldie
Hair,S30530,6,30536,Purple Baldie
Hair,S30530,7,30537,Brown Baldie
Hair,S30540,0,30540,Black Robot
Hair,S30540,1,30541,Red Robot
Hair,S30540,2,30542,Orange Robot
Hair,S30540,3,30543,Blonde Robot
Hair,S30540,4,30544,Green Robot
Hair,S30540,5,30545,Blue Robot
Hair,S30540,6,30546,Purple Robot
Hair,S30540,7,30547,Brown Robot
Hair,S30550,0,30550,Black Kongfu Braids
Hair,S30550,1,30551,Red Kongfu Braids
Hair,S30550,2,30552,Orange Kongfu Braids
Hair,S30550,3,30553,Blonde Kongfu Braids
Hair,S30550,4,30554,Green Kongfu Braids
Hair,S30550,5,30555,Blue Kongfu Braids
Hair,S30550,6,30556,Purple Kongfu Braids
Hair,S30550,7,30557,Brown Kongfu Braids
Hair,S30560,0,30560,Black Grand Lionman
Hair,S30560,1,30561,Red Grand Lionman
Hair,S30560,2,30562,Orange Grand Lionman
Hair,S30560,3,30563,Blonde Grand Lionman
Hair,S30560,4,30564,Green Grand Lionman
Hair,S30560,5,30565,Blue Grand Lionman
Hair,S30560,6,30566,Purple Grand Lionman
Hair,S30560,7,30567,Brown Grand Lionman
Hair,S30570,0,30570,Black Eternal Elegance
Hair,S30570,1,30571,Red Eternal Elegance
Hair,S30570,2,30572,Orange Eternal Elegance
Hair,S30570,3,30573,Blonde Eternal Elegance
Hair,S30570,4,30574,Green Eternal Elegance
Hair,S30570,5,30575,Blue Eternal Elegance
Hair,S30570,6,30576,Purple Eternal Elegance
Hair,S30570,7,30577,Brown Eternal Elegance
Hair,S30580,0,30580,Black Saturday Special
Hair,S30580,1,30581,Red Saturday Special
Hair,S30580,2,30582,Orange Saturday Special
Hair,S30580,3,30583,Blonde Saturday Special
Hair,S30580,4,30584,Green Saturday Special
Hair,S30580,5,30585,Blue Saturday Special
Hair,S30580,6,30586,Purple Saturday Special
Hair,S30580,7,30587,Brown Saturday Special
Hair,S30590,0,30590,Black Super Suave
Hair,S30590,1,30591,Red Super Suave
Hair,S30590,2,30592,Orange Super Suave
Hair,S30590,3,30593,Blonde Super Suave
Hair,S30590,4,30594,Green Super Suave
Hair,S30590,5,30595,Blue Super Suave
Hair,S30590,6,30596,Purple Super Suave
Hair,S30590,7,30597,Brown Super Suave
Hair,S30600,0,30600,Black The Curl
Hair,S30600,1,30601,Red The Curl
Hair,S30600,2,30602,Orange The Curl
Hair,S30600,3,30603,Blonde The Curl
Hair,S30600,4,30604,Green The Curl
Hair,S30600,5,30605,Blue The Curl
Hair,S30600,6,30606,Purple The Curl
Hair,S30600,7,30607,Brown The Curl
Hair,S30610,0,30610,Black The Mo Rawk
Hair,S30610,1,30611,Red The Mo Rawk
Hair,S30610,2,30612,Orange The Mo Rawk
Hair,S30610,3,30613,Blonde The Mo Rawk
Hair,S30610,4,30614,Green The Mo Rawk
Hair,S30610,5,30615,Blue The Mo Rawk
Hair,S30610,6,30616,Purple The Mo Rawk
Hair,S30610,7,30617,Brown The Mo Rawk
Hair,S30620,0,30620,Black Bubba GoaTee
Hair,S30620,1,30621,Red Bubba GoaTee
Hair,S30620,2,30622,Orange Bubba GoaTee
Hair,S30620,3,30623,Blonde Bubba GoaTee
Hair,S30620,4,30624,Green Bubba GoaTee
Hair,S30620,5,30625,Blue Bubba GoaTee
Hair,S30620,6,30626,Purple Bubba GoaTee
Hair,S30620,7,30627,Brown Bubba GoaTee
Hair,S30630,0,30630,Black Neon Cactus
Hair,S30630,1,30631,Red Neon Cactus
Hair,S30630,2,30632,Orange Neon Cactus
Hair,S30630,3,30633,Blonde Neon Cactus
Hair,S30630,4,30634,Green Neon Cactus
Hair,S30630,5,30635,Blue Neon Cactus
Hair,S30630,6,30636,Purple Neon Cactus
Hair,S30630,7,30637,Brown Neon Cactus
Hair,S30640,0,30640,Black Urban Dragon
Hair,S30640,1,30641,Red Urban Dragon
Hair,S30640,2,30642,Orange Urban Dragon
Hair,S30640,3,30643,Blonde Urban Dragon
Hair,S30640,4,30644,Green Urban Dragon
Hair,S30640,5,30645,Blue Urban Dragon
Hair,S30640,6,30646,Purple Urban Dragon
Hair,S30640,7,30647,Brown Urban Dragon
Hair,S30650,0,30650,Black Rise N Shine
Hair,S30650,1,30651,Red Rise N Shine
Hair,S30650,2,30652,Orange Rise N Shine
Hair,S30650,3,30653,Blonde Rise N Shine
Hair,S30650,4,30654,Green Rise N Shine
Hair,S30650,5,30655,Blue Rise N Shine
Hair,S30650,6,30656,Purple Rise N Shine
Hair,S30650,7,30657,Brown Rise N Shine
Hair,S30660,0,30660,Black Fuzz 
Hair,S30660,1,30661,Red Fuzz 
Hair,S30660,2,30662,Orange Fuzz 
Hair,S30660,3,30663,Blonde Fuzz 
Hair,S30660,4,30664,Green Fuzz 
Hair,S30660,5,30665,Blue Fuzz 
Hair,S30660,6,30666,Purple Fuzz 
Hair,S30660,7,30667,Brown Fuzz 
Hair,S30670,0,30670,Black Preppy Spike
Hair,S30670,1,30671,Red Preppy Spike
Hair,S30670,2,30672,Orange Preppy Spike
Hair,S30670,3,30673,Blonde Preppy Spike
Hair,S30670,4,30674,Green Preppy Spike
Hair,S30670,5,30675,Blue Preppy Spike
Hair,S30670,6,30676,Purple Preppy Spike
Hair,S30670,7,30677,Brown Preppy Spike
Hair,S30680,0,30680,Black Hobo 
Hair,S30680,1,30681,Red Hobo 
Hair,S30680,2,30682,Orange Hobo 
Hair,S30680,3,30683,Blonde Hobo 
Hair,S30680,4,30684,Green Hobo 
Hair,S30680,5,30685,Blue Hobo 
Hair,S30680,6,30686,Purple Hobo 
Hair,S30680,7,30687,Brown Hobo 
Hair,S30690,0,30690,Black Metro Man
Hair,S30690,1,30691,Red Metro Man
Hair,S30690,2,30692,Orange Metro Man
Hair,S30690,3,30693,Blonde Metro Man
Hair,S30690,4,30694,Green Metro Man
Hair,S30690,5,30695,Blue Metro Man
Hair,S30690,6,30696,Purple Metro Man
Hair,S30690,7,30697,Brown Metro Man
Hair,S30700,0,30700,Black Rising Rocker
Hair,S30700,1,30701,Red Rising Rocker
Hair,S30700,2,30702,Orange Rising Rocker
Hair,S30700,3,30703,Blonde Rising Rocker
Hair,S30700,4,30704,Green Rising Rocker
Hair,S30700,5,30705,Blue Rising Rocker
Hair,S30700,6,30706,Purple Rising Rocker
Hair,S30700,7,30707,Brown Rising Rocker
Hair,S30710,0,30710,Black Puffy Fro
Hair,S30710,1,30711,Red Puffy Fro
Hair,S30710,2,30712,Orange Puffy Fro
Hair,S30710,3,30713,Blonde Puffy Fro
Hair,S30710,4,30714,Green Puffy Fro
Hair,S30710,5,30715,Blue Puffy Fro
Hair,S30710,6,30716,Purple Puffy Fro
Hair,S30710,7,30717,Brown Puffy Fro
Hair,S30720,0,30720,Black Exotica
Hair,S30720,1,30721,Red Exotica
Hair,S30720,2,30722,Orange Exotica
Hair,S30720,3,30723,Blonde Exotica
Hair,S30720,4,30724,Green Exotica
Hair,S30720,5,30725,Blue Exotica
Hair,S30720,6,30726,Purple Exotica
Hair,S30720,7,30727,Brown Exotica
Hair,S30730,0,30730,Black Roving Rockstar
Hair,S30730,1,30731,Red Roving Rockstar
Hair,S30730,2,30732,Orange Roving Rockstar
Hair,S30730,3,30733,Blonde Roving Rockstar
Hair,S30730,4,30734,Green Roving Rockstar
Hair,S30730,5,30735,Blue Roving Rockstar
Hair,S30730,6,30736,Purple Roving Rockstar
Hair,S30730,7,30737,Brown Roving Rockstar
Hair,S30740,0,30740,Black Receding Hair
Hair,S30740,1,30741,Red Receding Hair
Hair,S30740,2,30742,Orange Receding Hair
Hair,S30740,3,30743,Blonde Receding Hair
Hair,S30740,4,30744,Green Receding Hair
Hair,S30740,5,30745,Blue Receding Hair
Hair,S30740,6,30746,Purple Receding Hair
Hair,S30740,7,30747,Brown Receding Hair
Hair,S30750,0,30750,Black Buddha Fire
Hair,S30750,1,30751,Red Buddha Fire
Hair,S30750,2,30752,Orange Buddha Fire
Hair,S30750,3,30753,Blonde Buddha Fire
Hair,S30750,4,30754,Green Buddha Fire
Hair,S30750,5,30755,Blue Buddha Fire
Hair,S30750,6,30756,Purple Buddha Fire
Hair,S30750,7,30757,Brown Buddha Fire
Hair,S30760,0,30760,Black Bowling Ball
Hair,S30760,1,30761,Red Bowling Ball
Hair,S30760,2,30762,Orange Bowling Ball
Hair,S30760,3,30763,Blonde Bowling Ball
Hair,S30760,4,30764,Green Bowling Ball
Hair,S30760,5,30765,Blue Bowling Ball
Hair,S30760,6,30766,Purple Bowling Ball
Hair,S30760,7,30767,Brown Bowling Ball
Hair,S30770,0,30770,Black Lucky Charms
Hair,S30770,1,30771,Red Lucky Charms
Hair,S30770,2,30772,Orange Lucky Charms
Hair,S30770,3,30773,Blonde Lucky Charms
Hair,S30770,4,30774,Green Lucky Charms
Hair,S30770,5,30775,Blue Lucky Charms
Hair,S30770,6,30776,Purple Lucky Charms
Hair,S30770,7,30777,Brown Lucky Charms
Hair,S30780,0,30780,Black Dragon Tail
Hair,S30780,1,30781,Red Dragon Tail
Hair,S30780,2,30782,Orange Dragon Tail
Hair,S30780,3,30783,Blonde Dragon Tail
Hair,S30780,4,30784,Green Dragon Tail
Hair,S30780,5,30785,Blue Dragon Tail
Hair,S30780,6,30786,Purple Dragon Tail
Hair,S30780,7,30787,Brown Dragon Tail
Hair,S30790,0,30790,Black Lion Hair
Hair,S30790,1,30791,Red Lion Hair
Hair,S30790,2,30792,Orange Lion Hair
Hair,S30790,3,30793,Blonde Lion Hair
Hair,S30790,4,30794,Green Lion Hair
Hair,S30790,5,30795,Blue Lion Hair
Hair,S30790,6,30796,Purple Lion Hair
Hair,S30790,7,30797,Brown Lion Hair
Hair,S30800,0,30800,Black Dreamcatcher
Hair,S30800,1,30801,Red Dreamcatcher
Hair,S30800,2,30802,Orange Dreamcatcher
Hair,S30800,3,30803,Blonde Dreamcatcher
Hair,S30800,4,30804,Green Dreamcatcher
Hair,S30800,5,30805,Blue Dreamcatcher
Hair,S30800,6,30806,Purple Dreamcatcher
Hair,S30800,7,30807,Brown Dreamcatcher
Hair,S30810,0,30810,Black Gruff & Tough
Hair,S30810,1,30811,Red Gruff & Tough
Hair,S30810,2,30812,Orange Gruff & Tough
Hair,S30810,3,30813,Blonde Gruff & Tough
Hair,S30810,4,30814,Green Gruff & Tough
Hair,S30810,5,30815,Blue Gruff & Tough
Hair,S30810,6,30816,Purple Gruff & Tough
Hair,S30810,7,30817,Brown Gruff & Tough
Hair,S30820,0,30820,Black Matinee Idol
Hair,S30820,1,30821,Red Matinee Idol
Hair,S30820,2,30822,Orange Matinee Idol
Hair,S30820,3,30823,Blond Matinee Idol
Hair,S30820,4,30824,Green Matinee Idol
Hair,S30820,5,30825,Blue Matinee Idol
Hair,S30820,6,30826,Purple Matinee Idol
Hair,S30820,7,30827,Brown Matinee Idol
Hair,S30830,0,30830,Black Alex
Hair,S30830,1,30831,Red Alex
Hair,S30830,2,30832,Orange Alex
Hair,S30830,3,30833,Blond Alex
Hair,S30830,4,30834,Green Alex
Hair,S30830,5,30835,Blue Alex
Hair,S30830,6,30836,Purple Alex
Hair,S30830,7,30837,Brown Alex
Hair,S30840,0,30840,Black Julian Hair
Hair,S30840,1,30841,Red Julian Hair
Hair,S30840,2,30842,Orange Julian Hair
Hair,S30840,3,30843,Blonde Julian Hair
Hair,S30840,4,30844,Green Julian Hair
Hair,S30840,5,30845,Blue Julian Hair
Hair,S30840,6,30846,Purple Julian Hair
Hair,S30840,7,30847,Brown Julian Hair
Hair,S30850,0,30850,Black Cornrow
Hair,S30850,1,30851,Red Cornrow
Hair,S30850,2,30852,Orange Cornrow
Hair,S30850,3,30853,Blond Cornrow
Hair,S30850,4,30854,Green Cornrow
Hair,S30850,5,30855,Blue Cornrow
Hair,S30850,6,30856,Purple Cornrow
Hair,S30850,7,30857,Brown Cornrow
Hair,S30860,0,30860,Black Male Runway Hair
Hair,S30860,1,30861,Red Male Runway Hair
Hair,S30860,2,30862,Orange Male Runway Hair
Hair,S30860,3,30863,Blonde Male Runway Hair
Hair,S30860,4,30864,Green Male Runway Hair
Hair,S30860,5,30865,Blue Male Runway Hair
Hair,S30860,6,30866,Purple Male Runway Hair
Hair,S30860,7,30867,Brown Male Runway Hair
Hair,S30870,0,30870,Black Hector Hair
Hair,S30870,1,30871,Red Hector Hair
Hair,S30870,2,30872,Orange Hector Hair
Hair,S30870,3,30873,Blonde Hector Hair
Hair,S30870,4,30874,Green Hector Hair
Hair,S30870,5,30875,Blue Hector Hair
Hair,S30870,6,30876,Purple Hector Hair
Hair,S30870,7,30877,Brown Hector Hair
Hair,S30880,0,30880,Black Unbalanced
Hair,S30880,1,30881,Red Unbalanced
Hair,S30880,2,30882,Orange Unbalanced
Hair,S30880,3,30883,Blond Unbalanced
Hair,S30880,4,30884,Green Unbalanced
Hair,S30880,5,30885,Blue Unbalanced
Hair,S30880,6,30886,Purple Unbalanced
Hair,S30880,7,30887,Brown Unbalanced
Hair,S30890,0,30890,Black Eastern Mystery
Hair,S30890,1,30891,Red Eastern Mystery
Hair,S30890,2,30892,Orange Eastern Mystery
Hair,S30890,3,30893,Yellow Eastern Mystery
Hair,S30890,4,30894,Green Eastern Mystery
Hair,S30890,5,30895,Blue Eastern Mystery
Hair,S30890,6,30896,Purple Eastern Mystery
Hair,S30890,7,30897,Brown Eastern Mystery
Hair,S30900,0,30900,Black Kravitz Locks
Hair,S30900,1,30901,Red Kravitz Locks
Hair,S30900,2,30902,Orange Kravitz Locks
Hair,S30900,3,30903,Yellow Kravitz Locks
Hair,S30900,4,30904,Green Kravitz Locks
Hair,S30900,5,30905,Blue Kravitz Locks
Hair,S30900,6,30906,Purple Kravitz Locks
Hair,S30900,7,30907,Brown Kravitz Locks
Hair,S30910,0,30910,Black Jun Pyo Hair
Hair,S30910,1,30911,Red Jun Pyo Hair
Hair,S30910,2,30912,Orange Jun Pyo Hair
Hair,S30910,3,30913,Yellow Jun Pyo Hair
Hair,S30910,4,30914,Green Jun Pyo Hair
Hair,S30910,5,30915,Blue Jun Pyo Hair
Hair,S30910,6,30916,Purple Jun Pyo Hair
Hair,S30910,7,30917,Brown Jun Pyo Hair
Hair,S30920,0,30920,Black Short Top Tail
Hair,S30920,1,30921,Red Short Top Tail
Hair,S30920,2,30922,Orange Short Top Tail
Hair,S30920,3,30923,Blonde Short Top Tail
Hair,S30920,4,30924,Green Short Top Tail
Hair,S30920,5,30925,Blue Short Top Tail
Hair,S30920,6,30926,Purple Short Top Tail
Hair,S30920,7,30927,Brown Short Top Tail
Hair,S30920,8,30928,MISSING NAME
Hair,S30920,9,30929,MISSING NAME
Hair,S30930,0,30930,Black Boy Band Cut
Hair,S30930,1,30931,Red Boy Band Cut
Hair,S30930,2,30932,Orange Boy Band Cut
Hair,S30930,3,30933,Blond Boy Band Cut
Hair,S30930,4,30934,Green Boy Band Cut
Hair,S30930,5,30935,Blue Boy Band Cut
Hair,S30930,6,30936,Purple Boy Band Cut
Hair,S30930,7,30937,Brown Boy Band Cut
Hair,S30940,0,30940,Black Hip Hop Cut
Hair,S30940,1,30941,Red Hip Hop Cut
Hair,S30940,2,30942,Orange Hip Hop Cut
Hair,S30940,3,30943,Blond Hip Hop Cut
Hair,S30940,4,30944,Green Hip Hop Cut
Hair,S30940,5,30945,Blue Hip Hop Cut
Hair,S30940,6,30946,Purple Hip Hop Cut
Hair,S30940,7,30947,Brown Hip Hop Cut
Hair,S30950,0,30950,Black Volume Cut
Hair,S30950,1,30951,Red Volume Cut
Hair,S30950,2,30952,Orange Volume Cut
Hair,S30950,3,30953,Blond Volume Cut
Hair,S30950,4,30954,Green Volume Cut
Hair,S30950,5,30955,Blue Volume Cut
Hair,S30950,6,30956,Purple Volume Cut
Hair,S30950,7,30957,Brown Volume Cut
Hair,S30990,0,30990,Black Tentacle Hair
Hair,S30990,1,30991,Red Tentacle Hair
Hair,S30990,2,30992,Orange Tentacle Hair
Hair,S30990,3,30993,Blond Tentacle Hair
Hair,S30990,4,30994,Green Tentacle Hair
Hair,S30990,5,30995,Blue Tentacle Hair
Hair,S30990,6,30996,Purple Tentacle Hair
Hair,S30990,7,30997,Brown Tentacle Hair
Hair,S31000,0,31000,Black Sammy
Hair,S31000,1,31001,Red Sammy
Hair,S31000,2,31002,Orange Sammy
Hair,S31000,3,31003,Blonde Sammy
Hair,S31000,4,31004,Green Sammy
Hair,S31000,5,31005,Blue Sammy
Hair,S31000,6,31006,Purple Sammy
Hair,S31000,7,31007,Brown Sammy
Hair,S31010,0,31010,Black Veronica
Hair,S31010,1,31011,Red Veronica
Hair,S31010,2,31012,Orange Veronica
Hair,S31010,3,31013,Blonde Veronica
Hair,S31010,4,31014,Green Veronica
Hair,S31010,5,31015,Blue Veronica
Hair,S31010,6,31016,Purple Veronica
Hair,S31010,7,31017,Brown Veronica
Hair,S31020,0,31020,Black Francesca
Hair,S31020,1,31021,Red Francesca
Hair,S31020,2,31022,Orange Francesca
Hair,S31020,3,31023,Blonde Francesca
Hair,S31020,4,31024,Green Francesca
Hair,S31020,5,31025,Blue Francesca
Hair,S31020,6,31026,Purple Francesca
Hair,S31020,7,31027,Brown Francesca
Hair,S31030,0,31030,Black Polly
Hair,S31030,1,31031,Red Polly
Hair,S31030,2,31032,Orange Polly
Hair,S31030,3,31033,Blonde Polly
Hair,S31030,4,31034,Green Polly
Hair,S31030,5,31035,Blue Polly
Hair,S31030,6,31036,Purple Polly
Hair,S31030,7,31037,Brown Polly
Hair,S31040,0,31040,Black Edgy
Hair,S31040,1,31041,Red Edgy
Hair,S31040,2,31042,Orange Edgy
Hair,S31040,3,31043,Blonde Edgy
Hair,S31040,4,31044,Green Edgy
Hair,S31040,5,31045,Blue Edgy
Hair,S31040,6,31046,Purple Edgy
Hair,S31040,7,31047,Brown Edgy
Hair,S31050,0,31050,Black Connie
Hair,S31050,1,31051,Red Connie
Hair,S31050,2,31052,Orange Connie
Hair,S31050,3,31053,Blonde Connie
Hair,S31050,4,31054,Green Connie
Hair,S31050,5,31055,Blue Connie
Hair,S31050,6,31056,Purple Connie
Hair,S31050,7,31057,Brown Connie
Hair,S31060,0,31060,Black Annie
Hair,S31060,1,31061,Red Annie
Hair,S31060,2,31062,Orange Annie
Hair,S31060,3,31063,Blonde Annie
Hair,S31060,4,31064,Green Annie
Hair,S31060,5,31065,Blue Annie
Hair,S31060,6,31066,Purple Annie
Hair,S31060,7,31067,Brown Annie
Hair,S31070,0,31070,Black Stella
Hair,S31070,1,31071,Red Stella
Hair,S31070,2,31072,Orange Stella
Hair,S31070,3,31073,Blonde Stella
Hair,S31070,4,31074,Green Stella
Hair,S31070,5,31075,Blue Stella
Hair,S31070,6,31076,Purple Stella
Hair,S31070,7,31077,Brown Stella
Hair,S31080,0,31080,Black Rainbow
Hair,S31080,1,31081,Red Rainbow
Hair,S31080,2,31082,Orange Rainbow
Hair,S31080,3,31083,Blonde Rainbow
Hair,S31080,4,31084,Green Rainbow
Hair,S31080,5,31085,Blue Rainbow
Hair,S31080,6,31086,Purple Rainbow
Hair,S31080,7,31087,Brown Rainbow
Hair,S31090,0,31090,Black Bridget
Hair,S31090,1,31091,Red Bridget
Hair,S31090,2,31092,Orange Bridget
Hair,S31090,3,31093,Blonde Bridget
Hair,S31090,4,31094,Green Bridget
Hair,S31090,5,31095,Blue Bridget
Hair,S31090,6,31096,Purple Bridget
Hair,S31090,7,31097,Brown Bridget
Hair,S31100,0,31100,Black Mary
Hair,S31100,1,31101,Red Mary
Hair,S31100,2,31102,Orange Mary
Hair,S31100,3,31103,Blonde Mary
Hair,S31100,4,31104,Green Mary
Hair,S31100,5,31105,Blue Mary
Hair,S31100,6,31106,Purple Mary
Hair,S31100,7,31107,Brown Mary
Hair,S31110,0,31110,Black Monica
Hair,S31110,1,31111,Red Monica
Hair,S31110,2,31112,Orange Monica
Hair,S31110,3,31113,Blonde Monica
Hair,S31110,4,31114,Green Monica
Hair,S31110,5,31115,Blue Monica
Hair,S31110,6,31116,Purple Monica
Hair,S31110,7,31117,Brown Monica
Hair,S31120,0,31120,Black Miru
Hair,S31120,1,31121,Red Miru
Hair,S31120,2,31122,Orange Miru
Hair,S31120,3,31123,Blonde Miru
Hair,S31120,4,31124,Green Miru
Hair,S31120,5,31125,Blue Miru
Hair,S31120,6,31126,Purple Miru
Hair,S31120,7,31127,Brown Miru
Hair,S31130,0,31130,Black Jolie
Hair,S31130,1,31131,Red Jolie
Hair,S31130,2,31132,Orange Jolie
Hair,S31130,3,31133,Blonde Jolie
Hair,S31130,4,31134,Green Jolie
Hair,S31130,5,31135,Blue Jolie
Hair,S31130,6,31136,Purple Jolie
Hair,S31130,7,31137,Brown Jolie
Hair,S31140,0,31140,Black Pei Pei
Hair,S31140,1,31141,Red Pei Pei
Hair,S31140,2,31142,Orange Pei Pei
Hair,S31140,3,31143,Blonde Pei Pei
Hair,S31140,4,31144,Green Pei Pei
Hair,S31140,5,31145,Blue Pei Pei
Hair,S31140,6,31146,Purple Pei Pei
Hair,S31140,7,31147,Brown Pei Pei
Hair,S31150,0,31150,Black Angelica
Hair,S31150,1,31151,Red Angelica
Hair,S31150,2,31152,Orange Angelica
Hair,S31150,3,31153,Blonde Angelica
Hair,S31150,4,31154,Green Angelica
Hair,S31150,5,31155,Blue Angelica
Hair,S31150,6,31156,Purple Angelica
Hair,S31150,7,31157,Brown Angelica
Hair,S31160,0,31160,Black Lori
Hair,S31160,1,31161,Red Lori
Hair,S31160,2,31162,Orange Lori
Hair,S31160,3,31163,Blonde Lori
Hair,S31160,4,31164,Green Lori
Hair,S31160,5,31165,Blue Lori
Hair,S31160,6,31166,Purple Lori
Hair,S31160,7,31167,Brown Lori
Hair,S31170,0,31170,Black Rastafari
Hair,S31170,1,31171,Red Rastafari
Hair,S31170,2,31172,Orange Rastafari
Hair,S31170,3,31173,Blonde Rastafari
Hair,S31170,4,31174,Green Rastafari
Hair,S31170,5,31175,Blue Rastafari
Hair,S31170,6,31176,Purple Rastafari
Hair,S31170,7,31177,Brown Rastafari
Hair,S31180,0,31180,Black Cutey Doll
Hair,S31180,1,31181,Red Cutey Doll
Hair,S31180,2,31182,Orange Cutey Doll
Hair,S31180,3,31183,Blonde Cutey Doll
Hair,S31180,4,31184,Green Cutey Doll
Hair,S31180,5,31185,Blue Cutey Doll
Hair,S31180,6,31186,Purple Cutey Doll
Hair,S31180,7,31187,Brown Cutey Doll
Hair,S31190,0,31190,Black Celeb
Hair,S31190,1,31191,Red Celeb
Hair,S31190,2,31192,Orange Celeb
Hair,S31190,3,31193,Blonde Celeb
Hair,S31190,4,31194,Green Celeb
Hair,S31190,5,31195,Blue Celeb
Hair,S31190,6,31196,Purple Celeb
Hair,S31190,7,31197,Brown Celeb
Hair,S31200,0,31200,Black Holla' Back Do
Hair,S31200,1,31201,Red Holla' Back Do
Hair,S31200,2,31202,Orange Holla' Back Do
Hair,S31200,3,31203,Blonde Holla' Back Do
Hair,S31200,4,31204,Green Holla' Back Do
Hair,S31200,5,31205,Blue Holla' Back Do
Hair,S31200,6,31206,Purple Holla' Back Do
Hair,S31200,7,31207,Brown Holla' Back Do
Hair,S31210,0,31210,Black Perfect Stranger
Hair,S31210,1,31211,Red Perfect Stranger
Hair,S31210,2,31212,Orange Perfect Stranger
Hair,S31210,3,31213,Blonde Perfect Stranger
Hair,S31210,4,31214,Green Perfect Stranger
Hair,S31210,5,31215,Blue Perfect Stranger
Hair,S31210,6,31216,Purple Perfect Stranger
Hair,S31210,7,31217,Brown Perfect Stranger
Hair,S31220,0,31220,Black Caspia
Hair,S31220,1,31221,Red Caspia
Hair,S31220,2,31222,Orange Caspia
Hair,S31220,3,31223,Blonde Caspia
Hair,S31220,4,31224,Green Caspia
Hair,S31220,5,31225,Blue Caspia
Hair,S31220,6,31226,Purple Caspia
Hair,S31220,7,31227,Brown Caspia
Hair,S31230,0,31230,Black Rose
Hair,S31230,1,31231,Red Rose
Hair,S31230,2,31232,Orange Rose
Hair,S31230,3,31233,Blonde Rose
Hair,S31230,4,31234,Green Rose
Hair,S31230,5,31235,Blue Rose
Hair,S31230,6,31236,Purple Rose
Hair,S31230,7,31237,Brown Rose
Hair,S31240,0,31240,Black Disheveled
Hair,S31240,1,31241,Red Disheveled
Hair,S31240,2,31242,Orange Disheveled
Hair,S31240,3,31243,Blonde Disheveled
Hair,S31240,4,31244,Green Disheveled
Hair,S31240,5,31245,Blue Disheveled
Hair,S31240,6,31246,Purple Disheveled
Hair,S31240,7,31247,Brown Disheveled
Hair,S31250,0,31250,Black Bowlcut
Hair,S31250,1,31251,Red Bowlcut
Hair,S31250,2,31252,Orange Bowlcut
Hair,S31250,3,31253,Blonde Bowlcut
Hair,S31250,4,31254,Green Bowlcut
Hair,S31250,5,31255,Blue Bowlcut
Hair,S31250,6,31256,Purple Bowlcut
Hair,S31250,7,31257,Brown Bowlcut
Hair,S31260,0,31260,Black Daisy Do
Hair,S31260,1,31261,Red Daisy Do
Hair,S31260,2,31262,Orange Daisy Do
Hair,S31260,3,31263,Blonde Daisy Do
Hair,S31260,4,31264,Green Daisy Do
Hair,S31260,5,31265,Blue Daisy Do
Hair,S31260,6,31266,Purple Daisy Do
Hair,S31260,7,31267,Brown Daisy Do
Hair,S31270,0,31270,Black Pigtails
Hair,S31270,1,31271,Red Pigtails
Hair,S31270,2,31272,Orange Pigtails
Hair,S31270,3,31273,Blonde Pigtails
Hair,S31270,4,31274,Green Pigtails
Hair,S31270,5,31275,Blue Pigtails
Hair,S31270,6,31276,Purple Pigtails
Hair,S31270,7,31277,Brown Pigtails
Hair,S31280,0,31280,Black Ellie
Hair,S31280,1,31281,Red Ellie
Hair,S31280,2,31282,Orange Ellie
Hair,S31280,3,31283,Blonde Ellie
Hair,S31280,4,31284,Green Ellie
Hair,S31280,5,31285,Blue Ellie
Hair,S31280,6,31286,Purple Ellie
Hair,S31280,7,31287,Brown Ellie
Hair,S31290,0,31290,Black Naomi
Hair,S31290,1,31291,Red Naomi
Hair,S31290,2,31292,Orange Naomi
Hair,S31290,3,31293,Blonde Naomi
Hair,S31290,4,31294,Green Naomi
Hair,S31290,5,31295,Blue Naomi
Hair,S31290,6,31296,Purple Naomi
Hair,S31290,7,31297,Brown Naomi
Hair,S31300,0,31300,Black Chantelle
Hair,S31300,1,31301,Red Chantelle
Hair,S31300,2,31302,Orange Chantelle
Hair,S31300,3,31303,Blonde Chantelle
Hair,S31300,4,31304,Green Chantelle
Hair,S31300,5,31305,Blue Chantelle
Hair,S31300,6,31306,Purple Chantelle
Hair,S31300,7,31307,Brown Chantelle
Hair,S31310,0,31310,Black Carla
Hair,S31310,1,31311,Red Carla
Hair,S31310,2,31312,Orange Carla
Hair,S31310,3,31313,Blonde Carla
Hair,S31310,4,31314,Green Carla
Hair,S31310,5,31315,Blue Carla
Hair,S31310,6,31316,Purple Carla
Hair,S31310,7,31317,Brown Carla
Hair,S31320,0,31320,Black Roxy
Hair,S31320,1,31321,Red Roxy
Hair,S31320,2,31322,Orange Roxy
Hair,S31320,3,31323,Blonde Roxy
Hair,S31320,4,31324,Green Roxy
Hair,S31320,5,31325,Blue Roxy
Hair,S31320,6,31326,Purple Roxy
Hair,S31320,7,31327,Brown Roxy
Hair,S31330,0,31330,Black Penelope
Hair,S31330,1,31331,Red Penelope
Hair,S31330,2,31332,Orange Penelope
Hair,S31330,3,31333,Blonde Penelope
Hair,S31330,4,31334,Green Penelope
Hair,S31330,5,31335,Blue Penelope
Hair,S31330,6,31336,Purple Penelope
Hair,S31330,7,31337,Brown Penelope
Hair,S31340,0,31340,Black Rae
Hair,S31340,1,31341,Red Rae
Hair,S31340,2,31342,Orange Rae
Hair,S31340,3,31343,Blonde Rae
Hair,S31340,4,31344,Green Rae
Hair,S31340,5,31345,Blue Rae
Hair,S31340,6,31346,Purple Rae
Hair,S31340,7,31347,Brown Rae
Hair,S31350,0,31350,Black Fourtail Braids
Hair,S31350,1,31351,Red Fourtail Braids
Hair,S31350,2,31352,Orange Fourtail Braids
Hair,S31350,3,31353,Blonde Fourtail Braids
Hair,S31350,4,31354,Green Fourtail Braids
Hair,S31350,5,31355,Blue Fourtail Braids
Hair,S31350,6,31356,purple Fourtail Braids
Hair,S31350,7,31357,Brown Fourtail Braids
Hair,S31400,0,31400,Black Boyish
Hair,S31400,1,31401,Red Boyish
Hair,S31400,2,31402,Orange Boyish
Hair,S31400,3,31403,Blonde Boyish
Hair,S31400,4,31404,Green Boyish
Hair,S31400,5,31405,Blue Boyish
Hair,S31400,6,31406,Purple Boyish
Hair,S31400,7,31407,Brown Boyish
Hair,S31410,0,31410,Black Paula
Hair,S31410,1,31411,Red Paula
Hair,S31410,2,31412,Orange Paula
Hair,S31410,3,31413,Blonde Paula
Hair,S31410,4,31414,Green Paula
Hair,S31410,5,31415,Blue Paula
Hair,S31410,6,31416,Purple Paula
Hair,S31410,7,31417,Brown Paula
Hair,S31420,0,31420,Black Lana
Hair,S31420,1,31421,Red Lana
Hair,S31420,2,31422,Orange Lana
Hair,S31420,3,31423,Blonde Lana
Hair,S31420,4,31424,Green Lana
Hair,S31420,5,31425,Blue Lana
Hair,S31420,6,31426,Purple Lana
Hair,S31420,7,31427,Brown Lana
Hair,S31430,0,31430,Skin Head
Hair,S31430,1,31431,Skin Head
Hair,S31430,2,31432,Skin Head
Hair,S31430,3,31433,Skin Head
Hair,S31430,4,31434,Skin Head
Hair,S31430,5,31435,Skin Head
Hair,S31430,6,31436,Skin Head
Hair,S31430,7,31437,Skin Head
Hair,S31440,0,31440,Black Ravishing Raven
Hair,S31440,1,31441,Red Ravishing Raven
Hair,S31440,2,31442,Orange Ravishing Raven
Hair,S31440,3,31443,Blonde Ravishing Raven
Hair,S31440,4,31444,Green Ravishing Raven
Hair,S31440,5,31445,Blue Ravishing Raven
Hair,S31440,6,31446,Purple Ravishing Raven
Hair,S31440,7,31447,Brown Ravishing Raven
Hair,S31450,0,31450,Black Fluffy Dolly
Hair,S31450,1,31451,Red Fluffy Dolly
Hair,S31450,2,31452,Orange Fluffy Dolly
Hair,S31450,3,31453,Blonde Fluffy Dolly
Hair,S31450,4,31454,Green Fluffy Dolly
Hair,S31450,5,31455,Blue Fluffy Dolly
Hair,S31450,6,31456,Purple Fluffy Dolly
Hair,S31450,7,31457,Brown Fluffy Dolly
Hair,S31460,0,31460,Black Lady Mariko
Hair,S31460,1,31461,Red Lady Mariko
Hair,S31460,2,31462,Orange Lady Mariko
Hair,S31460,3,31463,Blonde Lady Mariko
Hair,S31460,4,31464,Green Lady Mariko
Hair,S31460,5,31465,Blue Lady Mariko
Hair,S31460,6,31466,Purple Lady Mariko
Hair,S31460,7,31467,Brown Lady Mariko
Hair,S31470,0,31470,Black Ming Ming
Hair,S31470,1,31471,Red Ming Ming
Hair,S31470,2,31472,Orange Ming Ming
Hair,S31470,3,31473,Blonde Ming Ming
Hair,S31470,4,31474,Green Ming Ming
Hair,S31470,5,31475,Blue Ming Ming
Hair,S31470,6,31476,Purple Ming Ming
Hair,S31470,7,31477,Brown Ming Ming
Hair,S31480,0,31480,Black Classy Sass
Hair,S31480,1,31481,Red Classy Sass
Hair,S31480,2,31482,Orange Classy Sass
Hair,S31480,3,31483,Blonde Classy Sass
Hair,S31480,4,31484,Green Classy Sass
Hair,S31480,5,31485,Blue Classy Sass
Hair,S31480,6,31486,Purple Classy Sass
Hair,S31480,7,31487,Brown Classy Sass
Hair,S31490,0,31490,Black Cecelia Twist
Hair,S31490,1,31491,Red Cecelia Twist
Hair,S31490,2,31492,Orange Cecelia Twist
Hair,S31490,3,31493,Blonde Cecelia Twist
Hair,S31490,4,31494,Green Cecelia Twist
Hair,S31490,5,31495,Blue Cecelia Twist
Hair,S31490,6,31496,Purple Cecelia Twist
Hair,S31490,7,31497,Brown Cecelia Twist
Hair,S31510,0,31510,Black Minnie
Hair,S31510,1,31511,Red Minnie
Hair,S31510,2,31512,Orange Minnie
Hair,S31510,3,31513,Blonde Minnie
Hair,S31510,4,31514,Green Minnie
Hair,S31510,5,31515,Blue Minnie
Hair,S31510,6,31516,Purple Minnie
Hair,S31510,7,31517,Brown Minnie
Hair,S31520,0,31520,Black Curly Stream
Hair,S31520,1,31521,Red Curly Stream
Hair,S31520,2,31522,Orange Curly Stream
Hair,S31520,3,31523,Blonde Curly Stream
Hair,S31520,4,31524,Green Curly Stream
Hair,S31520,5,31525,Blue Curly Stream
Hair,S31520,6,31526,Purple Curly Stream
Hair,S31520,7,31527,Brown Curly Stream
Hair,S31530,0,31530,Black Zessica
Hair,S31530,1,31531,Red Zessica
Hair,S31530,2,31532,Orange Zessica
Hair,S31530,3,31533,Blonde Zessica
Hair,S31530,4,31534,Green Zessica
Hair,S31530,5,31535,Blue Zessica
Hair,S31530,6,31536,Purple Zessica
Hair,S31530,7,31537,Brown Zessica
Hair,S31540,0,31540,Black Jean
Hair,S31540,1,31541,Red Jean
Hair,S31540,2,31542,Orange Jean
Hair,S31540,3,31543,Blonde Jean
Hair,S31540,4,31544,Green Jean
Hair,S31540,5,31545,Blue Jean
Hair,S31540,6,31546,Purple Jean
Hair,S31540,7,31547,Brown Jean
Hair,S31550,0,31550,Black Candy Heart
Hair,S31550,1,31551,Red Candy Heart
Hair,S31550,2,31552,Orange Candy Heart
Hair,S31550,3,31553,Blonde Candy Heart
Hair,S31550,4,31554,Green Candy Heart
Hair,S31550,5,31555,Blue Candy Heart
Hair,S31550,6,31556,Purple Candy Heart
Hair,S31550,7,31557,Brown Candy Heart
Hair,S31560,0,31560,Black Sunflower Power
Hair,S31560,1,31561,Red Sunflower Power
Hair,S31560,2,31562,Orange Sunflower Power
Hair,S31560,3,31563,Blonde Sunflower Power
Hair,S31560,4,31564,Green Sunflower Power
Hair,S31560,5,31565,Blue Sunflower Power
Hair,S31560,6,31566,Purple Sunflower Power
Hair,S31560,7,31567,Brown Sunflower Power
Hair,S31570,0,31570,Black Maiden's Weave
Hair,S31570,1,31571,Red Maiden's Weave
Hair,S31570,2,31572,Orange Maiden's Weave
Hair,S31570,3,31573,Blonde Maiden's Weave
Hair,S31570,4,31574,Green Maiden's Weave
Hair,S31570,5,31575,Blue Maiden's Weave
Hair,S31570,6,31576,Purple Maiden's Weave
Hair,S31570,7,31577,Brown Maiden's Weave
Hair,S31580,0,31580,Black Victorian Wrap
Hair,S31580,1,31581,Red Victorian Wrap
Hair,S31580,2,31582,Orange Victorian Wrap
Hair,S31580,3,31583,Blonde Victorian Wrap
Hair,S31580,4,31584,Green Victorian Wrap
Hair,S31580,5,31585,Blue Victorian Wrap
Hair,S31580,6,31586,Purple Victorian Wrap
Hair,S31580,7,31587,Brown Victorian Wrap
Hair,S31590,0,31590,Black Ballroom Classic
Hair,S31590,1,31591,Red Ballroom Classic
Hair,S31590,2,31592,Orange Ballroom Classic
Hair,S31590,3,31593,Blonde Ballroom Classic
Hair,S31590,4,31594,Green Ballroom Classic
Hair,S31590,5,31595,Blue Ballroom Classic
Hair,S31590,6,31596,Purple Ballroom Classic
Hair,S31590,7,31597,Brown Ballroom Classic
Hair,S31600,0,31600,Black Tall Bun
Hair,S31600,1,31601,Red Tall Bun
Hair,S31600,2,31602,Orange Tall Bun
Hair,S31600,3,31603,Blonde Tall Bun
Hair,S31600,4,31604,Green Tall Bun
Hair,S31600,5,31605,Blue Tall Bun
Hair,S31600,6,31606,Purple Tall Bun
Hair,S31600,7,31607,Brown Tall Bun
Hair,S31610,0,31610,Black Darling Diva
Hair,S31610,1,31611,Red Darling Diva
Hair,S31610,2,31612,Orange Darling Diva
Hair,S31610,3,31613,Blonde Darling Diva
Hair,S31610,4,31614,Green Darling Diva
Hair,S31610,5,31615,Blue Darling Diva
Hair,S31610,6,31616,Purple Darling Diva
Hair,S31610,7,31617,Brown Darling Diva
Hair,S31620,0,31620,Black Desert Flower
Hair,S31620,1,31621,Red Desert Flower
Hair,S31620,2,31622,Orange Desert Flower
Hair,S31620,3,31623,Blonde Desert Flower
Hair,S31620,4,31624,Green Desert Flower
Hair,S31620,5,31625,Blue Desert Flower
Hair,S31620,6,31626,Purple Desert Flower
Hair,S31620,7,31627,Brown Desert Flower
Hair,S31630,0,31630,Black The Honeybun
Hair,S31630,1,31631,Red The Honeybun
Hair,S31630,2,31632,Orange The Honeybun
Hair,S31630,3,31633,Blonde The Honeybun
Hair,S31630,4,31634,Green The Honeybun
Hair,S31630,5,31635,Blue The Honeybun
Hair,S31630,6,31636,Purple The Honeybun
Hair,S31630,7,31637,Brown The Honeybun
Hair,S31640,0,31640,Black Sonara Wave
Hair,S31640,1,31641,Red Sonara Wave
Hair,S31640,2,31642,Orange Sonara Wave
Hair,S31640,3,31643,Blonde Sonara Wave
Hair,S31640,4,31644,Green Sonara Wave
Hair,S31640,5,31645,Blue Sonara Wave
Hair,S31640,6,31646,Purple Sonara Wave
Hair,S31640,7,31647,Brown Sonara Wave
Hair,S31650,0,31650,Black Dashing Damsel
Hair,S31650,1,31651,Red Dashing Damsel
Hair,S31650,2,31652,Orange Dashing Damsel
Hair,S31650,3,31653,Blonde Dashing Damsel
Hair,S31650,4,31654,Green Dashing Damsel
Hair,S31650,5,31655,Blue Dashing Damsel
Hair,S31650,6,31656,Purple Dashing Damsel
Hair,S31650,7,31657,Brown Dashing Damsel
Hair,S31660,0,31660,Black Tighty Bun
Hair,S31660,1,31661,Red Tighty Bun
Hair,S31660,2,31662,Orange Tighty Bun
Hair,S31660,3,31663,Blonde Tighty Bun
Hair,S31660,4,31664,Green Tighty Bun
Hair,S31660,5,31665,Blue Tighty Bun
Hair,S31660,6,31666,Purple Tighty Bun
Hair,S31660,7,31667,Brown Tighty Bun
Hair,S31670,0,31670,Black Grandma ma' 
Hair,S31670,1,31671,Red Grandma ma' 
Hair,S31670,2,31672,Orange Grandma ma' 
Hair,S31670,3,31673,Blonde Grandma ma' 
Hair,S31670,4,31674,Green Grandma ma' 
Hair,S31670,5,31675,Blue Grandma ma' 
Hair,S31670,6,31676,Purple Grandma ma' 
Hair,S31670,7,31677,Brown Grandma ma' 
Hair,S31680,0,31680,Black Lovely Ladyhawk
Hair,S31680,1,31681,Red Lovely Ladyhawk
Hair,S31680,2,31682,Orange Lovely Ladyhawk
Hair,S31680,3,31683,Blonde Lovely Ladyhawk
Hair,S31680,4,31684,Green Lovely Ladyhawk
Hair,S31680,5,31685,Blue Lovely Ladyhawk
Hair,S31680,6,31686,Purple Lovely Ladyhawk
Hair,S31680,7,31687,Brown Lovely Ladyhawk
Hair,S31690,0,31690,Black Demolishing Diva
Hair,S31690,1,31691,Red Demolishing Diva
Hair,S31690,2,31692,Orange Demolishing Diva
Hair,S31690,3,31693,Blonde Demolishing Diva
Hair,S31690,4,31694,Green Demolishing Diva
Hair,S31690,5,31695,Blue Demolishing Diva
Hair,S31690,6,31696,Purple Demolishing Diva
Hair,S31690,7,31697,Brown Demolishing Diva
Hair,S31700,0,31700,Black Crazy Medusa
Hair,S31700,1,31701,Red Crazy Medusa
Hair,S31700,2,31702,Orange Crazy Medusa
Hair,S31700,3,31703,Blonde Crazy Medusa
Hair,S31700,4,31704,Green Crazy Medusa
Hair,S31700,5,31705,Blue Crazy Medusa
Hair,S31700,6,31706,Purple Crazy Medusa
Hair,S31700,7,31707,Brown Crazy Medusa
Hair,S31710,0,31710,Black Princess Warrior
Hair,S31710,1,31711,Red Princess Warrior
Hair,S31710,2,31712,Orange Princess Warrior
Hair,S31710,3,31713,Blonde Princess Warrior
Hair,S31710,4,31714,Green Princess Warrior
Hair,S31710,5,31715,Blue Princess Warrior
Hair,S31710,6,31716,Purple Princess Warrior
Hair,S31710,7,31717,Brown Princess Warrior
Hair,S31720,0,31720,Black Streaky Siren
Hair,S31720,1,31721,Red Streaky Siren
Hair,S31720,2,31722,Orange Streaky Siren
Hair,S31720,3,31723,Blonde Streaky Siren
Hair,S31720,4,31724,Green Streaky Siren
Hair,S31720,5,31725,Blue Streaky Siren
Hair,S31720,6,31726,Purple Streaky Siren
Hair,S31720,7,31727,Brown Streaky Siren
Hair,S31730,0,31730,Black Model's Ambition
Hair,S31730,1,31731,Red Model's Ambition
Hair,S31730,2,31732,Orange Model's Ambition
Hair,S31730,3,31733,Blonde Model's Ambition
Hair,S31730,4,31734,Green Model's Ambition
Hair,S31730,5,31735,Blue Model's Ambition
Hair,S31730,6,31736,Purple Model's Ambition
Hair,S31730,7,31737,Brown Model's Ambition
Hair,S31740,0,31740,Black Frizzle Dizzle
Hair,S31740,1,31741,Red Frizzle Dizzle
Hair,S31740,2,31742,Orange Frizzle Dizzle
Hair,S31740,3,31743,Blonde Frizzle Dizzle
Hair,S31740,4,31744,Green Frizzle Dizzle
Hair,S31740,5,31745,Blue Frizzle Dizzle
Hair,S31740,6,31746,Purple Frizzle Dizzle
Hair,S31740,7,31747,Brown Frizzle Dizzle
Hair,S31750,0,31750,Black Super Diva
Hair,S31750,1,31751,Red Super Diva
Hair,S31750,2,31752,Orange Super Diva
Hair,S31750,3,31753,Blonde Super Diva
Hair,S31750,4,31754,Green Super Diva
Hair,S31750,5,31755,Blue Super Diva
Hair,S31750,6,31756,Purple Super Diva
Hair,S31750,7,31757,Brown Super Diva
Hair,S31760,0,31760,Black Shaggy Dog
Hair,S31760,1,31761,Red Shaggy Dog
Hair,S31760,2,31762,Orange Shaggy Dog
Hair,S31760,3,31763,Blonde Shaggy Dog
Hair,S31760,4,31764,Green Shaggy Dog
Hair,S31760,5,31765,Blue Shaggy Dog
Hair,S31760,6,31766,Purple Shaggy Dog
Hair,S31760,7,31767,Brown Shaggy Dog
Hair,S31770,0,31770,Black Short Shaggy Hair
Hair,S31770,1,31771,Red Short Shaggy Hair
Hair,S31770,2,31772,Orange Short Shaggy Hair
Hair,S31770,3,31773,Blonde Short Shaggy Hair
Hair,S31770,4,31774,Green Short Shaggy Hair
Hair,S31770,5,31775,Blue Short Shaggy Hair
Hair,S31770,6,31776,Brown Short Shaggy Hair
Hair,S31770,7,31777,Purple Short Shaggy Hair
Hair,S31780,0,31780,검은색 바람소녀 머리
Hair,S31780,1,31781,빨간색 바람소녀 머리
Hair,S31780,2,31782,주황색 바람소녀 머리
Hair,S31780,3,31783,노란색 바람소녀 머리
Hair,S31780,4,31784,초록색 바람소녀 머리
Hair,S31780,5,31785,파란색 바람소녀 머리
Hair,S31780,6,31786,보라색 바람소녀 머리
Hair,S31780,7,31787,갈색 바람소녀 머리
Hair,S31790,0,31790,Black Princessa
Hair,S31790,1,31791,Red Princessa
Hair,S31790,2,31792,Orange Princessa
Hair,S31790,3,31793,Blonde Princessa
Hair,S31790,4,31794,Green Princessa
Hair,S31790,5,31795,Blue Princessa
Hair,S31790,6,31796,Purple Princessa
Hair,S31790,7,31797,Brown Princessa
Hair,S31800,0,31800,Black Onna's Honor
Hair,S31800,1,31801,Red Onna's Honor
Hair,S31800,2,31802,Orange Onna's Honor
Hair,S31800,3,31803,Blonde Onna's Honor
Hair,S31800,4,31804,Green Onna's Honor
Hair,S31800,5,31805,Blue Onna's Honor
Hair,S31800,6,31806,Purple Onna's Honor
Hair,S31800,7,31807,Brown Onna's Honor
Hair,S31810,0,31810,Black Apple Hair
Hair,S31810,1,31811,Red Apple Hair
Hair,S31810,2,31812,Orange Apple Hair
Hair,S31810,3,31813,Blonde Apple Hair
Hair,S31810,4,31814,Green Apple Hair
Hair,S31810,5,31815,Blue Apple Hair
Hair,S31810,6,31816,Purple Apple Hair
Hair,S31810,7,31817,Brown Apple Hair
Hair,S31820,0,31820,Black Grace
Hair,S31820,1,31821,Red Grace
Hair,S31820,2,31822,Orange Grace
Hair,S31820,3,31823,Blond Grace
Hair,S31820,4,31824,Green Grace
Hair,S31820,5,31825,Blue Grace
Hair,S31820,6,31826,Purple Grace
Hair,S31820,7,31827,Brown Grace
Hair,S31830,0,31830,Black Eye-skimming Bang
Hair,S31830,1,31831,Red Eye-skimming Bang
Hair,S31830,2,31832,Orange Eye-skimming Bang
Hair,S31830,3,31833,Blonde Eye-skimming Bang
Hair,S31830,4,31834,Green Eye-skimming Bang
Hair,S31830,5,31835,Blue Eye-skimming Bang
Hair,S31830,6,31836,Purple Eye-skimming Bang
Hair,S31830,7,31837,Brown Eye-skimming Bang
Hair,S31840,0,31840,Black Female Runway Hair
Hair,S31840,1,31841,Red Female Runway Hair
Hair,S31840,2,31842,Orange Female Runway Hair
Hair,S31840,3,31843,Blonde Female Runway Hair
Hair,S31840,4,31844,Green Female Runway Hair
Hair,S31840,5,31845,Blue Female Runway Hair
Hair,S31840,6,31846,Purple Female Runway Hair
Hair,S31840,7,31847,Brown Female Runway Hair
Hair,S31850,0,31850,Black Dambi
Hair,S31850,1,31851,Red Dambi
Hair,S31850,2,31852,Orange Dambi
Hair,S31850,3,31853,Blonde Dambi
Hair,S31850,4,31854,Green Dambi
Hair,S31850,5,31855,Blue Dambi
Hair,S31850,6,31856,Purple Dambi
Hair,S31850,7,31857,Brown Dambi
Hair,S31860,0,31860,Black Laguna Beach
Hair,S31860,1,31861,Red Laguna Beach
Hair,S31860,2,31862,Orange Laguna Beach
Hair,S31860,3,31863,Yellow Laguna Beach
Hair,S31860,4,31864,Green Laguna Beach
Hair,S31860,5,31865,Blue Laguna Beach
Hair,S31860,6,31866,Purple Laguna Beach
Hair,S31860,7,31867,Brown Laguna Beach
Hair,S31870,0,31870,Black Ayu
Hair,S31870,1,31871,Red Ayu
Hair,S31870,2,31872,Orange Ayu
Hair,S31870,3,31873,Yellow Ayu
Hair,S31870,4,31874,Green Ayu
Hair,S31870,5,31875,Blue Ayu
Hair,S31870,6,31876,Purple Ayu
Hair,S31870,7,31877,Brown Ayu
Hair,S31880,0,31880,Black Gardener
Hair,S31880,1,31881,Red Gardener
Hair,S31880,2,31882,Orange Gardener
Hair,S31880,3,31883,Blond Gardener
Hair,S31880,4,31884,Green Gardener
Hair,S31880,5,31885,Blue Gardener
Hair,S31880,6,31886,Purple Gardener
Hair,S31880,7,31887,Brown Gardener
Hair,S31890,0,31890,Black Short Twin Tails
Hair,S31890,1,31891,Red Short Twin Tails
Hair,S31890,2,31892,Orange Short Twin Tails
Hair,S31890,3,31893,Blond Short Twin Tails
Hair,S31890,4,31894,Green Short Twin Tails
Hair,S31890,5,31895,Blue Short Twin Tails
Hair,S31890,6,31896,Purple Short Twin Tails
Hair,S31890,7,31897,Brown Short Twin Tails
Hair,S31910,0,31910,Black Housewife
Hair,S31910,1,31911,Red Housewife
Hair,S31910,2,31912,Orange Housewife
Hair,S31910,3,31913,Blond Housewife
Hair,S31910,4,31914,Green Housewife
Hair,S31910,5,31915,Blue Housewife
Hair,S31910,6,31916,Purple Housewife
Hair,S31910,7,31917,Brown Housewife
Hair,S31920,0,31920,Black CL Hair  
Hair,S31920,1,31921,Red CL Hair 
Hair,S31920,2,31922,Orange CL Hair
Hair,S31920,3,31923,Yellow CL Hair  
Hair,S31920,4,31924,Green CL Hair  
Hair,S31920,5,31925,Blue CL Hair  
Hair,S31920,6,31926,Purple CL Hair  
Hair,S31920,7,31927,Brown CL Hair  
Hair,S31930,0,31930,Black Bowl Cut
Hair,S31930,1,31931,Red Bowl Cut
Hair,S31930,2,31932,Orange Bowl Cut
Hair,S31930,3,31933,Blond Bowl Cut
Hair,S31930,4,31934,Green Bowl Cut
Hair,S31930,5,31935,Blue Bowl Cut
Hair,S31930,6,31936,Purple Bowl Cut
Hair,S31930,7,31937,Brown Bowl Cut
Hair,S31940,0,31940,Black Spunky Do
Hair,S31940,1,31941,Red Spunky Do
Hair,S31940,2,31942,Orange Spunky Do
Hair,S31940,3,31943,Blond Spunky Do
Hair,S31940,4,31944,Green Spunky Do
Hair,S31940,5,31945,Blue Spunky Do
Hair,S31940,6,31946,Purple Spunky Do
Hair,S31940,7,31947,Brown Spunky Do
Hair,S31950,0,31950,Black Vintage Flip
Hair,S31950,1,31951,Red Vintage Flip
Hair,S31950,2,31952,Orange Vintage Flip
Hair,S31950,3,31953,Blond Vintage Flip
Hair,S31950,4,31954,Green Vintage Flip
Hair,S31950,5,31955,Blue Vintage Flip
Hair,S31950,6,31956,Purple Vintage Flip
Hair,S31950,7,31957,Brown Vintage Flip
Hair,S33000,0,33000,Black Prince Cut
Hair,S33000,1,33001,Red Prince Cut
Hair,S33000,2,33002,Orange Prince Cut
Hair,S33000,3,33003,Blond Prince Cut
Hair,S33000,4,33004,Green Prince Cut
Hair,S33000,5,33005,Blue Prince Cut
Hair,S33000,6,33006,Purple Prince Cut
Hair,S33000,7,33007,Brown Prince Cut
Hair,S33040,0,33040,Black Aran Cut
Hair,S33040,1,33041,Red Aran Cut
Hair,S33040,2,33042,Orange Aran Cut
Hair,S33040,3,33043,Blond Aran Cut
Hair,S33040,4,33044,Green Aran Cut
Hair,S33040,5,33045,Blue Aran Cut
Hair,S33040,6,33046,Purple Aran Cut
Hair,S33040,7,33047,Brown Aran Cut
Hair,S33100,0,33100,Black The Coco
Hair,S33100,1,33101,Red The Coco
Hair,S33100,2,33102,Orange The Coco
Hair,S33100,3,33103,Blond The Coco
Hair,S33100,4,33104,Green The Coco
Hair,S33100,5,33105,Blue The Coco
Hair,S33100,6,33106,Purple The CoCo
Hair,S33100,7,33107,Brown The Coco
Hair,S34000,0,34000,Black Palm Tree Hair
Hair,S34000,1,34001,Red Palm Tree Hair
Hair,S34000,2,34002,Orange Palm Tree Hair
Hair,S34000,3,34003,Blond Palm Tree Hair
Hair,S34000,4,34004,Green Palm Tree Hair
Hair,S34000,5,34005,Blue Palm Tree Hair
Hair,S34000,6,34006,Purple Palm Tree Hair
Hair,S34000,7,34007,Brown Palm Tree Hair
Hair,S34010,0,34010,Black Rollered Hair
Hair,S34010,1,34011,Red Rollered Hair
Hair,S34010,2,34012,Orange Rollered Hair
Hair,S34010,3,34013,Blond Rollered Hair
Hair,S34010,4,34014,Green Rollered Hair
Hair,S34010,5,34015,Blue Rollered Hair
Hair,S34010,6,34016,Purple Rollered Hair
Hair,S34010,7,34017,Brown Rollered Hair
Hair,S34020,0,34020,Black School Girl Hair
Hair,S34020,1,34021,Red School Girl Hair
Hair,S34020,2,34022,Orange School Girl Hair
Hair,S34020,3,34023,Blond School Girl Hair
Hair,S34020,4,34024,Green School Girl Hair
Hair,S34020,5,34025,Blue School Girl Hair
Hair,S34020,6,34026,Purple School Girl Hair
Hair,S34020,7,34027,Brown School Girl Hair
Hair,S34030,0,34030,Black Designer Hair
Hair,S34030,1,34031,Red Designer Hair
Hair,S34030,2,34032,Orange Designer Hair
Hair,S34030,3,34033,Blond Designer Hair
Hair,S34030,4,34034,Green Designer Hair
Hair,S34030,5,34035,Blue Designer Hair
Hair,S34030,6,34036,Purple Designer Hair
Hair,S34030,7,34037,Brown Designer Hair
Hair,S34050,0,34050,Black Aran Hair
Hair,S34050,1,34051,Red Aran Hair
Hair,S34050,2,34052,Orange Aran Hair
Hair,S34050,3,34053,Blond Aran Hair
Hair,S34050,4,34054,Green Aran Hair
Hair,S34050,5,34055,Blue Aran Hair
Hair,S34050,6,34056,Purple Aran Hair
Hair,S34050,7,34057,Brown Aran Hair
Hair,S34110,0,34110,Black Full Bangs
Hair,S34110,1,34111,Red Full Bangs
Hair,S34110,2,34112,Orange Full Bangs
Hair,S34110,3,34113,Blond Full Bangs
Hair,S34110,4,34114,Green Full Bangs
Hair,S34110,5,34115,Blue Full Bangs
Hair,S34110,6,34116,Purple Full Bangs
Hair,S34110,7,34117,Brown Full Bangs
